vin,vehicle,vin_lookup_status,category,category_slug,assembly,assembly_title,source_url,illustration_url,illustration_file,status,sha256,bytes,part_count
2C3CDXGJ2HH530684,2017 Dodge Charger R/T Scat Pack 6.4L V8 Gas,accepted_by_moparamerica_search,front-seat-adjusters,interior-trim--front-seats-adjusters-recliners-shields-and-risers,1,Seat Bolt,https://www.moparamerica.com/v-2017-dodge-charger--r-t-scat-pack--6-4l-v8-gas/interior-trim--front-seats-adjusters-recliners-shields-and-risers?assembly=1,https://cdn-illustrations.revolutionparts.io/strapr1/196aeaf8e4b06d8f08b9f5482a557052/779f3373ee729415d93f9a015e8e7d9b.png,evidence/mopar/illustrations/2C3CDXGJ2HH530684/front-seat-adjusters__assembly-01.png,cached,770401fd0145125ea93a7856ad37254ffaa0c7921ea99e44aa8e6cfb3b9886fd,57972,44
2C3CDXGJ2HH530684,2017 Dodge Charger R/T Scat Pack 6.4L V8 Gas,accepted_by_moparamerica_search,front-seat-adjusters,interior-trim--front-seats-adjusters-recliners-shields-and-risers,2,Seat Back Blower,https://www.moparamerica.com/v-2017-dodge-charger--r-t-scat-pack--6-4l-v8-gas/interior-trim--front-seats-adjusters-recliners-shields-and-risers?assembly=2,https://cdn-illustrations.revolutionparts.io/strapr1/9b1f6a18703cf102fb03634c1b4a2bbe/0dfa434a3e2086a63d70e7e21f9206a3.png,evidence/mopar/illustrations/2C3CDXGJ2HH530684/front-seat-adjusters__assembly-02.png,cached,d59a9d20079d1c738e9336fb6b61d3aa883cf566e367eac4c4899ba1d03ec3f4,78330,30
2C3CDXGJ2HH530684,2017 Dodge Charger R/T Scat Pack 6.4L V8 Gas,accepted_by_moparamerica_search,front-seat-adjusters,interior-trim--front-seats-adjusters-recliners-shields-and-risers,3,Seat Bolt,https://www.moparamerica.com/v-2017-dodge-charger--r-t-scat-pack--6-4l-v8-gas/interior-trim--front-seats-adjusters-recliners-shields-and-risers?assembly=3,https://cdn-illustrations.revolutionparts.io/strapr1/5a126df6502cc8ac89ba43fcbd3f2cd6/4a34aa420b49daf2ac987afc71570549.png,evidence/mopar/illustrations/2C3CDXGJ2HH530684/front-seat-adjusters__assembly-03.png,cached,db07cd2b60382aa44332db42e3c791adea0f1eb00628256ba1a0242c576c1ee9,73830,32
2C3CDXGJ2HH530684,2017 Dodge Charger R/T Scat Pack 6.4L V8 Gas,accepted_by_moparamerica_search,rear-seats-second-row,interior-trim--rear-seats-second-row,1,Assist Strap,https://www.moparamerica.com/v-2017-dodge-charger--r-t-scat-pack--6-4l-v8-gas/interior-trim--rear-seats-second-row?assembly=1,https://cdn-illustrations.revolutionparts.io/strapr1/af935bcd8df8858882e441304360daa9/77a93ff5a4243f676ce01ed7f2898d9c.png,evidence/mopar/illustrations/2C3CDXGJ2HH530684/rear-seats-second-row__assembly-01.png,cached,0abd519d6262caca74f249940354edeaaf14c5e66bdef042edf98d6443f6e154,55867,121
2C3CDXGJ2HH530684,2017 Dodge Charger R/T Scat Pack 6.4L V8 Gas,accepted_by_moparamerica_search,rear-seats-second-row,interior-trim--rear-seats-second-row,2,Armrest Lid Hinge Pin,https://www.moparamerica.com/v-2017-dodge-charger--r-t-scat-pack--6-4l-v8-gas/interior-trim--rear-seats-second-row?assembly=2,https://cdn-illustrations.revolutionparts.io/strapr1/a65e46597c89a033d457d5e36f1b0ca4/c0aee9a481e6ee52a3e99fe38501396d.png,evidence/mopar/illustrations/2C3CDXGJ2HH530684/rear-seats-second-row__assembly-02.png,cached,d7d4ea90f8fae41ea596e147477dae1424f3f3e49fccf0d88a193f32482f8399,21248,0
2C3CDXGJ2HH530684,2017 Dodge Charger R/T Scat Pack 6.4L V8 Gas,accepted_by_moparamerica_search,rear-seats-second-row,interior-trim--rear-seats-second-row,3,Rear Seat Back Frame,https://www.moparamerica.com/v-2017-dodge-charger--r-t-scat-pack--6-4l-v8-gas/interior-trim--rear-seats-second-row?assembly=3,https://cdn-illustrations.revolutionparts.io/strapr1/8446c7d4c17a8329f0e72a8f71765990/d4e4200b578dc31372d21368a4e4fdfa.png,evidence/mopar/illustrations/2C3CDXGJ2HH530684/rear-seats-second-row__assembly-03.png,cached,78ecfa91fe7c9e70c4db7072629d3aa5c907f3658b5c4f0158544c70a0c34e6d,52392,0
2C3CDXGJ2HH530684,2017 Dodge Charger R/T Scat Pack 6.4L V8 Gas,accepted_by_moparamerica_search,rear-seat-adjusters,interior-trim--rear-seats-second-row-adjusters-recliners-shields-and-risers,1,Bushing 21,https://www.moparamerica.com/v-2017-dodge-charger--r-t-scat-pack--6-4l-v8-gas/interior-trim--rear-seats-second-row-adjusters-recliners-shields-and-risers,https://cdn-illustrations.revolutionparts.io/strapr1/c6da981bc025aed1cadaec7dd62d42d7/d3a80207166b9792a613c153e8ee6ba8.png,evidence/mopar/illustrations/2C3CDXGJ2HH530684/rear-seat-adjusters__assembly-01.png,cached,817a4021764c4ec492422383b62fc908d471170f7d4a2c686e765fdff3068e26,47366,37
2C3CDXGJ2HH530684,2017 Dodge Charger R/T Scat Pack 6.4L V8 Gas,accepted_by_moparamerica_search,seat-belts,restraints--seat-belts,1,Seat Belt Extender,https://www.moparamerica.com/v-2017-dodge-charger--r-t-scat-pack--6-4l-v8-gas/restraints--seat-belts?assembly=1,https://cdn-illustrations.revolutionparts.io/strapr1/243f153f7dbcb0a086341492e5bc234e/8f43ae2c11773cd3901b10f2ec9b2712.png,evidence/mopar/illustrations/2C3CDXGJ2HH530684/seat-belts__assembly-01.png,cached,bd8b72d2d1393896debafc4fe431419093a929ecc2a6645d3c00d6b92e286d0b,28253,16
2C3CDXGJ2HH530684,2017 Dodge Charger R/T Scat Pack 6.4L V8 Gas,accepted_by_moparamerica_search,seat-belts,restraints--seat-belts,2,"Retractor Seat Belt, Left",https://www.moparamerica.com/v-2017-dodge-charger--r-t-scat-pack--6-4l-v8-gas/restraints--seat-belts?assembly=2,https://cdn-illustrations.revolutionparts.io/strapr1/7765e4d61e0125db65488fd56a97e1aa/61c880b11ae073f4c213910b9392f0fb.png,evidence/mopar/illustrations/2C3CDXGJ2HH530684/seat-belts__assembly-02.png,cached,82bb1ff401db3b79d040da88f25623a6ff2fe84e79cdd86749e204669ae15d04,24737,13
2C3CDXGJ2HH530684,2017 Dodge Charger R/T Scat Pack 6.4L V8 Gas,accepted_by_moparamerica_search,air-bags,restraints--air-bags,1,Screw,https://www.moparamerica.com/v-2017-dodge-charger--r-t-scat-pack--6-4l-v8-gas/restraints--air-bags?assembly=1,https://cdn-illustrations.revolutionparts.io/strapr1/d6bb9e69b13e3e0c088f798560b1073f/f80f302a1d931c358a117a34c64d7ab9.png,evidence/mopar/illustrations/2C3CDXGJ2HH530684/air-bags__assembly-01.png,cached,f2a075c131aecca44808efa7a543f5e8cfc68805ed4d0e2c42ffbc28b69bc8ef,21252,13
2C3CDXGJ2HH530684,2017 Dodge Charger R/T Scat Pack 6.4L V8 Gas,accepted_by_moparamerica_search,air-bags,restraints--air-bags,2,"Side Curtain Air Bag, Right",https://www.moparamerica.com/v-2017-dodge-charger--r-t-scat-pack--6-4l-v8-gas/restraints--air-bags?assembly=2,https://cdn-illustrations.revolutionparts.io/strapr1/3f198f1fcf7e61b32baf7bfef4496142/6624876da67647c04da36717f819fc2f.png,evidence/mopar/illustrations/2C3CDXGJ2HH530684/air-bags__assembly-02.png,cached,0219ed86ade847975b4f5b50c615ef6590be022ccd496f2d518c3a5ea87f7225,14331,0
2C3CDXGJ2HH530684,2017 Dodge Charger R/T Scat Pack 6.4L V8 Gas,accepted_by_moparamerica_search,air-bags,restraints--air-bags,3,Passenger Air Bag,https://www.moparamerica.com/v-2017-dodge-charger--r-t-scat-pack--6-4l-v8-gas/restraints--air-bags?assembly=3,https://cdn-illustrations.revolutionparts.io/strapr1/8e6f7c855bf98da1e26f4c21927eed99/bb904e01c2bbf59aeb83ea563f269627.png,evidence/mopar/illustrations/2C3CDXGJ2HH530684/air-bags__assembly-03.png,cached,1eb0bb6ccc32747f38f981e0ba63ca468dbb95a6d26ee48d6aa1f3143918ee4f,33434,7
2C3CDXGJ2HH530684,2017 Dodge Charger R/T Scat Pack 6.4L V8 Gas,accepted_by_moparamerica_search,steering-column,steering--steering-column-and-intermediate-shaft,1,Steering Column 14,https://www.moparamerica.com/v-2017-dodge-charger--r-t-scat-pack--6-4l-v8-gas/steering--steering-column-and-intermediate-shaft,https://cdn-illustrations.revolutionparts.io/strapr1/0af26c1a334e743196cdba9c1cc2a235/298a0b0e51d8021452688749fa9edda8.png,evidence/mopar/illustrations/2C3CDXGJ2HH530684/steering-column__assembly-01.png,cached,f0a10455e686141cf8c918c830661f89d41a4a7dcb4b4d722b3abc142019b4cf,19690,20
2C3CDXGJ2HH530684,2017 Dodge Charger R/T Scat Pack 6.4L V8 Gas,accepted_by_moparamerica_search,steering-wheel,steering--steering-wheel,1,Steering Wheel,https://www.moparamerica.com/v-2017-dodge-charger--r-t-scat-pack--6-4l-v8-gas/steering--steering-wheel?assembly=1,https://cdn-illustrations.revolutionparts.io/strapr1/99b557b375dcb04cc19f60d4e6861533/24ae5fc4d258220e88c980c292c2a295.png,evidence/mopar/illustrations/2C3CDXGJ2HH530684/steering-wheel__assembly-01.png,cached,eb31c5d39307edd8e98c082b7830cec7996885cd8bea6c9ff05e377feec5f871,27121,26
2C3CDXGJ2HH530684,2017 Dodge Charger R/T Scat Pack 6.4L V8 Gas,accepted_by_moparamerica_search,steering-wheel,steering--steering-wheel,2,Steering Wheel,https://www.moparamerica.com/v-2017-dodge-charger--r-t-scat-pack--6-4l-v8-gas/steering--steering-wheel?assembly=2,https://cdn-illustrations.revolutionparts.io/strapr1/2c0eb3eee58da60ac889a7a7b2a790dc/900732eec1160828dc58c25fe1272285.png,evidence/mopar/illustrations/2C3CDXGJ2HH530684/steering-wheel__assembly-02.png,cached,18875f0c2cbfbb7403c860f2ac6f1e22096e94d77c3ed5dab818f46c62e1a66c,30120,0
2C3CDXGJ2HH530684,2017 Dodge Charger R/T Scat Pack 6.4L V8 Gas,accepted_by_moparamerica_search,instrument-panel,interior-trim--instrument-panel,1,Screw 76,https://www.moparamerica.com/v-2017-dodge-charger--r-t-scat-pack--6-4l-v8-gas/interior-trim--instrument-panel,https://cdn-illustrations.revolutionparts.io/strapr1/e81cade166feaa9c08f651f8d5dab10a/3d0011fffce7536cd64fdb52932207e7.png,evidence/mopar/illustrations/2C3CDXGJ2HH530684/instrument-panel__assembly-01.png,cached,e3653daa1939e03b84b25d2de305b6c238e070667ad9fff33f0078ac576ba7ca,85668,89
2C3CCAEG4HH586472,2017 Chrysler 300 C 3.6L V6 Gas,moparamerica_vin_search_failed_trim_inferred_from_nhtsa_and_catalog,front-seat-adjusters,interior-trim--front-seats-adjusters-recliners-shields-and-risers,1,Hex Head Screw,https://www.moparamerica.com/v-2017-chrysler-300--c--3-6l-v6-gas/interior-trim--front-seats-adjusters-recliners-shields-and-risers?assembly=1,https://cdn-illustrations.revolutionparts.io/strapr1/5fbb8e40a27a63f737b68cb1a9a3ffe0/7aa4a7a515a4303017b5e0fe4cd8b87f.png,evidence/mopar/illustrations/2C3CCAEG4HH586472/front-seat-adjusters__assembly-01.png,downloaded,e63f1c0d060a250d8be7bbd7a0de284b304bf70e217accdcaf3f5830d6241c35,37040,52
2C3CCAEG4HH586472,2017 Chrysler 300 C 3.6L V6 Gas,moparamerica_vin_search_failed_trim_inferred_from_nhtsa_and_catalog,front-seat-adjusters,interior-trim--front-seats-adjusters-recliners-shields-and-risers,2,Airbag Chute,https://www.moparamerica.com/v-2017-chrysler-300--c--3-6l-v6-gas/interior-trim--front-seats-adjusters-recliners-shields-and-risers?assembly=2,https://cdn-illustrations.revolutionparts.io/strapr1/a5780a5b4b3503719d4f90b6b46f8554/3daa229ed002bd08183b9d6edc296127.png,evidence/mopar/illustrations/2C3CCAEG4HH586472/front-seat-adjusters__assembly-02.png,downloaded,fc52644bd23505e0f63a72f98b0b5c45a31f4cc779687dbc7ac8c0809cdf9b7c,39968,48
2C3CCAEG4HH586472,2017 Chrysler 300 C 3.6L V6 Gas,moparamerica_vin_search_failed_trim_inferred_from_nhtsa_and_catalog,front-seat-adjusters,interior-trim--front-seats-adjusters-recliners-shields-and-risers,3,Hex Head Screw,https://www.moparamerica.com/v-2017-chrysler-300--c--3-6l-v6-gas/interior-trim--front-seats-adjusters-recliners-shields-and-risers?assembly=3,https://cdn-illustrations.revolutionparts.io/strapr1/d1bb32b3ce86e258e0ef28fbca7b3187/a4b74e4188ce099bf4e4022478cdc65e.png,evidence/mopar/illustrations/2C3CCAEG4HH586472/front-seat-adjusters__assembly-03.png,downloaded,57cfc8f841f8bc6fc96ee0c99cfa276fe08931f44b05b928e33cb39c98be3b25,65202,21
2C3CCAEG4HH586472,2017 Chrysler 300 C 3.6L V6 Gas,moparamerica_vin_search_failed_trim_inferred_from_nhtsa_and_catalog,front-seats-first-row,interior-trim--front-seats-first-row,1,"Front Headrest, Right Or Left",https://www.moparamerica.com/v-2017-chrysler-300--c--3-6l-v6-gas/interior-trim--front-seats-first-row?assembly=1,https://cdn-illustrations.revolutionparts.io/strapr1/e85851f88604d99e6b7faa1f8e223f3d/5e487ab4ae50dcb2f98a8d41f9866861.png,evidence/mopar/illustrations/2C3CCAEG4HH586472/front-seats-first-row__assembly-01.png,downloaded,a991c64180eb65dcff7d381daf3707b003ae339af65e2157e85895454069b882,47647,20
2C3CCAEG4HH586472,2017 Chrysler 300 C 3.6L V6 Gas,moparamerica_vin_search_failed_trim_inferred_from_nhtsa_and_catalog,front-seats-first-row,interior-trim--front-seats-first-row,2,"Front Headrest, Right Or Left",https://www.moparamerica.com/v-2017-chrysler-300--c--3-6l-v6-gas/interior-trim--front-seats-first-row?assembly=2,https://cdn-illustrations.revolutionparts.io/strapr1/a8a844e544cb8eeac1aa21184201af5b/942e696354170165ad815acc94b7c680.png,evidence/mopar/illustrations/2C3CCAEG4HH586472/front-seats-first-row__assembly-02.png,downloaded,d471352dd249c3538c89e0862751f00c2f43d67f39ea3bd7bae2169add63a241,47656,42
2C3CCAEG4HH586472,2017 Chrysler 300 C 3.6L V6 Gas,moparamerica_vin_search_failed_trim_inferred_from_nhtsa_and_catalog,front-seats-first-row,interior-trim--front-seats-first-row,3,"Front Headrest, Right Or Left",https://www.moparamerica.com/v-2017-chrysler-300--c--3-6l-v6-gas/interior-trim--front-seats-first-row?assembly=3,https://cdn-illustrations.revolutionparts.io/strapr1/763bc01c2981289bcb93d9e389186cf2/ebfb1ebde2f067be911e8f0e22ee40ed.png,evidence/mopar/illustrations/2C3CCAEG4HH586472/front-seats-first-row__assembly-03.png,downloaded,039350fb0af956258a39b4956a5f8fe434bada8823e5fe7727a3c031f76f6d16,44357,24
2C3CCAEG4HH586472,2017 Chrysler 300 C 3.6L V6 Gas,moparamerica_vin_search_failed_trim_inferred_from_nhtsa_and_catalog,front-seats-first-row,interior-trim--front-seats-first-row,4,"Front Headrest, Right Or Left",https://www.moparamerica.com/v-2017-chrysler-300--c--3-6l-v6-gas/interior-trim--front-seats-first-row?assembly=4,https://cdn-illustrations.revolutionparts.io/strapr1/402541dfb67b107593c57ffc16a07d2e/849419c8060c0f43c6aa0e3747bae7fd.png,evidence/mopar/illustrations/2C3CCAEG4HH586472/front-seats-first-row__assembly-04.png,downloaded,1c40686ea815243f73ecb2770cbfedcac0790d65970a54d77c05b86eee2fbaaf,44348,42
2C3CCAEG4HH586472,2017 Chrysler 300 C 3.6L V6 Gas,moparamerica_vin_search_failed_trim_inferred_from_nhtsa_and_catalog,front-seats-first-row,interior-trim--front-seats-first-row,5,"Front Headrest, Right Or Left",https://www.moparamerica.com/v-2017-chrysler-300--c--3-6l-v6-gas/interior-trim--front-seats-first-row?assembly=5,https://cdn-illustrations.revolutionparts.io/strapr1/898d38fbc5ab17ebf1b416e7892ef81c/8e97d950a9f603851562b7668c2f072a.png,evidence/mopar/illustrations/2C3CCAEG4HH586472/front-seats-first-row__assembly-05.png,downloaded,16465cbaf1e495bb0263d7c08833341e70e4675dbdcdbf0a1cbf6555855b9298,44357,30
2C3CCAEG4HH586472,2017 Chrysler 300 C 3.6L V6 Gas,moparamerica_vin_search_failed_trim_inferred_from_nhtsa_and_catalog,front-seats-first-row,interior-trim--front-seats-first-row,6,"Front Headrest, Right Or Left",https://www.moparamerica.com/v-2017-chrysler-300--c--3-6l-v6-gas/interior-trim--front-seats-first-row?assembly=6,https://cdn-illustrations.revolutionparts.io/strapr1/b6ce89057719a7cf60f4bd9b27b97ee7/8a22350b8de18da619112bb0d0b840ef.png,evidence/mopar/illustrations/2C3CCAEG4HH586472/front-seats-first-row__assembly-06.png,downloaded,6cc7a82da5a18f5efa59e6accc8cb7bb1a67bc7e1b444e15636554aeb3dbcb35,44357,40
2C3CCAEG4HH586472,2017 Chrysler 300 C 3.6L V6 Gas,moparamerica_vin_search_failed_trim_inferred_from_nhtsa_and_catalog,front-seats-first-row,interior-trim--front-seats-first-row,7,"Front Headrest, Right Or Left",https://www.moparamerica.com/v-2017-chrysler-300--c--3-6l-v6-gas/interior-trim--front-seats-first-row?assembly=7,https://cdn-illustrations.revolutionparts.io/strapr1/5ed65645dff4bd51221fc7ffcfa3666b/fc2a3989222a5f983e38d7ed86590c11.png,evidence/mopar/illustrations/2C3CCAEG4HH586472/front-seats-first-row__assembly-07.png,downloaded,590ea15bf065bcaafd9a46e9fe04a4ea0c45e9bc9d4e25f5cec129bb6524b74e,36512,38
2C3CCAEG4HH586472,2017 Chrysler 300 C 3.6L V6 Gas,moparamerica_vin_search_failed_trim_inferred_from_nhtsa_and_catalog,rear-seats-second-row,interior-trim--rear-seats-second-row,1,Armrest Lid Hinge Pin,https://www.moparamerica.com/v-2017-chrysler-300--c--3-6l-v6-gas/interior-trim--rear-seats-second-row?assembly=1,https://cdn-illustrations.revolutionparts.io/strapr1/90a66424f418d6ab778332a1d15ce96a/c0b6a6edad4595ee8c3c5e7e406b61a1.png,evidence/mopar/illustrations/2C3CCAEG4HH586472/rear-seats-second-row__assembly-01.png,downloaded,873e5422475f94d68681b897d8ef747f31c89d34fa4582109fb810553342e571,70040,48
2C3CCAEG4HH586472,2017 Chrysler 300 C 3.6L V6 Gas,moparamerica_vin_search_failed_trim_inferred_from_nhtsa_and_catalog,rear-seats-second-row,interior-trim--rear-seats-second-row,2,Armrest Lid Hinge Pin,https://www.moparamerica.com/v-2017-chrysler-300--c--3-6l-v6-gas/interior-trim--rear-seats-second-row?assembly=2,https://cdn-illustrations.revolutionparts.io/strapr1/7d78a2aea2b4b916a20cd60ddbe720c5/bfac5180617124d480e253da15e7a47a.png,evidence/mopar/illustrations/2C3CCAEG4HH586472/rear-seats-second-row__assembly-02.png,downloaded,7d10cd6de394fa73222d7442a53949c9d64a0fb883f1262608a097b489cacb14,71502,74
2C3CCAEG4HH586472,2017 Chrysler 300 C 3.6L V6 Gas,moparamerica_vin_search_failed_trim_inferred_from_nhtsa_and_catalog,rear-seats-second-row,interior-trim--rear-seats-second-row,3,Armrest Lid Hinge Pin,https://www.moparamerica.com/v-2017-chrysler-300--c--3-6l-v6-gas/interior-trim--rear-seats-second-row?assembly=3,https://cdn-illustrations.revolutionparts.io/strapr1/46b013d61a13f5ef54908a85e82141db/9729cbf738a3593d400d1b3d58d50cd9.png,evidence/mopar/illustrations/2C3CCAEG4HH586472/rear-seats-second-row__assembly-03.png,downloaded,4b6d8ea7d919be6cdb20e5b678c3bb8b7d0951815d9abdc15530149f8279c9c2,71502,59
2C3CCAEG4HH586472,2017 Chrysler 300 C 3.6L V6 Gas,moparamerica_vin_search_failed_trim_inferred_from_nhtsa_and_catalog,rear-seats-second-row,interior-trim--rear-seats-second-row,4,Armrest Lid Hinge Pin,https://www.moparamerica.com/v-2017-chrysler-300--c--3-6l-v6-gas/interior-trim--rear-seats-second-row?assembly=4,https://cdn-illustrations.revolutionparts.io/strapr1/6ea497752841bdcc524f73d9b98d5877/398c01694547edf75762f244963b8bff.png,evidence/mopar/illustrations/2C3CCAEG4HH586472/rear-seats-second-row__assembly-04.png,downloaded,f8a2d3fca87fa893fe0c3deb63efaf7fafcd8711385f4451a9ef9c323876b49d,71511,57
2C3CCAEG4HH586472,2017 Chrysler 300 C 3.6L V6 Gas,moparamerica_vin_search_failed_trim_inferred_from_nhtsa_and_catalog,rear-seats-second-row,interior-trim--rear-seats-second-row,5,Armrest Lid Hinge Pin,https://www.moparamerica.com/v-2017-chrysler-300--c--3-6l-v6-gas/interior-trim--rear-seats-second-row?assembly=5,https://cdn-illustrations.revolutionparts.io/strapr1/fca13e38ca5fef02f32236806e13f7b2/0f6ae09d7aca7b13263e32c077e0fb49.png,evidence/mopar/illustrations/2C3CCAEG4HH586472/rear-seats-second-row__assembly-05.png,downloaded,b21d787b9cc4f99e226160f6252a423a3dfa18ea0f4c67d4d17fd620f9f044ce,64818,37
2C3CCAEG4HH586472,2017 Chrysler 300 C 3.6L V6 Gas,moparamerica_vin_search_failed_trim_inferred_from_nhtsa_and_catalog,rear-seats-second-row,interior-trim--rear-seats-second-row,6,Armrest Lid Hinge Pin,https://www.moparamerica.com/v-2017-chrysler-300--c--3-6l-v6-gas/interior-trim--rear-seats-second-row?assembly=6,https://cdn-illustrations.revolutionparts.io/strapr1/1f7bb936f6b42ce44c2c7576da863f71/9d44337250958d1cc08025bf9835ce4c.png,evidence/mopar/illustrations/2C3CCAEG4HH586472/rear-seats-second-row__assembly-06.png,downloaded,e8430285352d95e0c8ce9ec9bdf86d9dc5a145c87705922e0ca3afab39a7f40b,71502,49
2C3CCAEG4HH586472,2017 Chrysler 300 C 3.6L V6 Gas,moparamerica_vin_search_failed_trim_inferred_from_nhtsa_and_catalog,rear-seats-second-row,interior-trim--rear-seats-second-row,7,Rear Headrest,https://www.moparamerica.com/v-2017-chrysler-300--c--3-6l-v6-gas/interior-trim--rear-seats-second-row?assembly=7,https://cdn-illustrations.revolutionparts.io/strapr1/ae81e520793f6dad9ec8ebd617e04f15/4810609c98fcb28c742292ba349c521c.png,evidence/mopar/illustrations/2C3CCAEG4HH586472/rear-seats-second-row__assembly-07.png,downloaded,deef1e3215c32989704b966dd90437c0ccbf084495851d74cd50f3ee1306c7f6,64384,40
2C3CCAEG4HH586472,2017 Chrysler 300 C 3.6L V6 Gas,moparamerica_vin_search_failed_trim_inferred_from_nhtsa_and_catalog,rear-seats-second-row,interior-trim--rear-seats-second-row,8,"Seat Bolster, Left",https://www.moparamerica.com/v-2017-chrysler-300--c--3-6l-v6-gas/interior-trim--rear-seats-second-row?assembly=8,https://cdn-illustrations.revolutionparts.io/strapr1/a43634d67351ce2fada91abd70ca8050/62940147b4cd06c7ce43d8089550ffb5.png,evidence/mopar/illustrations/2C3CCAEG4HH586472/rear-seats-second-row__assembly-08.png,downloaded,13b5f52a7d34748e591ce9575e3a1196dedda596932deab3b4de649e6552408f,71511,4
2C3CCAEG4HH586472,2017 Chrysler 300 C 3.6L V6 Gas,moparamerica_vin_search_failed_trim_inferred_from_nhtsa_and_catalog,rear-seats-second-row,interior-trim--rear-seats-second-row,9,"Seat Bolster, Left",https://www.moparamerica.com/v-2017-chrysler-300--c--3-6l-v6-gas/interior-trim--rear-seats-second-row?assembly=9,https://cdn-illustrations.revolutionparts.io/strapr1/8969a6bdaec77e76b1ba2799599e072e/7c19195cf9e6114b343f84ad3a47baef.png,evidence/mopar/illustrations/2C3CCAEG4HH586472/rear-seats-second-row__assembly-09.png,downloaded,482f2629633f8dfaa143f6730dbd692c68074b2bb8dcca419c5583b0dc5f98ad,71511,4
2C3CCAEG4HH586472,2017 Chrysler 300 C 3.6L V6 Gas,moparamerica_vin_search_failed_trim_inferred_from_nhtsa_and_catalog,rear-seats-second-row,interior-trim--rear-seats-second-row,10,"Seat Bolster, Right",https://www.moparamerica.com/v-2017-chrysler-300--c--3-6l-v6-gas/interior-trim--rear-seats-second-row?assembly=10,https://cdn-illustrations.revolutionparts.io/strapr1/f6d4c43c6b23b4474dc02b7b4dda4d58/6a515454236a3ca643c01c7d4541c870.png,evidence/mopar/illustrations/2C3CCAEG4HH586472/rear-seats-second-row__assembly-10.png,downloaded,1593f03d12ac711af31db584e9cdcea0805a6c248e38ef21661fcaf52d084f80,64393,4
2C3CCAEG4HH586472,2017 Chrysler 300 C 3.6L V6 Gas,moparamerica_vin_search_failed_trim_inferred_from_nhtsa_and_catalog,rear-seat-adjusters,interior-trim--rear-seats-second-row-adjusters-recliners-shields-and-risers,1,Bushing 32,https://www.moparamerica.com/v-2017-chrysler-300--c--3-6l-v6-gas/interior-trim--rear-seats-second-row-adjusters-recliners-shields-and-risers,https://cdn-illustrations.revolutionparts.io/strapr1/9e8fcfda48805a3ba01923a252f0d08a/4c518f871e071b9aebd4b4dc39739cfb.png,evidence/mopar/illustrations/2C3CCAEG4HH586472/rear-seat-adjusters__assembly-01.png,downloaded,fc5d5b0a985518361649e8b5d9960736f2b1c9491a9c5e20f0c3c2064f13a46a,53225,51
2C3CCAEG4HH586472,2017 Chrysler 300 C 3.6L V6 Gas,moparamerica_vin_search_failed_trim_inferred_from_nhtsa_and_catalog,seat-belts,restraints--seat-belts,1,Seat Belt Extender,https://www.moparamerica.com/v-2017-chrysler-300--c--3-6l-v6-gas/restraints--seat-belts?assembly=1,https://cdn-illustrations.revolutionparts.io/strapr1/5042c1e7d1547f0dc901b8e4fc4b702c/ef03a06b6cf1f8ed74207efc9e40c248.png,evidence/mopar/illustrations/2C3CCAEG4HH586472/seat-belts__assembly-01.png,downloaded,442a58dcf7f089219c54f5b0f4be00d34487bd46f04ba42380eaafa71d0499df,18261,17
2C3CCAEG4HH586472,2017 Chrysler 300 C 3.6L V6 Gas,moparamerica_vin_search_failed_trim_inferred_from_nhtsa_and_catalog,seat-belts,restraints--seat-belts,2,Retractor Seat Belt,https://www.moparamerica.com/v-2017-chrysler-300--c--3-6l-v6-gas/restraints--seat-belts?assembly=2,https://cdn-illustrations.revolutionparts.io/strapr1/6ca97e5c36c8929a345953fbe231b783/5384fd44589f85f73e63e4b4876f2ccc.png,evidence/mopar/illustrations/2C3CCAEG4HH586472/seat-belts__assembly-02.png,downloaded,b41752c0206ee09dbcf03ee9da0c89f4796d954e978acaceadbf978f7e20b598,22207,17
2C3CCAEG4HH586472,2017 Chrysler 300 C 3.6L V6 Gas,moparamerica_vin_search_failed_trim_inferred_from_nhtsa_and_catalog,air-bags,restraints--air-bags,1,Screw,https://www.moparamerica.com/v-2017-chrysler-300--c--3-6l-v6-gas/restraints--air-bags?assembly=1,https://cdn-illustrations.revolutionparts.io/strapr1/8b324dff34278cb182291352dca5b71e/e2b3974a96b6388645a2206f720f25cd.png,evidence/mopar/illustrations/2C3CCAEG4HH586472/air-bags__assembly-01.png,downloaded,979485852b6e79bca48448b84f256b68956781e0aa4bd4b86fe02a039d014c5c,42792,17
2C3CCAEG4HH586472,2017 Chrysler 300 C 3.6L V6 Gas,moparamerica_vin_search_failed_trim_inferred_from_nhtsa_and_catalog,air-bags,restraints--air-bags,2,"Side Curtain Air Bag, Left",https://www.moparamerica.com/v-2017-chrysler-300--c--3-6l-v6-gas/restraints--air-bags?assembly=2,https://cdn-illustrations.revolutionparts.io/strapr1/834e04fabb2253e9ff73f7b9998c16e2/105af1f6239c13bdc5c857fa16027e60.png,evidence/mopar/illustrations/2C3CCAEG4HH586472/air-bags__assembly-02.png,downloaded,4261430c99e5f967ae6982130c0628450f053f4c7f2eaa04ecc82d9912222502,45726,14
2C3CCAEG4HH586472,2017 Chrysler 300 C 3.6L V6 Gas,moparamerica_vin_search_failed_trim_inferred_from_nhtsa_and_catalog,air-bags,restraints--air-bags,3,Passenger Air Bag,https://www.moparamerica.com/v-2017-chrysler-300--c--3-6l-v6-gas/restraints--air-bags?assembly=3,https://cdn-illustrations.revolutionparts.io/strapr1/b8005b3322ee451ecef279a79a42858c/1e34848cc641240a3f1e29f0c6f641da.png,evidence/mopar/illustrations/2C3CCAEG4HH586472/air-bags__assembly-03.png,downloaded,15ccc80b2f8b292cf0ddf9874a93ec15f7f70a26f7eec3cf47e7ef081e074de1,32165,9
2C3CCAEG4HH586472,2017 Chrysler 300 C 3.6L V6 Gas,moparamerica_vin_search_failed_trim_inferred_from_nhtsa_and_catalog,steering-column,steering--steering-column-and-intermediate-shaft,1,Steering Column 19,https://www.moparamerica.com/v-2017-chrysler-300--c--3-6l-v6-gas/steering--steering-column-and-intermediate-shaft,https://cdn-illustrations.revolutionparts.io/strapr1/7dd06fb208b738ba03e9fffd0aa15a52/0781ceabd0885f58c2aece92404d49a3.png,evidence/mopar/illustrations/2C3CCAEG4HH586472/steering-column__assembly-01.png,downloaded,ee52568ce7894570f8907540c1317dee376a0c23fa626062706b6cb28b25729c,25645,24
2C3CCAEG4HH586472,2017 Chrysler 300 C 3.6L V6 Gas,moparamerica_vin_search_failed_trim_inferred_from_nhtsa_and_catalog,steering-wheel,steering--steering-wheel,1,Steering Wheel,https://www.moparamerica.com/v-2017-chrysler-300--c--3-6l-v6-gas/steering--steering-wheel?assembly=1,https://cdn-illustrations.revolutionparts.io/strapr1/04146750f42e6b35a6ac92b7cf22fef7/01624531727dd23119378b3798a9ce3d.png,evidence/mopar/illustrations/2C3CCAEG4HH586472/steering-wheel__assembly-01.png,downloaded,6e6f454a15cd174448533c05c6866ae0750485a615f39951693f806dc7309e2d,31501,23
2C3CCAEG4HH586472,2017 Chrysler 300 C 3.6L V6 Gas,moparamerica_vin_search_failed_trim_inferred_from_nhtsa_and_catalog,steering-wheel,steering--steering-wheel,2,Steering Wheel,https://www.moparamerica.com/v-2017-chrysler-300--c--3-6l-v6-gas/steering--steering-wheel?assembly=2,https://cdn-illustrations.revolutionparts.io/strapr1/dee7524895c6c942df58322a1adaf39b/bf2b0a0971bed32dec6ce5cb2a7c8d78.png,evidence/mopar/illustrations/2C3CCAEG4HH586472/steering-wheel__assembly-02.png,downloaded,acc65af7b4ec98e0f85e25692bd8bf16b83a1be2f24e2a9afba8a78badf2c43c,39427,15
2C3CCAEG4HH586472,2017 Chrysler 300 C 3.6L V6 Gas,moparamerica_vin_search_failed_trim_inferred_from_nhtsa_and_catalog,instrument-panel,interior-trim--instrument-panel,1,"Instrument Panel Closeout Panel, Left, Inboard 122",https://www.moparamerica.com/v-2017-chrysler-300--c--3-6l-v6-gas/interior-trim--instrument-panel,https://cdn-illustrations.revolutionparts.io/strapr1/aeae30ec3b8f716f53a3cc1b2919fd46/562905e844d04820713ca01bf6fc5c67.png,evidence/mopar/illustrations/2C3CCAEG4HH586472/instrument-panel__assembly-01.png,downloaded,a016a297c7c29d537e79df51d1c92b80efc951ef5cacd8c2772723e9efefc8d8,67971,117
