category,normalized_part_number,charger_description,chrysler_300_description,charger_catalog_number,chrysler_300_catalog_number,status
air-bags,5057792AH,Kneeblocker,Kneeblocker,5057792AH,5057792AH,COMMON CATALOG CANDIDATE — not proof of VIN-installed configuration
air-bags,56054085AA,Acceleration Sensor | Front,Acceleration Sensor | Sensor,56054085AA,56054085AA,COMMON CATALOG CANDIDATE — not proof of VIN-installed configuration
air-bags,5LB70DX9AH,Module | Steering Column Module,Module | Steering Column Module,5LB70DX9AH,5LB70DX9AH,COMMON CATALOG CANDIDATE — not proof of VIN-installed configuration
air-bags,5LB71DX9AI,Module | Steering Column Module,Module | Steering Column Module,5LB71DX9AI,5LB71DX9AI,COMMON CATALOG CANDIDATE — not proof of VIN-installed configuration
air-bags,5LB72DX9AH,Module | Steering Column Module,Module | Steering Column Module,5LB72DX9AH,5LB72DX9AH,COMMON CATALOG CANDIDATE — not proof of VIN-installed configuration
air-bags,6102132AA,Hex Head Screw | Screw,Hex Head Screw | Screw,6102132AA,6102132AA,COMMON CATALOG CANDIDATE — not proof of VIN-installed configuration
air-bags,6104725AA,Hex Nut | Washer,Hex Nut | Washer,06104725AA | 6104725AA,06104725AA | 6104725AA,COMMON CATALOG CANDIDATE — not proof of VIN-installed configuration
air-bags,6510026AA,Screw,Screw,6510026AA,6510026AA,COMMON CATALOG CANDIDATE — not proof of VIN-installed configuration
air-bags,68282914AD,Bag,Bag,68282914AD,68282914AD,COMMON CATALOG CANDIDATE — not proof of VIN-installed configuration
front-seat-adjusters,1UV50DX9AA,Cover | Track Cover,Rear | Track Cover,1UV50DX9AA,1UV50DX9AA,COMMON CATALOG CANDIDATE — not proof of VIN-installed configuration
front-seat-adjusters,1UV51DX9AA,Cover | Track Cover,Front | Track Cover,1UV51DX9AA,1UV51DX9AA,COMMON CATALOG CANDIDATE — not proof of VIN-installed configuration
front-seat-adjusters,1UV72DX9AA,Handle | Recliner Handle,Handle | Recliner Handle,1UV72DX9AA,1UV72DX9AA,COMMON CATALOG CANDIDATE — not proof of VIN-installed configuration
front-seat-adjusters,1UV75DX9AB,Cover | Front Seat Anchor Bolt Cover,Cover | Front Seat Anchor Bolt Cover,1UV75DX9AB,1UV75DX9AB,COMMON CATALOG CANDIDATE — not proof of VIN-installed configuration
front-seat-adjusters,1UW25DX9AB,"Cover | Front Seat Anchor Bolt Cover, Left","Cover | Front Seat Anchor Bolt Cover, Left",1UW25DX9AB,1UW25DX9AB,COMMON CATALOG CANDIDATE — not proof of VIN-installed configuration
front-seat-adjusters,1UY02DX9AC,2011-2021 Mopar Front Seat Back Panel | Panel,2011-2021 Mopar Front Seat Back Panel | Panel,1UY02DX9AC,1UY02DX9AC,COMMON CATALOG CANDIDATE — not proof of VIN-installed configuration
front-seat-adjusters,1UY08DX9AB,Seat Shield | Shield,Seat Shield | Shield,1UY08DX9AB,1UY08DX9AB,COMMON CATALOG CANDIDATE — not proof of VIN-installed configuration
front-seat-adjusters,1UY33DX9AC,2011-2020 Mopar Seat Adjuster Shield | Shield,2011-2020 Mopar Seat Adjuster Shield | Shield,1UY33DX9AC,1UY33DX9AC,COMMON CATALOG CANDIDATE — not proof of VIN-installed configuration
front-seat-adjusters,1UZ62DX9AC,2011-2021 Mopar Seat Adjuster Shield | Shield,2011-2021 Mopar Seat Adjuster Shield | Shield,1UZ62DX9AC,1UZ62DX9AC,COMMON CATALOG CANDIDATE — not proof of VIN-installed configuration
front-seat-adjusters,55057389AD,Blower | Seat Back Blower,Blower | Seat Back Blower,55057389AD,55057389AD,COMMON CATALOG CANDIDATE — not proof of VIN-installed configuration
front-seat-adjusters,6507594AA,Hex Head Screw | Screw,Hex Head Screw,6507594AA,6507594AA,COMMON CATALOG CANDIDATE — not proof of VIN-installed configuration
front-seat-adjusters,68102980AA,Airbag Chute | Chute,Airbag Chute,68102980AA,68102980AA,COMMON CATALOG CANDIDATE — not proof of VIN-installed configuration
front-seat-adjusters,68103691AA,Airbag Chute | Chute,Airbag Chute,68103691AA,68103691AA,COMMON CATALOG CANDIDATE — not proof of VIN-installed configuration
front-seat-adjusters,68103696AA,Frame | Front Seat Back Frame,Frame | Front Seat Back Frame,68103696AA,68103696AA,COMMON CATALOG CANDIDATE — not proof of VIN-installed configuration
front-seat-adjusters,68104427AA,Frame | Front Seat Back Frame,Frame | Front Seat Back Frame,68104427AA,68104427AA,COMMON CATALOG CANDIDATE — not proof of VIN-installed configuration
front-seat-adjusters,68104489AA,Frame | Front Seat Back Frame,Frame | Front Seat Back Frame,68104489AA,68104489AA,COMMON CATALOG CANDIDATE — not proof of VIN-installed configuration
front-seat-adjusters,68157098AA,Bracket | Seat Bracket,Bracket | Seat Bracket,68157098AA,68157098AA,COMMON CATALOG CANDIDATE — not proof of VIN-installed configuration
front-seat-adjusters,68157292AA,Front | Seat Bracket,Bracket | Seat Bracket,68157292AA,68157292AA,COMMON CATALOG CANDIDATE — not proof of VIN-installed configuration
front-seat-adjusters,68157294AA,Rear | Seat Bracket,Bracket | Seat Bracket,68157294AA,68157294AA,COMMON CATALOG CANDIDATE — not proof of VIN-installed configuration
front-seat-adjusters,68159137AA,Frame | Front Seat Back Frame,Frame | Front Seat Back Frame,68159137AA,68159137AA,COMMON CATALOG CANDIDATE — not proof of VIN-installed configuration
front-seat-adjusters,68159139AA,Frame | Front Seat Back Frame,Frame | Front Seat Back Frame,68159139AA,68159139AA,COMMON CATALOG CANDIDATE — not proof of VIN-installed configuration
front-seat-adjusters,68159141AA,Bracket | Seat Bracket,Bracket | Seat Bracket,68159141AA,68159141AA,COMMON CATALOG CANDIDATE — not proof of VIN-installed configuration
front-seat-adjusters,68193458AC,2013-2021 Mopar Manual Seat Adjuster | Adjuster,2013-2021 Mopar Manual Seat Adjuster | Adjuster,68193458AC,68193458AC,COMMON CATALOG CANDIDATE — not proof of VIN-installed configuration
front-seat-adjusters,68193460AC,Adjuster | Power Seat Adjuster,Adjuster | Power Seat Adjuster,68193460AC,68193460AC,COMMON CATALOG CANDIDATE — not proof of VIN-installed configuration
front-seat-adjusters,68193462AC,2013-2020 Mopar Power Seat Adjuster | Adjuster,2013-2020 Mopar Power Seat Adjuster | Adjuster,68193462AC,68193462AC,COMMON CATALOG CANDIDATE — not proof of VIN-installed configuration
front-seat-adjusters,68264615AB,Adjuster | Power Seat Adjuster,Adjuster | Power Seat Adjuster,68264615AB,68264615AB,COMMON CATALOG CANDIDATE — not proof of VIN-installed configuration
front-seat-adjusters,68264619AB,2015-2021 Mopar Power Seat Adjuster | Adjuster,2015-2021 Mopar Power Seat Adjuster | Adjuster,68264619AB,68264619AB,COMMON CATALOG CANDIDATE — not proof of VIN-installed configuration
front-seat-adjusters,68306763AA,Blower | Seat Cushion Blower,Blower | Seat Cushion Blower,68306763AA,68306763AA,COMMON CATALOG CANDIDATE — not proof of VIN-installed configuration
instrument-panel,1JN63DX9AF,2011-2021 Mopar Steering Column Opening Kneeblocker | Kneeblocker,2011-2021 Mopar Steering Column Opening Kneeblocker | Kneeblocker,1JN63DX9AF,1JN63DX9AF,COMMON CATALOG CANDIDATE — not proof of VIN-installed configuration
instrument-panel,1JQ67DX9AL,Defroster Grille | Grille,Defroster Grille | Grille,1JQ67DX9AL,1JQ67DX9AL,COMMON CATALOG CANDIDATE — not proof of VIN-installed configuration
instrument-panel,1QD23DX9AF,"Instrument Panel End Cap, Left | Left","Instrument Panel End Cap, Left | Left",1QD23DX9AF,1QD23DX9AF,COMMON CATALOG CANDIDATE — not proof of VIN-installed configuration
instrument-panel,1QF13DX9AP,2011-2021 Mopar Instrument Panel Glove Box | Box,2011-2021 Mopar Instrument Panel Glove Box | Box,1QF13DX9AP,1QF13DX9AP,COMMON CATALOG CANDIDATE — not proof of VIN-installed configuration
instrument-panel,4746315,Console Lock Cylinder,Console Lock Cylinder | Cylinder,4746315,4746315,COMMON CATALOG CANDIDATE — not proof of VIN-installed configuration
instrument-panel,5108264AB,"Instrument Panel Closeout Panel, Left, Outboard | Left","Instrument Panel Closeout Panel, Left, Outboard",5108264AB,5108264AB,COMMON CATALOG CANDIDATE — not proof of VIN-installed configuration
instrument-panel,5257132AB,Number 1 Tumbler,Number 1 Tumbler,5257132AB,5257132AB,COMMON CATALOG CANDIDATE — not proof of VIN-installed configuration
instrument-panel,5257133AB,Number 2 Tumbler,Number 2 Tumbler,5257133AB,5257133AB,COMMON CATALOG CANDIDATE — not proof of VIN-installed configuration
instrument-panel,5257134AB,Number 3 Tumbler,Number 3 Tumbler,5257134AB,5257134AB,COMMON CATALOG CANDIDATE — not proof of VIN-installed configuration
instrument-panel,5257135AB,Number 4 Tumbler,Number 4 Tumbler,5257135AB,5257135AB,COMMON CATALOG CANDIDATE — not proof of VIN-installed configuration
instrument-panel,68335585AD,Instrument Panel Closeout Panel Right | Panel,Instrument Panel Closeout Panel Right,68335585AD,68335585AD,COMMON CATALOG CANDIDATE — not proof of VIN-installed configuration
instrument-panel,68335586AC,Instrument Panel Closeout Panel Left | Left,Instrument Panel Closeout Panel Left,68335586AC,68335586AC,COMMON CATALOG CANDIDATE — not proof of VIN-installed configuration
instrument-panel,68335587AC,Instrument Panel Closeout Panel Left | Left,Instrument Panel Closeout Panel Left,68335587AC,68335587AC,COMMON CATALOG CANDIDATE — not proof of VIN-installed configuration
instrument-panel,68346615AC,Instrument Panel Reinforcement | Reinforcement,Instrument Panel Reinforcement,68346615AC,68346615AC,COMMON CATALOG CANDIDATE — not proof of VIN-installed configuration
rear-seats-second-row,1DL16DX9AA,"Headrest Sleeve, Locking | Locking","Headrest Sleeve, Locking | Locking",1DL16DX9AA,1DL16DX9AA,COMMON CATALOG CANDIDATE — not proof of VIN-installed configuration
rear-seats-second-row,1UY04DX9AB,"Headrest Sleeve, Non-Locking | Non-locking","Headrest Sleeve, Non-Locking | Non-locking",1UY04DX9AB,1UY04DX9AB,COMMON CATALOG CANDIDATE — not proof of VIN-installed configuration
rear-seats-second-row,5SB021V5AB,"Seat Bolster, Right","Right | Seat Bolster, Right",5SB021V5AB,5SB021V5AB,COMMON CATALOG CANDIDATE — not proof of VIN-installed configuration
rear-seats-second-row,5SB031V5AB,"Seat Bolster, Left","Left | Seat Bolster, Left",5SB031V5AB,5SB031V5AB,COMMON CATALOG CANDIDATE — not proof of VIN-installed configuration
rear-seats-second-row,5SB041X9AB,"Seat Bolster, Right","Right | Seat Bolster, Right",5SB041X9AB,5SB041X9AB,COMMON CATALOG CANDIDATE — not proof of VIN-installed configuration
rear-seats-second-row,5SB051X9AB,"Seat Bolster, Left","Left | Seat Bolster, Left",5SB051X9AB,5SB051X9AB,COMMON CATALOG CANDIDATE — not proof of VIN-installed configuration
rear-seats-second-row,5YA39DX9AA,Headrest | Rear Headrest,Headrest | Rear Headrest,5YA39DX9AA,5YA39DX9AA,COMMON CATALOG CANDIDATE — not proof of VIN-installed configuration
rear-seats-second-row,68102973AA,Foam | Seat Back Foam,Foam | Seat Back Foam,68102973AA,68102973AA,COMMON CATALOG CANDIDATE — not proof of VIN-installed configuration
rear-seats-second-row,68104310AA,Foam | Seat Back Foam,Foam | Seat Back Foam,68104310AA,68104310AA,COMMON CATALOG CANDIDATE — not proof of VIN-installed configuration
rear-seats-second-row,68104680AA,"Heater Pad, Left | Left","Heater Pad, Left | Left",68104680AA,68104680AA,COMMON CATALOG CANDIDATE — not proof of VIN-installed configuration
rear-seats-second-row,68104698AA,"Heater Pad, Right | Right","Heater Pad, Right | Right",68104698AA,68104698AA,COMMON CATALOG CANDIDATE — not proof of VIN-installed configuration
rear-seats-second-row,68104699AA,"Heater Pad, Left | Left","Heater Pad, Left | Left",68104699AA,68104699AA,COMMON CATALOG CANDIDATE — not proof of VIN-installed configuration
rear-seats-second-row,68104700AA,"Heater Pad, Right | Right","Heater Pad, Right | Right",68104700AA,68104700AA,COMMON CATALOG CANDIDATE — not proof of VIN-installed configuration
rear-seats-second-row,68159129AA,Frame | Rear Seat Cushion Frame,Frame | Rear Seat Cushion Frame,68159129AA,68159129AA,COMMON CATALOG CANDIDATE — not proof of VIN-installed configuration
rear-seats-second-row,68159140AA,Foam | Seat Cushion Foam,Foam | Seat Cushion Foam,68159140AA,68159140AA,COMMON CATALOG CANDIDATE — not proof of VIN-installed configuration
seat-belts,1HZ06DX9AI,"Front Outer Seat Belt, Right | Right","Front Outer Seat Belt, Right | Right",1HZ06DX9AI,1HZ06DX9AI,COMMON CATALOG CANDIDATE — not proof of VIN-installed configuration
seat-belts,5135197AA,Seat Belt Extender,Seat Belt Extender,5135197AA,5135197AA,COMMON CATALOG CANDIDATE — not proof of VIN-installed configuration
seat-belts,6105124AA,Pan Head Screw,Pan Head Screw,06105124AA,06105124AA,COMMON CATALOG CANDIDATE — not proof of VIN-installed configuration
seat-belts,6502724,Hex Flange Nut | Nut,Hex Flange Nut | Nut,6502724,6502724,COMMON CATALOG CANDIDATE — not proof of VIN-installed configuration
seat-belts,6504537,Flange Locking Nut | Nut,Flange Locking Nut | Nut,6504537,6504537,COMMON CATALOG CANDIDATE — not proof of VIN-installed configuration
seat-belts,6509460AA,Hex Nut | Nut,Hex Nut | Nut,6509460AA,6509460AA,COMMON CATALOG CANDIDATE — not proof of VIN-installed configuration
seat-belts,68080745AD,Adjuster | Seat Belt Turning Loop Adjuster,Adjuster | Seat Belt Turning Loop Adjuster,68080745AD,68080745AD,COMMON CATALOG CANDIDATE — not proof of VIN-installed configuration
seat-belts,68770846AA,Buckle Assembly-S/Belt Buckle Assembly | Right,Assy | Buckle Assembly-S/Belt Buckle Assembly,68770846AA,68770846AA,COMMON CATALOG CANDIDATE — not proof of VIN-installed configuration
seat-belts,6ET081X9AB,Right,Right,6ET081X9AB,6ET081X9AB,COMMON CATALOG CANDIDATE — not proof of VIN-installed configuration
seat-belts,6ET091X9AB,"Front Inner Seat Belt, Left | Left","Front Inner Seat Belt, Left | Left",6ET091X9AB,6ET091X9AB,COMMON CATALOG CANDIDATE — not proof of VIN-installed configuration
steering-column,6104406AA,Hex Head Screw And Washer | Washer,Hex Head Screw And Washer | Washer,6104406AA,6104406AA,COMMON CATALOG CANDIDATE — not proof of VIN-installed configuration
steering-column,6104709AA,Hex Flange Nut | Nut,Hex Flange Nut | Nut,6104709AA,6104709AA,COMMON CATALOG CANDIDATE — not proof of VIN-installed configuration
steering-column,6104716AA,Hex Flange Nut | Nut,Hex Flange Nut | Nut,06104716AA | 6104716AA,06104716AA | 6104716AA,COMMON CATALOG CANDIDATE — not proof of VIN-installed configuration
steering-column,6506950AA,Bolt | Hex Flange Head Locking Bolt,Bolt | Hex Flange Head Locking Bolt,6506950AA,6506950AA,COMMON CATALOG CANDIDATE — not proof of VIN-installed configuration
steering-column,6510755AA,Hex Head Screw And Washer | Washer,Hex Head Screw And Washer | Washer,6510755AA,6510755AA,COMMON CATALOG CANDIDATE — not proof of VIN-installed configuration
steering-column,68140569AG,2014-2021 Mopar Steering Column | Column,2014-2021 Mopar Steering Column | Column,68140569AG,68140569AG,COMMON CATALOG CANDIDATE — not proof of VIN-installed configuration
steering-column,68259474AD,2014-2021 Mopar Steering Column | Column,2014-2021 Mopar Steering Column | Column,68259474AD,68259474AD,COMMON CATALOG CANDIDATE — not proof of VIN-installed configuration
steering-wheel,1ZV36DX9AC,"Paddle Switch Cover Bezel, Right | Right","Paddle Switch Cover Bezel, Right | Right",1ZV36DX9AC,1ZV36DX9AC,COMMON CATALOG CANDIDATE — not proof of VIN-installed configuration
steering-wheel,1ZV37DX9AC,"Left | Paddle Switch Cover Bezel, Left","Bezel | Left | Paddle Switch Cover Bezel, Left",1ZV37DX9AC,1ZV37DX9AC,COMMON CATALOG CANDIDATE — not proof of VIN-installed configuration
steering-wheel,6511907AA,Oval Head Screw | Screw,Oval Head Screw | Screw,6511907AA,6511907AA,COMMON CATALOG CANDIDATE — not proof of VIN-installed configuration
