vin,category,normalized_part_number,descriptions,status
2C3CDXGJ2HH530684,air-bags,1ZZ44DX9AH,Bag,SINGLE-CATALOG CANDIDATE — may reflect option/trim/colour/supersession differences
2C3CDXGJ2HH530684,air-bags,5LB73DX9AH,Module | Steering Column Module,SINGLE-CATALOG CANDIDATE — may reflect option/trim/colour/supersession differences
2C3CDXGJ2HH530684,air-bags,68530280AA,Module | Occupant Restraint Module,SINGLE-CATALOG CANDIDATE — may reflect option/trim/colour/supersession differences
2C3CCAEG4HH586472,air-bags,06030441,Push Pin,SINGLE-CATALOG CANDIDATE — may reflect option/trim/colour/supersession differences
2C3CCAEG4HH586472,air-bags,5108076AF,Right,SINGLE-CATALOG CANDIDATE — may reflect option/trim/colour/supersession differences
2C3CCAEG4HH586472,air-bags,5108077AF,Left,SINGLE-CATALOG CANDIDATE — may reflect option/trim/colour/supersession differences
2C3CCAEG4HH586472,air-bags,5LB70LC5AF,Steering Column Module,SINGLE-CATALOG CANDIDATE — may reflect option/trim/colour/supersession differences
2C3CCAEG4HH586472,air-bags,5LB71LC5AI,Module | Steering Column Module,SINGLE-CATALOG CANDIDATE — may reflect option/trim/colour/supersession differences
2C3CCAEG4HH586472,air-bags,5LB72LC5AH,Module | Steering Column Module,SINGLE-CATALOG CANDIDATE — may reflect option/trim/colour/supersession differences
2C3CCAEG4HH586472,air-bags,5PP65DX9AE,Bag,SINGLE-CATALOG CANDIDATE — may reflect option/trim/colour/supersession differences
2C3CCAEG4HH586472,air-bags,5PP65LC5AE,Bag,SINGLE-CATALOG CANDIDATE — may reflect option/trim/colour/supersession differences
2C3CCAEG4HH586472,air-bags,6030441,Pin,SINGLE-CATALOG CANDIDATE — may reflect option/trim/colour/supersession differences
2C3CCAEG4HH586472,air-bags,6105038AA,Bolt | Hex Flange Head Bolt,SINGLE-CATALOG CANDIDATE — may reflect option/trim/colour/supersession differences
2C3CCAEG4HH586472,air-bags,6507559AA,Bumper Nut | U-nut,SINGLE-CATALOG CANDIDATE — may reflect option/trim/colour/supersession differences
2C3CCAEG4HH586472,air-bags,6508182AA,Hex Head Screw And Washer | Washer,SINGLE-CATALOG CANDIDATE — may reflect option/trim/colour/supersession differences
2C3CCAEG4HH586472,air-bags,68036991AA,Plate | Tapping Plate,SINGLE-CATALOG CANDIDATE — may reflect option/trim/colour/supersession differences
2C3CCAEG4HH586472,air-bags,68038976AD,2011-2020 Chrysler 300 - Side Air Bag Support Right | Right,SINGLE-CATALOG CANDIDATE — may reflect option/trim/colour/supersession differences
2C3CCAEG4HH586472,air-bags,68038977AD,2011-2020 Chrysler 300 - Side Air Bag Support Left | Left,SINGLE-CATALOG CANDIDATE — may reflect option/trim/colour/supersession differences
2C3CCAEG4HH586472,air-bags,68222742AH,Right,SINGLE-CATALOG CANDIDATE — may reflect option/trim/colour/supersession differences
2C3CCAEG4HH586472,air-bags,68222743AG,Left,SINGLE-CATALOG CANDIDATE — may reflect option/trim/colour/supersession differences
2C3CCAEG4HH586472,air-bags,6MK181X9AD,Bag,SINGLE-CATALOG CANDIDATE — may reflect option/trim/colour/supersession differences
2C3CDXGJ2HH530684,front-seat-adjusters,1UV73DX9AA,Handle | Recliner Handle,SINGLE-CATALOG CANDIDATE — may reflect option/trim/colour/supersession differences
2C3CDXGJ2HH530684,front-seat-adjusters,1UW21DX9AC,Seat Adjuster Shield | Shield,SINGLE-CATALOG CANDIDATE — may reflect option/trim/colour/supersession differences
2C3CDXGJ2HH530684,front-seat-adjusters,1UZ63DX9AC,2011-2021 Mopar Seat Adjuster Shield | Shield,SINGLE-CATALOG CANDIDATE — may reflect option/trim/colour/supersession differences
2C3CDXGJ2HH530684,front-seat-adjusters,68102131AA,Frame | Front Seat Back Frame,SINGLE-CATALOG CANDIDATE — may reflect option/trim/colour/supersession differences
2C3CDXGJ2HH530684,front-seat-adjusters,68104960AA,Seat Bolt,SINGLE-CATALOG CANDIDATE — may reflect option/trim/colour/supersession differences
2C3CDXGJ2HH530684,front-seat-adjusters,68104961AA,Nut,SINGLE-CATALOG CANDIDATE — may reflect option/trim/colour/supersession differences
2C3CDXGJ2HH530684,front-seat-adjusters,68334702AB,Adjuster | Manual Seat Adjuster,SINGLE-CATALOG CANDIDATE — may reflect option/trim/colour/supersession differences
2C3CDXGJ2HH530684,front-seat-adjusters,68334704AA,Frame | Front Seat Back Frame,SINGLE-CATALOG CANDIDATE — may reflect option/trim/colour/supersession differences
2C3CCAEG4HH586472,front-seat-adjusters,1UV50LC5AA,"Rear | Track Cover, Rear",SINGLE-CATALOG CANDIDATE — may reflect option/trim/colour/supersession differences
2C3CCAEG4HH586472,front-seat-adjusters,1UV51LC5AA,"Front | Track Cover, Front",SINGLE-CATALOG CANDIDATE — may reflect option/trim/colour/supersession differences
2C3CCAEG4HH586472,front-seat-adjusters,1UV75LC5AB,"Cover | Front Seat Anchor Bolt Cover, Right",SINGLE-CATALOG CANDIDATE — may reflect option/trim/colour/supersession differences
2C3CCAEG4HH586472,front-seat-adjusters,1UW231C3AA,Front Seat Back Panel,SINGLE-CATALOG CANDIDATE — may reflect option/trim/colour/supersession differences
2C3CCAEG4HH586472,front-seat-adjusters,1UW23LC5AA,Front Seat Back Panel,SINGLE-CATALOG CANDIDATE — may reflect option/trim/colour/supersession differences
2C3CCAEG4HH586472,front-seat-adjusters,1UW25LC5AB,"Cover | Front Seat Anchor Bolt Cover, Left",SINGLE-CATALOG CANDIDATE — may reflect option/trim/colour/supersession differences
2C3CCAEG4HH586472,front-seat-adjusters,1UY02LC5AA,Front Seat Back Panel,SINGLE-CATALOG CANDIDATE — may reflect option/trim/colour/supersession differences
2C3CCAEG4HH586472,front-seat-adjusters,1UY33LC5AC,Seat Adjuster Shield | Shield,SINGLE-CATALOG CANDIDATE — may reflect option/trim/colour/supersession differences
2C3CCAEG4HH586472,front-seat-adjusters,1UZ62LC5AB,"Seat Adjuster Shield, Right | Shield",SINGLE-CATALOG CANDIDATE — may reflect option/trim/colour/supersession differences
2C3CCAEG4HH586472,front-seats-first-row,1UV38DX9AA,"Headrest Sleeve, Locking | Locking",SINGLE-CATALOG CANDIDATE — may reflect option/trim/colour/supersession differences
2C3CCAEG4HH586472,front-seats-first-row,1UV38LC5AA,"Headrest Sleeve, Locking | Locking",SINGLE-CATALOG CANDIDATE — may reflect option/trim/colour/supersession differences
2C3CCAEG4HH586472,front-seats-first-row,1UV38ML2AA,"Headrest Sleeve, Locking | Locking",SINGLE-CATALOG CANDIDATE — may reflect option/trim/colour/supersession differences
2C3CCAEG4HH586472,front-seats-first-row,1UV38ND2AA,"Headrest Sleeve, Locking | Locking",SINGLE-CATALOG CANDIDATE — may reflect option/trim/colour/supersession differences
2C3CCAEG4HH586472,front-seats-first-row,1UV39DX9AA,"Headrest Sleeve, Non-Locking | Non-locking",SINGLE-CATALOG CANDIDATE — may reflect option/trim/colour/supersession differences
2C3CCAEG4HH586472,front-seats-first-row,1UV39LC5AA,"Headrest Sleeve, Non-Locking | Non-locking",SINGLE-CATALOG CANDIDATE — may reflect option/trim/colour/supersession differences
2C3CCAEG4HH586472,front-seats-first-row,1UV39ML2AA,"Headrest Sleeve, Non-Locking | Non-locking",SINGLE-CATALOG CANDIDATE — may reflect option/trim/colour/supersession differences
2C3CCAEG4HH586472,front-seats-first-row,1UV39ND2AA,"Headrest Sleeve, Non-Locking | Non-locking",SINGLE-CATALOG CANDIDATE — may reflect option/trim/colour/supersession differences
2C3CCAEG4HH586472,front-seats-first-row,1VU88DX9AA,Front Headrest | Left,SINGLE-CATALOG CANDIDATE — may reflect option/trim/colour/supersession differences
2C3CCAEG4HH586472,front-seats-first-row,1VU88ML2AA,Front Headrest | Left,SINGLE-CATALOG CANDIDATE — may reflect option/trim/colour/supersession differences
2C3CCAEG4HH586472,front-seats-first-row,1XC47LA3AA,"Front Seat Cushion Cover, Left | Left",SINGLE-CATALOG CANDIDATE — may reflect option/trim/colour/supersession differences
2C3CCAEG4HH586472,front-seats-first-row,1XC47LK5AA,"Front Seat Cushion Cover, Left | Left",SINGLE-CATALOG CANDIDATE — may reflect option/trim/colour/supersession differences
2C3CCAEG4HH586472,front-seats-first-row,1XC47ND2AA,"Front Seat Cushion Cover, Left | Left",SINGLE-CATALOG CANDIDATE — may reflect option/trim/colour/supersession differences
2C3CCAEG4HH586472,front-seats-first-row,1XC48LA3AA,"Front Seat Cushion Cover, Right | Right",SINGLE-CATALOG CANDIDATE — may reflect option/trim/colour/supersession differences
2C3CCAEG4HH586472,front-seats-first-row,1XC48LK5AA,"Front Seat Cushion Cover, Right | Right",SINGLE-CATALOG CANDIDATE — may reflect option/trim/colour/supersession differences
2C3CCAEG4HH586472,front-seats-first-row,1XC48ND2AA,"Front Seat Cushion Cover, Right",SINGLE-CATALOG CANDIDATE — may reflect option/trim/colour/supersession differences
2C3CCAEG4HH586472,front-seats-first-row,5XZ49DX9AB,Front Seat Cushion Cover Left | Left,SINGLE-CATALOG CANDIDATE — may reflect option/trim/colour/supersession differences
2C3CCAEG4HH586472,front-seats-first-row,5XZ50DX9AB,Front Seat Cushion Cover Right | Right,SINGLE-CATALOG CANDIDATE — may reflect option/trim/colour/supersession differences
2C3CCAEG4HH586472,front-seats-first-row,5ZC07DX9AA,"Front Seat Back Cover, Left | Left",SINGLE-CATALOG CANDIDATE — may reflect option/trim/colour/supersession differences
2C3CCAEG4HH586472,front-seats-first-row,5ZC07ML2AA,"Front Seat Back Cover, Left | Left",SINGLE-CATALOG CANDIDATE — may reflect option/trim/colour/supersession differences
2C3CCAEG4HH586472,front-seats-first-row,5ZC08DX9AA,"Front Seat Back Cover, Right | Right",SINGLE-CATALOG CANDIDATE — may reflect option/trim/colour/supersession differences
2C3CCAEG4HH586472,front-seats-first-row,5ZC08ML2AA,"Front Seat Back Cover, Right | Right",SINGLE-CATALOG CANDIDATE — may reflect option/trim/colour/supersession differences
2C3CCAEG4HH586472,front-seats-first-row,5ZC09DX9AA,"Front Seat Cushion Cover, Left | Left",SINGLE-CATALOG CANDIDATE — may reflect option/trim/colour/supersession differences
2C3CCAEG4HH586472,front-seats-first-row,5ZC09ML2AA,"Front Seat Cushion Cover, Left | Left",SINGLE-CATALOG CANDIDATE — may reflect option/trim/colour/supersession differences
2C3CCAEG4HH586472,front-seats-first-row,5ZC10DX9AA,"Front Seat Cushion Cover, Right | Right",SINGLE-CATALOG CANDIDATE — may reflect option/trim/colour/supersession differences
2C3CCAEG4HH586472,front-seats-first-row,5ZC10ML2AA,"Front Seat Cushion Cover, Right | Right",SINGLE-CATALOG CANDIDATE — may reflect option/trim/colour/supersession differences
2C3CCAEG4HH586472,front-seats-first-row,5ZC14DX9AA,Front Headrest | Left,SINGLE-CATALOG CANDIDATE — may reflect option/trim/colour/supersession differences
2C3CCAEG4HH586472,front-seats-first-row,5ZC14ML2AA,Front Headrest | Left,SINGLE-CATALOG CANDIDATE — may reflect option/trim/colour/supersession differences
2C3CCAEG4HH586472,front-seats-first-row,5ZC24DX9AA,Front Headrest | Left,SINGLE-CATALOG CANDIDATE — may reflect option/trim/colour/supersession differences
2C3CCAEG4HH586472,front-seats-first-row,5ZC24ML2AA,Front Headrest | Left,SINGLE-CATALOG CANDIDATE — may reflect option/trim/colour/supersession differences
2C3CCAEG4HH586472,front-seats-first-row,5ZC26DX9AA,"Front Seat Back Cover, Right | Right",SINGLE-CATALOG CANDIDATE — may reflect option/trim/colour/supersession differences
2C3CCAEG4HH586472,front-seats-first-row,5ZC26ML2AA,"Front Seat Back Cover, Right | Right",SINGLE-CATALOG CANDIDATE — may reflect option/trim/colour/supersession differences
2C3CCAEG4HH586472,front-seats-first-row,5ZC27DX9AA,"Front Seat Back Cover, Left | Left",SINGLE-CATALOG CANDIDATE — may reflect option/trim/colour/supersession differences
2C3CCAEG4HH586472,front-seats-first-row,5ZC27ML2AA,"Front Seat Back Cover, Left | Left",SINGLE-CATALOG CANDIDATE — may reflect option/trim/colour/supersession differences
2C3CCAEG4HH586472,front-seats-first-row,5ZC28DX9AA,"Front Seat Cushion Cover, Right | Right",SINGLE-CATALOG CANDIDATE — may reflect option/trim/colour/supersession differences
2C3CCAEG4HH586472,front-seats-first-row,5ZC28ML2AA,"Front Seat Cushion Cover, Right | Right",SINGLE-CATALOG CANDIDATE — may reflect option/trim/colour/supersession differences
2C3CCAEG4HH586472,front-seats-first-row,5ZC29DX9AA,"Front Seat Cushion Cover, Left | Left",SINGLE-CATALOG CANDIDATE — may reflect option/trim/colour/supersession differences
2C3CCAEG4HH586472,front-seats-first-row,5ZC29ML2AA,"Front Seat Cushion Cover, Left | Left",SINGLE-CATALOG CANDIDATE — may reflect option/trim/colour/supersession differences
2C3CCAEG4HH586472,front-seats-first-row,5ZC37LA3AA,"Front Seat Back Cover, Left | Left",SINGLE-CATALOG CANDIDATE — may reflect option/trim/colour/supersession differences
2C3CCAEG4HH586472,front-seats-first-row,5ZC37LK5AA,"Front Seat Back Cover, Left",SINGLE-CATALOG CANDIDATE — may reflect option/trim/colour/supersession differences
2C3CCAEG4HH586472,front-seats-first-row,5ZC37ND2AA,"Front Seat Back Cover, Left | Left",SINGLE-CATALOG CANDIDATE — may reflect option/trim/colour/supersession differences
2C3CCAEG4HH586472,front-seats-first-row,5ZC38LA3AA,"Front Seat Back Cover, Right | Right",SINGLE-CATALOG CANDIDATE — may reflect option/trim/colour/supersession differences
2C3CCAEG4HH586472,front-seats-first-row,5ZC38LK5AA,"Front Seat Back Cover, Right | Right",SINGLE-CATALOG CANDIDATE — may reflect option/trim/colour/supersession differences
2C3CCAEG4HH586472,front-seats-first-row,5ZC38ND2AA,"Front Seat Back Cover, Right | Right",SINGLE-CATALOG CANDIDATE — may reflect option/trim/colour/supersession differences
2C3CCAEG4HH586472,front-seats-first-row,68102969AA,"Heater Pad, Seat Back | Left",SINGLE-CATALOG CANDIDATE — may reflect option/trim/colour/supersession differences
2C3CCAEG4HH586472,front-seats-first-row,68102970AA,Left | Seat Cushion Heated Pad,SINGLE-CATALOG CANDIDATE — may reflect option/trim/colour/supersession differences
2C3CCAEG4HH586472,front-seats-first-row,68104490AB,2011-2014 2020 Chrysler 300 - Seat Back Foam Right | Right,SINGLE-CATALOG CANDIDATE — may reflect option/trim/colour/supersession differences
2C3CCAEG4HH586472,front-seats-first-row,68104552AA,"Left | Seat Cushion Foam, Left",SINGLE-CATALOG CANDIDATE — may reflect option/trim/colour/supersession differences
2C3CCAEG4HH586472,front-seats-first-row,68104553AB,2011-2020 Chrysler 300 - Seat Back Foam Left | Left,SINGLE-CATALOG CANDIDATE — may reflect option/trim/colour/supersession differences
2C3CCAEG4HH586472,front-seats-first-row,68104681AA,Left | Seat Cushion Heated Pad,SINGLE-CATALOG CANDIDATE — may reflect option/trim/colour/supersession differences
2C3CCAEG4HH586472,front-seats-first-row,68104692AB,2015-2020 Chrysler 300 - Seat Back Foam Right | Right,SINGLE-CATALOG CANDIDATE — may reflect option/trim/colour/supersession differences
2C3CCAEG4HH586472,front-seats-first-row,68104704AA,Left | Seat Cushion Ventilation Bag,SINGLE-CATALOG CANDIDATE — may reflect option/trim/colour/supersession differences
2C3CCAEG4HH586472,front-seats-first-row,68104706AA,Left | Seat Back Ventilation Bag,SINGLE-CATALOG CANDIDATE — may reflect option/trim/colour/supersession differences
2C3CCAEG4HH586472,front-seats-first-row,68138236AA,"Right | Seat Cushion Foam, Right",SINGLE-CATALOG CANDIDATE — may reflect option/trim/colour/supersession differences
2C3CCAEG4HH586472,front-seats-first-row,68138323AA,"Left | Seat Cushion Foam, Left",SINGLE-CATALOG CANDIDATE — may reflect option/trim/colour/supersession differences
2C3CCAEG4HH586472,front-seats-first-row,68138326AA,"Right | Seat Cushion Foam, Right",SINGLE-CATALOG CANDIDATE — may reflect option/trim/colour/supersession differences
2C3CCAEG4HH586472,front-seats-first-row,68148804AB,2012-2017 2019 2020 Chrysler 300 - Seat Back Foam Right | Right,SINGLE-CATALOG CANDIDATE — may reflect option/trim/colour/supersession differences
2C3CCAEG4HH586472,front-seats-first-row,68148805AB,2012-2020 Mopar Seat Back Foam Left | Left,SINGLE-CATALOG CANDIDATE — may reflect option/trim/colour/supersession differences
2C3CCAEG4HH586472,front-seats-first-row,68148806AA,"Right | Seat Cushion Foam, Right",SINGLE-CATALOG CANDIDATE — may reflect option/trim/colour/supersession differences
2C3CCAEG4HH586472,front-seats-first-row,68148807AA,"Left | Seat Cushion Foam, Left",SINGLE-CATALOG CANDIDATE — may reflect option/trim/colour/supersession differences
2C3CCAEG4HH586472,front-seats-first-row,68156158AC,"Right | Seat Back Foam, Right",SINGLE-CATALOG CANDIDATE — may reflect option/trim/colour/supersession differences
2C3CCAEG4HH586472,front-seats-first-row,68156166AB,"Right | Seat Cushion Foam, Right",SINGLE-CATALOG CANDIDATE — may reflect option/trim/colour/supersession differences
2C3CCAEG4HH586472,front-seats-first-row,68156167AB,Left | Seat Back Foam Left,SINGLE-CATALOG CANDIDATE — may reflect option/trim/colour/supersession differences
2C3CCAEG4HH586472,front-seats-first-row,68156999AB,2012-2020 Chrysler 300 - Seat Back Foam Left | Left,SINGLE-CATALOG CANDIDATE — may reflect option/trim/colour/supersession differences
2C3CCAEG4HH586472,front-seats-first-row,68159289AA,Left | Seat Cushion Ventilation Bag,SINGLE-CATALOG CANDIDATE — may reflect option/trim/colour/supersession differences
2C3CCAEG4HH586472,front-seats-first-row,68159290AA,Left | Seat Back Ventilation Bag,SINGLE-CATALOG CANDIDATE — may reflect option/trim/colour/supersession differences
2C3CCAEG4HH586472,front-seats-first-row,68159301AA,"Left | Seat Cushion Foam, Left",SINGLE-CATALOG CANDIDATE — may reflect option/trim/colour/supersession differences
2C3CCAEG4HH586472,front-seats-first-row,68159302AA,"Right | Seat Cushion Foam, Right",SINGLE-CATALOG CANDIDATE — may reflect option/trim/colour/supersession differences
2C3CCAEG4HH586472,front-seats-first-row,68159307AB,"Left | Seat Cushion Foam, Left",SINGLE-CATALOG CANDIDATE — may reflect option/trim/colour/supersession differences
2C3CCAEG4HH586472,front-seats-first-row,68349610AB,2017-2020 Chrysler 300 - Seat Back Foam Right | Right,SINGLE-CATALOG CANDIDATE — may reflect option/trim/colour/supersession differences
2C3CCAEG4HH586472,front-seats-first-row,68349611AB,2017-2020 Chrysler 300 - Seat Back Foam Left | Left,SINGLE-CATALOG CANDIDATE — may reflect option/trim/colour/supersession differences
2C3CCAEG4HH586472,front-seats-first-row,68370042AA,2012-2020 Chrysler 300 - Seat Back Foam Right | Right,SINGLE-CATALOG CANDIDATE — may reflect option/trim/colour/supersession differences
2C3CCAEG4HH586472,front-seats-first-row,6HZ55LA3AB,Front Seat Back Cover Left | Left,SINGLE-CATALOG CANDIDATE — may reflect option/trim/colour/supersession differences
2C3CCAEG4HH586472,front-seats-first-row,6HZ56LA3AB,Front Seat Back Cover Right | Right,SINGLE-CATALOG CANDIDATE — may reflect option/trim/colour/supersession differences
2C3CCAEG4HH586472,front-seats-first-row,6LZ70LA3AA,2017-2020 Chrysler 300 - Front Seat Back Cover Right | Right,SINGLE-CATALOG CANDIDATE — may reflect option/trim/colour/supersession differences
2C3CCAEG4HH586472,front-seats-first-row,6LZ70LK5AA,2017-2020 Chrysler 300 - Front Seat Back Cover Right | Right,SINGLE-CATALOG CANDIDATE — may reflect option/trim/colour/supersession differences
2C3CCAEG4HH586472,front-seats-first-row,6LZ70ND2AA,2017-2020 Chrysler 300 - Front Seat Back Cover Right | Right,SINGLE-CATALOG CANDIDATE — may reflect option/trim/colour/supersession differences
2C3CCAEG4HH586472,front-seats-first-row,6LZ71LA3AA,2017-2020 Chrysler 300 - Front Seat Back Cover Left | Left,SINGLE-CATALOG CANDIDATE — may reflect option/trim/colour/supersession differences
2C3CCAEG4HH586472,front-seats-first-row,6LZ71LK5AA,2017-2020 Chrysler 300 - Front Seat Back Cover Left | Left,SINGLE-CATALOG CANDIDATE — may reflect option/trim/colour/supersession differences
2C3CCAEG4HH586472,front-seats-first-row,6LZ71ND2AA,2017-2020 Chrysler 300 - Front Seat Back Cover Left,SINGLE-CATALOG CANDIDATE — may reflect option/trim/colour/supersession differences
2C3CCAEG4HH586472,front-seats-first-row,6LZ73LA3AA,2017-2020 Chrysler 300 - Front Seat Cushion Cover Left | Left,SINGLE-CATALOG CANDIDATE — may reflect option/trim/colour/supersession differences
2C3CCAEG4HH586472,front-seats-first-row,6LZ73LK5AA,2017-2020 Chrysler 300 - Front Seat Cushion Cover Left | Left,SINGLE-CATALOG CANDIDATE — may reflect option/trim/colour/supersession differences
2C3CCAEG4HH586472,front-seats-first-row,6LZ73ND2AA,"Front Seat Cushion Cover, Left | Left",SINGLE-CATALOG CANDIDATE — may reflect option/trim/colour/supersession differences
2C3CCAEG4HH586472,front-seats-first-row,6LZ74LA3AA,2017-2020 Chrysler 300 - Front Seat Cushion Cover Right,SINGLE-CATALOG CANDIDATE — may reflect option/trim/colour/supersession differences
2C3CCAEG4HH586472,front-seats-first-row,6LZ74LK5AA,2017-2020 Chrysler 300 - Front Seat Cushion Cover Right | Right,SINGLE-CATALOG CANDIDATE — may reflect option/trim/colour/supersession differences
2C3CCAEG4HH586472,front-seats-first-row,6LZ74ND2AA,"Front Seat Cushion Cover, Right | Right",SINGLE-CATALOG CANDIDATE — may reflect option/trim/colour/supersession differences
2C3CDXGJ2HH530684,instrument-panel,1QD22DX9AE,"Instrument Panel End Cap, Right | Right",SINGLE-CATALOG CANDIDATE — may reflect option/trim/colour/supersession differences
2C3CDXGJ2HH530684,instrument-panel,1SW62DX9AF,Kneeblocker | Steering Column Opening Kneeblocker,SINGLE-CATALOG CANDIDATE — may reflect option/trim/colour/supersession differences
2C3CDXGJ2HH530684,instrument-panel,1VM59DX9AC,"Air Conditioning & Heater Outlet, Left | Left",SINGLE-CATALOG CANDIDATE — may reflect option/trim/colour/supersession differences
2C3CDXGJ2HH530684,instrument-panel,1VM60DX9AB,"Air Conditioning & Heater Outlet, Right | Right",SINGLE-CATALOG CANDIDATE — may reflect option/trim/colour/supersession differences
2C3CDXGJ2HH530684,instrument-panel,1VM61DX9AB,"Center Outlet, Left | Left",SINGLE-CATALOG CANDIDATE — may reflect option/trim/colour/supersession differences
2C3CDXGJ2HH530684,instrument-panel,1VM62DX9AB,"Center Outlet, Right | Right",SINGLE-CATALOG CANDIDATE — may reflect option/trim/colour/supersession differences
2C3CDXGJ2HH530684,instrument-panel,5SP99DX9AB,Hider | Steering Column Shroud Gap Hider,SINGLE-CATALOG CANDIDATE — may reflect option/trim/colour/supersession differences
2C3CDXGJ2HH530684,instrument-panel,5YT02DX9AA,Hider | Steering Column Shroud Gap Hider,SINGLE-CATALOG CANDIDATE — may reflect option/trim/colour/supersession differences
2C3CDXGJ2HH530684,instrument-panel,6102132AA,Hex Head Screw,SINGLE-CATALOG CANDIDATE — may reflect option/trim/colour/supersession differences
2C3CDXGJ2HH530684,instrument-panel,6104368AA,Hex Head Bolt,SINGLE-CATALOG CANDIDATE — may reflect option/trim/colour/supersession differences
2C3CDXGJ2HH530684,instrument-panel,6507023AA,Screw,SINGLE-CATALOG CANDIDATE — may reflect option/trim/colour/supersession differences
2C3CDXGJ2HH530684,instrument-panel,6509940AA,Trailer Brake Hardware Component Kit,SINGLE-CATALOG CANDIDATE — may reflect option/trim/colour/supersession differences
2C3CDXGJ2HH530684,instrument-panel,6512212AA,Spring Nut,SINGLE-CATALOG CANDIDATE — may reflect option/trim/colour/supersession differences
2C3CDXGJ2HH530684,instrument-panel,68110641AA,"A/C Outlet Bezel, Chromed | Bezel",SINGLE-CATALOG CANDIDATE — may reflect option/trim/colour/supersession differences
2C3CDXGJ2HH530684,instrument-panel,68110642AA,"A/C Outlet Bezel, Right | Right",SINGLE-CATALOG CANDIDATE — may reflect option/trim/colour/supersession differences
2C3CDXGJ2HH530684,instrument-panel,68110643AA,"A/C Outlet Bezel, Left | Left",SINGLE-CATALOG CANDIDATE — may reflect option/trim/colour/supersession differences
2C3CDXGJ2HH530684,instrument-panel,68110649AA,Dampener | Glove Box Door Dampener,SINGLE-CATALOG CANDIDATE — may reflect option/trim/colour/supersession differences
2C3CDXGJ2HH530684,instrument-panel,68110650AA,Glove Box Door Latch Striker | Striker,SINGLE-CATALOG CANDIDATE — may reflect option/trim/colour/supersession differences
2C3CDXGJ2HH530684,instrument-panel,68161105AB,A/C Outlet Bezel | Bezel,SINGLE-CATALOG CANDIDATE — may reflect option/trim/colour/supersession differences
2C3CDXGJ2HH530684,instrument-panel,68217665AF,Instrument Panel Reinforcement | Reinforcement,SINGLE-CATALOG CANDIDATE — may reflect option/trim/colour/supersession differences
2C3CDXGJ2HH530684,instrument-panel,68270812AA,Instrument Panel Nameplate | Nameplate,SINGLE-CATALOG CANDIDATE — may reflect option/trim/colour/supersession differences
2C3CDXGJ2HH530684,instrument-panel,68294120AA,Instrument Cluster Bezel,SINGLE-CATALOG CANDIDATE — may reflect option/trim/colour/supersession differences
2C3CDXGJ2HH530684,instrument-panel,68294121AA,Instrument Cluster Bezel,SINGLE-CATALOG CANDIDATE — may reflect option/trim/colour/supersession differences
2C3CDXGJ2HH530684,instrument-panel,68294122AA,Bezel | Instrument Cluster Bezel,SINGLE-CATALOG CANDIDATE — may reflect option/trim/colour/supersession differences
2C3CDXGJ2HH530684,instrument-panel,68306652AA,Instrument Panel Reinforcement,SINGLE-CATALOG CANDIDATE — may reflect option/trim/colour/supersession differences
2C3CDXGJ2HH530684,instrument-panel,68311025AA,Instrument Cluster Bezel,SINGLE-CATALOG CANDIDATE — may reflect option/trim/colour/supersession differences
2C3CDXGJ2HH530684,instrument-panel,68319394AA,Instrument Cluster Bezel,SINGLE-CATALOG CANDIDATE — may reflect option/trim/colour/supersession differences
2C3CDXGJ2HH530684,instrument-panel,68319626AA,"A/C Outlet Bezel, Right | A/c Outlet Bezel",SINGLE-CATALOG CANDIDATE — may reflect option/trim/colour/supersession differences
2C3CDXGJ2HH530684,instrument-panel,68322969AA,Bezel | Instrument Cluster Bezel,SINGLE-CATALOG CANDIDATE — may reflect option/trim/colour/supersession differences
2C3CDXGJ2HH530684,instrument-panel,68359485AA,Instrument Panel Nameplate,SINGLE-CATALOG CANDIDATE — may reflect option/trim/colour/supersession differences
2C3CDXGJ2HH530684,instrument-panel,68368987AA,Instrument Panel Nameplate,SINGLE-CATALOG CANDIDATE — may reflect option/trim/colour/supersession differences
2C3CDXGJ2HH530684,instrument-panel,68377778AA,Bezel | Instrument Cluster Bezel,SINGLE-CATALOG CANDIDATE — may reflect option/trim/colour/supersession differences
2C3CDXGJ2HH530684,instrument-panel,68395106AA,A/C Outlet Bezel Right | Right,SINGLE-CATALOG CANDIDATE — may reflect option/trim/colour/supersession differences
2C3CDXGJ2HH530684,instrument-panel,68395107AA,A/C Outlet Bezel Left | Left,SINGLE-CATALOG CANDIDATE — may reflect option/trim/colour/supersession differences
2C3CDXGJ2HH530684,instrument-panel,68404422AA,Ignition Switch Trim Ring,SINGLE-CATALOG CANDIDATE — may reflect option/trim/colour/supersession differences
2C3CDXGJ2HH530684,instrument-panel,6DE19DX9AD,Instrument Panel Panel | Panel,SINGLE-CATALOG CANDIDATE — may reflect option/trim/colour/supersession differences
2C3CDXGJ2HH530684,instrument-panel,6DE36DX9AF,Instrument Panel Panel | Panel,SINGLE-CATALOG CANDIDATE — may reflect option/trim/colour/supersession differences
2C3CDXGJ2HH530684,instrument-panel,6DJ56DX9AD,Instrument Panel Panel | Panel,SINGLE-CATALOG CANDIDATE — may reflect option/trim/colour/supersession differences
2C3CDXGJ2HH530684,instrument-panel,6ED43DX9AD,Instrument Panel Panel | Panel,SINGLE-CATALOG CANDIDATE — may reflect option/trim/colour/supersession differences
2C3CDXGJ2HH530684,instrument-panel,6ED44DX9AE,Instrument Panel Panel,SINGLE-CATALOG CANDIDATE — may reflect option/trim/colour/supersession differences
2C3CCAEG4HH586472,instrument-panel,1JN63LC5AF,Kneeblocker | Steering Column Opening Kneeblocker,SINGLE-CATALOG CANDIDATE — may reflect option/trim/colour/supersession differences
2C3CCAEG4HH586472,instrument-panel,1JQ67LC5AK,Defroster Grille | Grille,SINGLE-CATALOG CANDIDATE — may reflect option/trim/colour/supersession differences
2C3CCAEG4HH586472,instrument-panel,1QD23LC5AF,"Instrument Panel End Cap, Left | Left",SINGLE-CATALOG CANDIDATE — may reflect option/trim/colour/supersession differences
2C3CCAEG4HH586472,instrument-panel,1QF13LC5AP,Box | Instrument Panel Glove Box,SINGLE-CATALOG CANDIDATE — may reflect option/trim/colour/supersession differences
2C3CCAEG4HH586472,instrument-panel,4746873,Lock Cylinder Tumbler Spring,SINGLE-CATALOG CANDIDATE — may reflect option/trim/colour/supersession differences
2C3CCAEG4HH586472,instrument-panel,5PL76DX9AD,"Air Conditioning & Heater Outlet, Center Right | Right",SINGLE-CATALOG CANDIDATE — may reflect option/trim/colour/supersession differences
2C3CCAEG4HH586472,instrument-panel,5RJ92DX9AA,"Air Conditioning & Heater Outlet, Right | Right",SINGLE-CATALOG CANDIDATE — may reflect option/trim/colour/supersession differences
2C3CCAEG4HH586472,instrument-panel,5RJ93DX9AA,"Air Conditioning & Heater Outlet, Left | Left",SINGLE-CATALOG CANDIDATE — may reflect option/trim/colour/supersession differences
2C3CCAEG4HH586472,instrument-panel,5RJ96DX9AA,"Air Conditioning & Heater Outlet, Right | Right",SINGLE-CATALOG CANDIDATE — may reflect option/trim/colour/supersession differences
2C3CCAEG4HH586472,instrument-panel,5RJ97DX9AA,"Air Conditioning & Heater Outlet, Left | Left",SINGLE-CATALOG CANDIDATE — may reflect option/trim/colour/supersession differences
2C3CCAEG4HH586472,instrument-panel,5ZB90DX9AA,Steering Column Shroud Gap Hider,SINGLE-CATALOG CANDIDATE — may reflect option/trim/colour/supersession differences
2C3CCAEG4HH586472,instrument-panel,5ZB91DX9AB,2015-2020 Chrysler 300 - Hood Bezel,SINGLE-CATALOG CANDIDATE — may reflect option/trim/colour/supersession differences
2C3CCAEG4HH586472,instrument-panel,5ZB91LA3AB,Bezel | Hood Bezel,SINGLE-CATALOG CANDIDATE — may reflect option/trim/colour/supersession differences
2C3CCAEG4HH586472,instrument-panel,5ZB91LK5AB,Bezel | Hood Bezel,SINGLE-CATALOG CANDIDATE — may reflect option/trim/colour/supersession differences
2C3CCAEG4HH586472,instrument-panel,5ZB91MTLAB,Bezel | Hood Bezel,SINGLE-CATALOG CANDIDATE — may reflect option/trim/colour/supersession differences
2C3CCAEG4HH586472,instrument-panel,5ZB91YSAAB,Bezel | Hood Bezel,SINGLE-CATALOG CANDIDATE — may reflect option/trim/colour/supersession differences
2C3CCAEG4HH586472,instrument-panel,5ZB92AAAAE,Instrument Panel Panel | Panel,SINGLE-CATALOG CANDIDATE — may reflect option/trim/colour/supersession differences
2C3CCAEG4HH586472,instrument-panel,5ZC69DX9AB,Hood Bezel,SINGLE-CATALOG CANDIDATE — may reflect option/trim/colour/supersession differences
2C3CCAEG4HH586472,instrument-panel,5ZC69LC5AB,2018-2020 Chrysler 300 - Hood Bezel,SINGLE-CATALOG CANDIDATE — may reflect option/trim/colour/supersession differences
2C3CCAEG4HH586472,instrument-panel,68141784AA,Ignition Switch Bracket,SINGLE-CATALOG CANDIDATE — may reflect option/trim/colour/supersession differences
2C3CCAEG4HH586472,instrument-panel,68159364AA,Export | Instrument Panel Applique,SINGLE-CATALOG CANDIDATE — may reflect option/trim/colour/supersession differences
2C3CCAEG4HH586472,instrument-panel,68159365AA,Applique | Instrument Panel Applique,SINGLE-CATALOG CANDIDATE — may reflect option/trim/colour/supersession differences
2C3CCAEG4HH586472,instrument-panel,68159366AA,Applique | Instrument Panel Applique,SINGLE-CATALOG CANDIDATE — may reflect option/trim/colour/supersession differences
2C3CCAEG4HH586472,instrument-panel,68159458AC,2015-2020 Chrysler 300 - Instrument Panel Applique | Instrument Panel Applique,SINGLE-CATALOG CANDIDATE — may reflect option/trim/colour/supersession differences
2C3CCAEG4HH586472,instrument-panel,68159459AC,2015-2020 Chrysler 300 - Instrument Panel Applique | Instrument Panel Applique,SINGLE-CATALOG CANDIDATE — may reflect option/trim/colour/supersession differences
2C3CCAEG4HH586472,instrument-panel,68159568AA,Applique | Instrument Panel Applique,SINGLE-CATALOG CANDIDATE — may reflect option/trim/colour/supersession differences
2C3CCAEG4HH586472,instrument-panel,68159569AA,Applique | Instrument Panel Applique,SINGLE-CATALOG CANDIDATE — may reflect option/trim/colour/supersession differences
2C3CCAEG4HH586472,instrument-panel,68159570AA,Applique | Instrument Panel Applique,SINGLE-CATALOG CANDIDATE — may reflect option/trim/colour/supersession differences
2C3CCAEG4HH586472,instrument-panel,68225095AD,Clock,SINGLE-CATALOG CANDIDATE — may reflect option/trim/colour/supersession differences
2C3CCAEG4HH586472,instrument-panel,68274708AC,2015-2020 Chrysler 300 - Instrument Panel Bezel | Bezel,SINGLE-CATALOG CANDIDATE — may reflect option/trim/colour/supersession differences
2C3CCAEG4HH586472,instrument-panel,68274709AC,2015-2020 Chrysler 300 - Instrument Panel Bezel | Bezel,SINGLE-CATALOG CANDIDATE — may reflect option/trim/colour/supersession differences
2C3CCAEG4HH586472,instrument-panel,68274740AA,Applique | Instrument Panel Applique,SINGLE-CATALOG CANDIDATE — may reflect option/trim/colour/supersession differences
2C3CCAEG4HH586472,instrument-panel,68274741AA,Applique | Instrument Panel Applique,SINGLE-CATALOG CANDIDATE — may reflect option/trim/colour/supersession differences
2C3CCAEG4HH586472,instrument-panel,68274742AA,Applique | Instrument Panel Applique,SINGLE-CATALOG CANDIDATE — may reflect option/trim/colour/supersession differences
2C3CCAEG4HH586472,instrument-panel,68293628AD,Vehicle Feature Controls Center Stack,SINGLE-CATALOG CANDIDATE — may reflect option/trim/colour/supersession differences
2C3CCAEG4HH586472,instrument-panel,68293629AC,Stack | Vehicle Feature Controls Center Stack,SINGLE-CATALOG CANDIDATE — may reflect option/trim/colour/supersession differences
2C3CCAEG4HH586472,instrument-panel,68293630AE,Vehicle Feature Controls Center Stack,SINGLE-CATALOG CANDIDATE — may reflect option/trim/colour/supersession differences
2C3CCAEG4HH586472,instrument-panel,68293631AD,2018 2019 Chrysler 300 - Vehicle Feature Controls Center Stack,SINGLE-CATALOG CANDIDATE — may reflect option/trim/colour/supersession differences
2C3CCAEG4HH586472,instrument-panel,68293632AD,2017-2020 Chrysler 300 - Vehicle Feature Controls Center Stack,SINGLE-CATALOG CANDIDATE — may reflect option/trim/colour/supersession differences
2C3CCAEG4HH586472,instrument-panel,68293633AD,Stack | Vehicle Feature Controls Center Stack,SINGLE-CATALOG CANDIDATE — may reflect option/trim/colour/supersession differences
2C3CCAEG4HH586472,instrument-panel,68293634AC,Stack | Vehicle Feature Controls Center Stack,SINGLE-CATALOG CANDIDATE — may reflect option/trim/colour/supersession differences
2C3CCAEG4HH586472,instrument-panel,68293635AC,Vehicle Feature Controls Center Stack,SINGLE-CATALOG CANDIDATE — may reflect option/trim/colour/supersession differences
2C3CCAEG4HH586472,instrument-panel,68293636AE,Vehicle Feature Controls Center Stack,SINGLE-CATALOG CANDIDATE — may reflect option/trim/colour/supersession differences
2C3CCAEG4HH586472,instrument-panel,68293637AE,Stack | Vehicle Feature Controls Center Stack,SINGLE-CATALOG CANDIDATE — may reflect option/trim/colour/supersession differences
2C3CCAEG4HH586472,instrument-panel,68293641AC,Vehicle Feature Controls Center Stack,SINGLE-CATALOG CANDIDATE — may reflect option/trim/colour/supersession differences
2C3CCAEG4HH586472,instrument-panel,68293651AC,Stack | Vehicle Feature Controls Center Stack,SINGLE-CATALOG CANDIDATE — may reflect option/trim/colour/supersession differences
2C3CCAEG4HH586472,instrument-panel,68293653AD,2018 2019 Chrysler 300 - Vehicle Feature Controls Center Stack,SINGLE-CATALOG CANDIDATE — may reflect option/trim/colour/supersession differences
2C3CCAEG4HH586472,instrument-panel,68296239AA,Clock,SINGLE-CATALOG CANDIDATE — may reflect option/trim/colour/supersession differences
2C3CCAEG4HH586472,instrument-panel,68346966AA,Applique | Instrument Panel Applique,SINGLE-CATALOG CANDIDATE — may reflect option/trim/colour/supersession differences
2C3CCAEG4HH586472,instrument-panel,68346967AA,Applique | Instrument Panel Applique,SINGLE-CATALOG CANDIDATE — may reflect option/trim/colour/supersession differences
2C3CCAEG4HH586472,instrument-panel,68346968AA,Applique | Instrument Panel Applique,SINGLE-CATALOG CANDIDATE — may reflect option/trim/colour/supersession differences
2C3CCAEG4HH586472,instrument-panel,6CL53DX9AE,Instrument Panel Panel | Panel,SINGLE-CATALOG CANDIDATE — may reflect option/trim/colour/supersession differences
2C3CCAEG4HH586472,instrument-panel,6CL53LC5AE,Instrument Panel Panel | Panel,SINGLE-CATALOG CANDIDATE — may reflect option/trim/colour/supersession differences
2C3CCAEG4HH586472,instrument-panel,6CL53YSAAE,Instrument Panel Panel | Panel,SINGLE-CATALOG CANDIDATE — may reflect option/trim/colour/supersession differences
2C3CCAEG4HH586472,instrument-panel,6LG79DX9AA,2018-2020 Chrysler 300 - Steering Column Shroud Gap Hider | Hider,SINGLE-CATALOG CANDIDATE — may reflect option/trim/colour/supersession differences
2C3CCAEG4HH586472,instrument-panel,6LG79LC5AA,2018-2020 Chrysler 300 - Steering Column Shroud Gap Hider | Hider,SINGLE-CATALOG CANDIDATE — may reflect option/trim/colour/supersession differences
2C3CCAEG4HH586472,instrument-panel,7TJ51DX9AA,"Air Conditioning & Heater Outlet, Center Left | Left",SINGLE-CATALOG CANDIDATE — may reflect option/trim/colour/supersession differences
2C3CDXGJ2HH530684,rear-seat-adjusters,1VL64LV5AA,Assist Strap | Strap,SINGLE-CATALOG CANDIDATE — may reflect option/trim/colour/supersession differences
2C3CDXGJ2HH530684,rear-seat-adjusters,68439661AA,Bracket | Seat Bracket,SINGLE-CATALOG CANDIDATE — may reflect option/trim/colour/supersession differences
2C3CCAEG4HH586472,rear-seat-adjusters,1TV15ML2AA,Close-Out Cover | Cover,SINGLE-CATALOG CANDIDATE — may reflect option/trim/colour/supersession differences
2C3CCAEG4HH586472,rear-seat-adjusters,1TV15ND2AA,Close-Out Cover | Cover,SINGLE-CATALOG CANDIDATE — may reflect option/trim/colour/supersession differences
2C3CCAEG4HH586472,rear-seat-adjusters,1UR141C3AA,Close-Out Cover | Cover,SINGLE-CATALOG CANDIDATE — may reflect option/trim/colour/supersession differences
2C3CCAEG4HH586472,rear-seat-adjusters,1UR14ML2AA,Close-Out Cover | Cover,SINGLE-CATALOG CANDIDATE — may reflect option/trim/colour/supersession differences
2C3CCAEG4HH586472,rear-seat-adjusters,1UR14ND2AA,Close-Out Cover | Cover,SINGLE-CATALOG CANDIDATE — may reflect option/trim/colour/supersession differences
2C3CCAEG4HH586472,rear-seat-adjusters,1UR18ML2AA,Close-Out Cover,SINGLE-CATALOG CANDIDATE — may reflect option/trim/colour/supersession differences
2C3CCAEG4HH586472,rear-seat-adjusters,1UR18ND2AA,Close-Out Cover,SINGLE-CATALOG CANDIDATE — may reflect option/trim/colour/supersession differences
2C3CCAEG4HH586472,rear-seat-adjusters,1VL641X9AA,Assist Strap | Strap,SINGLE-CATALOG CANDIDATE — may reflect option/trim/colour/supersession differences
2C3CCAEG4HH586472,rear-seat-adjusters,1VL64ML2AA,Assist Strap | Strap,SINGLE-CATALOG CANDIDATE — may reflect option/trim/colour/supersession differences
2C3CCAEG4HH586472,rear-seat-adjusters,1VL64ND2AA,Assist Strap | Strap,SINGLE-CATALOG CANDIDATE — may reflect option/trim/colour/supersession differences
2C3CDXGJ2HH530684,rear-seats-second-row,1DL16LV5AA,"Headrest Sleeve, Locking | Locking",SINGLE-CATALOG CANDIDATE — may reflect option/trim/colour/supersession differences
2C3CDXGJ2HH530684,rear-seats-second-row,1UY04LV5AB,"Headrest Sleeve, Non-Locking | Non-locking",SINGLE-CATALOG CANDIDATE — may reflect option/trim/colour/supersession differences
2C3CDXGJ2HH530684,rear-seats-second-row,1VL64DX9AA,Assist Strap,SINGLE-CATALOG CANDIDATE — may reflect option/trim/colour/supersession differences
2C3CDXGJ2HH530684,rear-seats-second-row,1VL64LV5AA,Assist Strap,SINGLE-CATALOG CANDIDATE — may reflect option/trim/colour/supersession differences
2C3CDXGJ2HH530684,rear-seats-second-row,5PT421KXAB,"Seat Bolster, Right",SINGLE-CATALOG CANDIDATE — may reflect option/trim/colour/supersession differences
2C3CDXGJ2HH530684,rear-seats-second-row,5PT421XCAB,"Seat Bolster, Right",SINGLE-CATALOG CANDIDATE — may reflect option/trim/colour/supersession differences
2C3CDXGJ2HH530684,rear-seats-second-row,5PT421XWAB,"Seat Bolster, Right",SINGLE-CATALOG CANDIDATE — may reflect option/trim/colour/supersession differences
2C3CDXGJ2HH530684,rear-seats-second-row,5PT431KXAB,"Seat Bolster, Left",SINGLE-CATALOG CANDIDATE — may reflect option/trim/colour/supersession differences
2C3CDXGJ2HH530684,rear-seats-second-row,5PT431XCAB,"Left | Seat Bolster, Left",SINGLE-CATALOG CANDIDATE — may reflect option/trim/colour/supersession differences
2C3CDXGJ2HH530684,rear-seats-second-row,5PT431XWAB,"Seat Bolster, Left",SINGLE-CATALOG CANDIDATE — may reflect option/trim/colour/supersession differences
2C3CDXGJ2HH530684,rear-seats-second-row,5SB021X9AB,"Seat Bolster, Right",SINGLE-CATALOG CANDIDATE — may reflect option/trim/colour/supersession differences
2C3CDXGJ2HH530684,rear-seats-second-row,5SB031X9AB,"Seat Bolster, Left",SINGLE-CATALOG CANDIDATE — may reflect option/trim/colour/supersession differences
2C3CDXGJ2HH530684,rear-seats-second-row,5XZ34DX9AA,Headrest | Rear Headrest,SINGLE-CATALOG CANDIDATE — may reflect option/trim/colour/supersession differences
2C3CDXGJ2HH530684,rear-seats-second-row,5XZ34LV5AA,Headrest | Rear Headrest,SINGLE-CATALOG CANDIDATE — may reflect option/trim/colour/supersession differences
2C3CDXGJ2HH530684,rear-seats-second-row,5XZ41DX9AA,Rear Seat Back Cover,SINGLE-CATALOG CANDIDATE — may reflect option/trim/colour/supersession differences
2C3CDXGJ2HH530684,rear-seats-second-row,5XZ41LV5AA,Rear Seat Back Cover,SINGLE-CATALOG CANDIDATE — may reflect option/trim/colour/supersession differences
2C3CDXGJ2HH530684,rear-seats-second-row,5XZ42DX9AA,Rear Seat Back Cover,SINGLE-CATALOG CANDIDATE — may reflect option/trim/colour/supersession differences
2C3CDXGJ2HH530684,rear-seats-second-row,5XZ42LV5AA,Rear Seat Back Cover,SINGLE-CATALOG CANDIDATE — may reflect option/trim/colour/supersession differences
2C3CDXGJ2HH530684,rear-seats-second-row,5XZ43DX9AA,Rear Seat Cushion Cover,SINGLE-CATALOG CANDIDATE — may reflect option/trim/colour/supersession differences
2C3CDXGJ2HH530684,rear-seats-second-row,5XZ43LV5AA,Rear Seat Cushion Cover,SINGLE-CATALOG CANDIDATE — may reflect option/trim/colour/supersession differences
2C3CDXGJ2HH530684,rear-seats-second-row,5XZ51DX9AB,Rear Seat Back Cover,SINGLE-CATALOG CANDIDATE — may reflect option/trim/colour/supersession differences
2C3CDXGJ2HH530684,rear-seats-second-row,5XZ51LR5AA,Rear Seat Back Cover,SINGLE-CATALOG CANDIDATE — may reflect option/trim/colour/supersession differences
2C3CDXGJ2HH530684,rear-seats-second-row,5XZ52DX9AB,Cover | Rear Seat Back Cover,SINGLE-CATALOG CANDIDATE — may reflect option/trim/colour/supersession differences
2C3CDXGJ2HH530684,rear-seats-second-row,5XZ52LR5AB,Rear Seat Back Cover,SINGLE-CATALOG CANDIDATE — may reflect option/trim/colour/supersession differences
2C3CDXGJ2HH530684,rear-seats-second-row,5XZ53DX9AB,Rear Seat Cushion Cover,SINGLE-CATALOG CANDIDATE — may reflect option/trim/colour/supersession differences
2C3CDXGJ2HH530684,rear-seats-second-row,5XZ53LR5AB,Cover | Rear Seat Cushion Cover,SINGLE-CATALOG CANDIDATE — may reflect option/trim/colour/supersession differences
2C3CDXGJ2HH530684,rear-seats-second-row,5XZ58DX9AB,Cover | Rear Seat Back Cover,SINGLE-CATALOG CANDIDATE — may reflect option/trim/colour/supersession differences
2C3CDXGJ2HH530684,rear-seats-second-row,5XZ58LR5AB,Cover | Rear Seat Back Cover,SINGLE-CATALOG CANDIDATE — may reflect option/trim/colour/supersession differences
2C3CDXGJ2HH530684,rear-seats-second-row,5XZ59DX9AB,Cover | Rear Seat Back Cover,SINGLE-CATALOG CANDIDATE — may reflect option/trim/colour/supersession differences
2C3CDXGJ2HH530684,rear-seats-second-row,5XZ59LR5AB,Cover | Rear Seat Back Cover,SINGLE-CATALOG CANDIDATE — may reflect option/trim/colour/supersession differences
2C3CDXGJ2HH530684,rear-seats-second-row,5XZ61DX9AA,Rear Seat Cushion Cover,SINGLE-CATALOG CANDIDATE — may reflect option/trim/colour/supersession differences
2C3CDXGJ2HH530684,rear-seats-second-row,5XZ61LR5AA,Cover | Rear Seat Cushion Cover,SINGLE-CATALOG CANDIDATE — may reflect option/trim/colour/supersession differences
2C3CDXGJ2HH530684,rear-seats-second-row,5XZ74DX9AA,Rear Seat Back Cover,SINGLE-CATALOG CANDIDATE — may reflect option/trim/colour/supersession differences
2C3CDXGJ2HH530684,rear-seats-second-row,5XZ75DX9AA,Rear Seat Cushion Cover,SINGLE-CATALOG CANDIDATE — may reflect option/trim/colour/supersession differences
2C3CDXGJ2HH530684,rear-seats-second-row,5YA00DX9AA,Rear Seat Back Cover,SINGLE-CATALOG CANDIDATE — may reflect option/trim/colour/supersession differences
2C3CDXGJ2HH530684,rear-seats-second-row,5YA01DX9AA,Rear Seat Back Cover,SINGLE-CATALOG CANDIDATE — may reflect option/trim/colour/supersession differences
2C3CDXGJ2HH530684,rear-seats-second-row,5YA11DX9AA,Rear Seat Cushion Cover,SINGLE-CATALOG CANDIDATE — may reflect option/trim/colour/supersession differences
2C3CDXGJ2HH530684,rear-seats-second-row,5YA33DX9AA,Rear Seat Back Cover,SINGLE-CATALOG CANDIDATE — may reflect option/trim/colour/supersession differences
2C3CDXGJ2HH530684,rear-seats-second-row,5YA33LR5AA,Rear Seat Back Cover,SINGLE-CATALOG CANDIDATE — may reflect option/trim/colour/supersession differences
2C3CDXGJ2HH530684,rear-seats-second-row,5YA34DX9AA,Rear Seat Back Cover,SINGLE-CATALOG CANDIDATE — may reflect option/trim/colour/supersession differences
2C3CDXGJ2HH530684,rear-seats-second-row,5YA34LR5AB,Cover | Rear Seat Back Cover,SINGLE-CATALOG CANDIDATE — may reflect option/trim/colour/supersession differences
2C3CDXGJ2HH530684,rear-seats-second-row,5YA35DX9AB,Cover | Rear Seat Cushion Cover,SINGLE-CATALOG CANDIDATE — may reflect option/trim/colour/supersession differences
2C3CDXGJ2HH530684,rear-seats-second-row,5YA35LR5AA,Rear Seat Cushion Cover,SINGLE-CATALOG CANDIDATE — may reflect option/trim/colour/supersession differences
2C3CDXGJ2HH530684,rear-seats-second-row,5YA35LR5AB,Cover | Rear Seat Cushion Cover,SINGLE-CATALOG CANDIDATE — may reflect option/trim/colour/supersession differences
2C3CDXGJ2HH530684,rear-seats-second-row,5YB53DX9AA,Headrest | Rear Headrest,SINGLE-CATALOG CANDIDATE — may reflect option/trim/colour/supersession differences
2C3CDXGJ2HH530684,rear-seats-second-row,5YB74DX9AA,Rear Seat Back Cover,SINGLE-CATALOG CANDIDATE — may reflect option/trim/colour/supersession differences
2C3CDXGJ2HH530684,rear-seats-second-row,5YB75DX9AA,Rear Seat Back Cover,SINGLE-CATALOG CANDIDATE — may reflect option/trim/colour/supersession differences
2C3CDXGJ2HH530684,rear-seats-second-row,5YB76DX9AA,Rear Seat Cushion Cover,SINGLE-CATALOG CANDIDATE — may reflect option/trim/colour/supersession differences
2C3CDXGJ2HH530684,rear-seats-second-row,5YB76LA8AA,Rear Seat Cushion Cover,SINGLE-CATALOG CANDIDATE — may reflect option/trim/colour/supersession differences
2C3CDXGJ2HH530684,rear-seats-second-row,5YB81DW1AB,Rear Seat Back Cover,SINGLE-CATALOG CANDIDATE — may reflect option/trim/colour/supersession differences
2C3CDXGJ2HH530684,rear-seats-second-row,5YB82DW1AA,Rear Seat Back Cover,SINGLE-CATALOG CANDIDATE — may reflect option/trim/colour/supersession differences
2C3CDXGJ2HH530684,rear-seats-second-row,5YB83DW1AA,Rear Seat Cushion Cover,SINGLE-CATALOG CANDIDATE — may reflect option/trim/colour/supersession differences
2C3CDXGJ2HH530684,rear-seats-second-row,68275385AA,Foam | Seat Back Foam,SINGLE-CATALOG CANDIDATE — may reflect option/trim/colour/supersession differences
2C3CDXGJ2HH530684,rear-seats-second-row,68275386AA,Foam | Seat Back Foam,SINGLE-CATALOG CANDIDATE — may reflect option/trim/colour/supersession differences
2C3CDXGJ2HH530684,rear-seats-second-row,68275387AA,Foam | Seat Cushion Foam,SINGLE-CATALOG CANDIDATE — may reflect option/trim/colour/supersession differences
2C3CDXGJ2HH530684,rear-seats-second-row,68284429AA,Foam | Seat Back Foam,SINGLE-CATALOG CANDIDATE — may reflect option/trim/colour/supersession differences
2C3CDXGJ2HH530684,rear-seats-second-row,6AL35DX9AA,Rear Seat Back Cover,SINGLE-CATALOG CANDIDATE — may reflect option/trim/colour/supersession differences
2C3CDXGJ2HH530684,rear-seats-second-row,6AL95LR5AB,Rear Seat Back Cover,SINGLE-CATALOG CANDIDATE — may reflect option/trim/colour/supersession differences
2C3CDXGJ2HH530684,rear-seats-second-row,6DG41DX9AA,Cover | Rear Seat Back Cover,SINGLE-CATALOG CANDIDATE — may reflect option/trim/colour/supersession differences
2C3CDXGJ2HH530684,rear-seats-second-row,6DG41LV5AA,Rear Seat Back Cover,SINGLE-CATALOG CANDIDATE — may reflect option/trim/colour/supersession differences
2C3CDXGJ2HH530684,rear-seats-second-row,6EP79LA8AA,Rear Seat Back Cover,SINGLE-CATALOG CANDIDATE — may reflect option/trim/colour/supersession differences
2C3CDXGJ2HH530684,rear-seats-second-row,6EP80LA8AA,Cover | Rear Seat Back Cover,SINGLE-CATALOG CANDIDATE — may reflect option/trim/colour/supersession differences
2C3CDXGJ2HH530684,rear-seats-second-row,6EP81LA8AA,Rear Seat Cushion Cover,SINGLE-CATALOG CANDIDATE — may reflect option/trim/colour/supersession differences
2C3CDXGJ2HH530684,rear-seats-second-row,6HZ46LK5AA,Rear Seat Back Cover,SINGLE-CATALOG CANDIDATE — may reflect option/trim/colour/supersession differences
2C3CDXGJ2HH530684,rear-seats-second-row,6HZ47LK5AA,Rear Seat Back Cover,SINGLE-CATALOG CANDIDATE — may reflect option/trim/colour/supersession differences
2C3CDXGJ2HH530684,rear-seats-second-row,6HZ48LK5AA,Rear Seat Cushion Cover,SINGLE-CATALOG CANDIDATE — may reflect option/trim/colour/supersession differences
2C3CDXGJ2HH530684,rear-seats-second-row,6RM701X9AA,Seat Bolster Right,SINGLE-CATALOG CANDIDATE — may reflect option/trim/colour/supersession differences
2C3CDXGJ2HH530684,rear-seats-second-row,6RM711X9AA,Left | Seat Bolster Left,SINGLE-CATALOG CANDIDATE — may reflect option/trim/colour/supersession differences
2C3CDXGJ2HH530684,rear-seats-second-row,6RM801X9AA,Right | Seat Bolster Right,SINGLE-CATALOG CANDIDATE — may reflect option/trim/colour/supersession differences
2C3CDXGJ2HH530684,rear-seats-second-row,6RM811X9AA,Left | Seat Bolster Left,SINGLE-CATALOG CANDIDATE — may reflect option/trim/colour/supersession differences
2C3CCAEG4HH586472,rear-seats-second-row,1DL16ML2AA,"Headrest Sleeve, Locking | Locking",SINGLE-CATALOG CANDIDATE — may reflect option/trim/colour/supersession differences
2C3CCAEG4HH586472,rear-seats-second-row,1DL16ND2AA,"Headrest Sleeve, Locking | Locking",SINGLE-CATALOG CANDIDATE — may reflect option/trim/colour/supersession differences
2C3CCAEG4HH586472,rear-seats-second-row,1UY04LC5AB,"Headrest Sleeve, Non-Locking | Non-locking",SINGLE-CATALOG CANDIDATE — may reflect option/trim/colour/supersession differences
2C3CCAEG4HH586472,rear-seats-second-row,1UY04ML2AB,"Headrest Sleeve, Non-Locking | Non-locking",SINGLE-CATALOG CANDIDATE — may reflect option/trim/colour/supersession differences
2C3CCAEG4HH586472,rear-seats-second-row,1UY04ND2AB,"Headrest Sleeve, Non-Locking | Non-locking",SINGLE-CATALOG CANDIDATE — may reflect option/trim/colour/supersession differences
2C3CCAEG4HH586472,rear-seats-second-row,1VV33DX9AB,Armrest Bin | Bin,SINGLE-CATALOG CANDIDATE — may reflect option/trim/colour/supersession differences
2C3CCAEG4HH586472,rear-seats-second-row,1VV33ML2AB,Armrest Bin | Bin,SINGLE-CATALOG CANDIDATE — may reflect option/trim/colour/supersession differences
2C3CCAEG4HH586472,rear-seats-second-row,1VV33ND2AB,Armrest Bin | Bin,SINGLE-CATALOG CANDIDATE — may reflect option/trim/colour/supersession differences
2C3CCAEG4HH586472,rear-seats-second-row,5PT423X9AB,"Right | Seat Bolster, Right",SINGLE-CATALOG CANDIDATE — may reflect option/trim/colour/supersession differences
2C3CCAEG4HH586472,rear-seats-second-row,5PT433X9AB,"Left | Seat Bolster, Left",SINGLE-CATALOG CANDIDATE — may reflect option/trim/colour/supersession differences
2C3CCAEG4HH586472,rear-seats-second-row,5PT441X9AB,"Right | Seat Bolster, Right",SINGLE-CATALOG CANDIDATE — may reflect option/trim/colour/supersession differences
2C3CCAEG4HH586472,rear-seats-second-row,5PT451X9AB,"Left | Seat Bolster, Left",SINGLE-CATALOG CANDIDATE — may reflect option/trim/colour/supersession differences
2C3CCAEG4HH586472,rear-seats-second-row,5XZ51LA3AB,Cover | Rear Seat Back Cover,SINGLE-CATALOG CANDIDATE — may reflect option/trim/colour/supersession differences
2C3CCAEG4HH586472,rear-seats-second-row,5XZ52LA3AB,Cover | Rear Seat Back Cover,SINGLE-CATALOG CANDIDATE — may reflect option/trim/colour/supersession differences
2C3CCAEG4HH586472,rear-seats-second-row,5XZ53LA3AB,Cover | Rear Seat Cushion Cover,SINGLE-CATALOG CANDIDATE — may reflect option/trim/colour/supersession differences
2C3CCAEG4HH586472,rear-seats-second-row,5YA39ML2AA,Headrest | Rear Headrest,SINGLE-CATALOG CANDIDATE — may reflect option/trim/colour/supersession differences
2C3CCAEG4HH586472,rear-seats-second-row,5YA39ND2AA,Headrest | Rear Headrest,SINGLE-CATALOG CANDIDATE — may reflect option/trim/colour/supersession differences
2C3CCAEG4HH586472,rear-seats-second-row,5ZC13DX9AA,Cover | Rear Seat Cushion Cover,SINGLE-CATALOG CANDIDATE — may reflect option/trim/colour/supersession differences
2C3CCAEG4HH586472,rear-seats-second-row,5ZC13ML2AA,Cover | Rear Seat Cushion Cover,SINGLE-CATALOG CANDIDATE — may reflect option/trim/colour/supersession differences
2C3CCAEG4HH586472,rear-seats-second-row,5ZC15DX9AA,Headrest | Rear Headrest,SINGLE-CATALOG CANDIDATE — may reflect option/trim/colour/supersession differences
2C3CCAEG4HH586472,rear-seats-second-row,5ZC15ML2AA,Headrest | Rear Headrest,SINGLE-CATALOG CANDIDATE — may reflect option/trim/colour/supersession differences
2C3CCAEG4HH586472,rear-seats-second-row,5ZC23DX9AA,Cover | Rear Seat Cushion Cover,SINGLE-CATALOG CANDIDATE — may reflect option/trim/colour/supersession differences
2C3CCAEG4HH586472,rear-seats-second-row,5ZC23ML2AA,Cover | Rear Seat Cushion Cover,SINGLE-CATALOG CANDIDATE — may reflect option/trim/colour/supersession differences
2C3CCAEG4HH586472,rear-seats-second-row,5ZC25DX9AA,Headrest | Rear Headrest,SINGLE-CATALOG CANDIDATE — may reflect option/trim/colour/supersession differences
2C3CCAEG4HH586472,rear-seats-second-row,5ZC25ML2AA,Headrest | Rear Headrest,SINGLE-CATALOG CANDIDATE — may reflect option/trim/colour/supersession differences
2C3CCAEG4HH586472,rear-seats-second-row,5ZC32DX9AB,2015-2020 Chrysler 300 - Rear Seat Cushion Cover | Cover,SINGLE-CATALOG CANDIDATE — may reflect option/trim/colour/supersession differences
2C3CCAEG4HH586472,rear-seats-second-row,5ZC32ML2AB,2015-2020 Chrysler 300 - Rear Seat Cushion Cover | Cover,SINGLE-CATALOG CANDIDATE — may reflect option/trim/colour/supersession differences
2C3CCAEG4HH586472,rear-seats-second-row,5ZC33DX9AA,Armrest | Rear Seat Center Armrest,SINGLE-CATALOG CANDIDATE — may reflect option/trim/colour/supersession differences
2C3CCAEG4HH586472,rear-seats-second-row,5ZC33ML2AA,Armrest | Rear Seat Center Armrest,SINGLE-CATALOG CANDIDATE — may reflect option/trim/colour/supersession differences
2C3CCAEG4HH586472,rear-seats-second-row,5ZC34DX9AA,Cover | Rear Seat Back Cover,SINGLE-CATALOG CANDIDATE — may reflect option/trim/colour/supersession differences
2C3CCAEG4HH586472,rear-seats-second-row,5ZC34ML2AA,Cover | Rear Seat Back Cover,SINGLE-CATALOG CANDIDATE — may reflect option/trim/colour/supersession differences
2C3CCAEG4HH586472,rear-seats-second-row,5ZC35DX9AA,Cover | Rear Seat Back Cover,SINGLE-CATALOG CANDIDATE — may reflect option/trim/colour/supersession differences
2C3CCAEG4HH586472,rear-seats-second-row,5ZC35ML2AA,Cover | Rear Seat Back Cover,SINGLE-CATALOG CANDIDATE — may reflect option/trim/colour/supersession differences
2C3CCAEG4HH586472,rear-seats-second-row,5ZC39LA3AD,Rear Seat Back Cover,SINGLE-CATALOG CANDIDATE — may reflect option/trim/colour/supersession differences
2C3CCAEG4HH586472,rear-seats-second-row,5ZC43LA3AB,Rear Seat Cushion Cover,SINGLE-CATALOG CANDIDATE — may reflect option/trim/colour/supersession differences
2C3CCAEG4HH586472,rear-seats-second-row,5ZC48DX9AB,2013-2020 Chrysler 300 - Rear Seat Back Cover | Cover,SINGLE-CATALOG CANDIDATE — may reflect option/trim/colour/supersession differences
2C3CCAEG4HH586472,rear-seats-second-row,5ZC49DX9AB,2013-2020 Chrysler 300 - Rear Seat Back Cover | Cover,SINGLE-CATALOG CANDIDATE — may reflect option/trim/colour/supersession differences
2C3CCAEG4HH586472,rear-seats-second-row,5ZC49ML2AB,2013-2020 Chrysler 300 - Rear Seat Back Cover | Cover,SINGLE-CATALOG CANDIDATE — may reflect option/trim/colour/supersession differences
2C3CCAEG4HH586472,rear-seats-second-row,5ZC54DX9AA,Armrest | Rear Seat Center Armrest,SINGLE-CATALOG CANDIDATE — may reflect option/trim/colour/supersession differences
2C3CCAEG4HH586472,rear-seats-second-row,5ZC54MBBAA,Armrest | Rear Seat Center Armrest,SINGLE-CATALOG CANDIDATE — may reflect option/trim/colour/supersession differences
2C3CCAEG4HH586472,rear-seats-second-row,5ZC54ML2AA,Armrest | Rear Seat Center Armrest,SINGLE-CATALOG CANDIDATE — may reflect option/trim/colour/supersession differences
2C3CCAEG4HH586472,rear-seats-second-row,5ZC54ND2AA,Armrest | Rear Seat Center Armrest,SINGLE-CATALOG CANDIDATE — may reflect option/trim/colour/supersession differences
2C3CCAEG4HH586472,rear-seats-second-row,5ZC59ML2AB,2015-2020 Chrysler 300 - Rear Seat Back Cover | Cover,SINGLE-CATALOG CANDIDATE — may reflect option/trim/colour/supersession differences
2C3CCAEG4HH586472,rear-seats-second-row,5ZC60DX9AB,2015-2020 Chrysler 300 - Rear Seat Back Cover | Cover,SINGLE-CATALOG CANDIDATE — may reflect option/trim/colour/supersession differences
2C3CCAEG4HH586472,rear-seats-second-row,5ZC60ML2AB,2015-2020 Chrysler 300 - Rear Seat Back Cover | Cover,SINGLE-CATALOG CANDIDATE — may reflect option/trim/colour/supersession differences
2C3CCAEG4HH586472,rear-seats-second-row,5ZP61DX9AA,Cup-Holder | Cupholder,SINGLE-CATALOG CANDIDATE — may reflect option/trim/colour/supersession differences
2C3CCAEG4HH586472,rear-seats-second-row,5ZP61ML2AA,Cup-Holder | Cupholder,SINGLE-CATALOG CANDIDATE — may reflect option/trim/colour/supersession differences
2C3CCAEG4HH586472,rear-seats-second-row,5ZP61ND2AA,Cup-Holder | Cupholder,SINGLE-CATALOG CANDIDATE — may reflect option/trim/colour/supersession differences
2C3CCAEG4HH586472,rear-seats-second-row,5ZP76DX9AA,Center Console Storage Lid | Lid,SINGLE-CATALOG CANDIDATE — may reflect option/trim/colour/supersession differences
2C3CCAEG4HH586472,rear-seats-second-row,5ZP76ML2AA,Center Console Storage Lid | Lid,SINGLE-CATALOG CANDIDATE — may reflect option/trim/colour/supersession differences
2C3CCAEG4HH586472,rear-seats-second-row,5ZP76ND2AA,Center Console Storage Lid | Lid,SINGLE-CATALOG CANDIDATE — may reflect option/trim/colour/supersession differences
2C3CCAEG4HH586472,rear-seats-second-row,68104327AA,Cap | Rear Seat Cup Holder,SINGLE-CATALOG CANDIDATE — may reflect option/trim/colour/supersession differences
2C3CCAEG4HH586472,rear-seats-second-row,68104482AA,Armrest Lid Hinge Pin,SINGLE-CATALOG CANDIDATE — may reflect option/trim/colour/supersession differences
2C3CCAEG4HH586472,rear-seats-second-row,68104600AA,Foam | Seat Back Foam,SINGLE-CATALOG CANDIDATE — may reflect option/trim/colour/supersession differences
2C3CCAEG4HH586472,rear-seats-second-row,68104601AA,Foam | Seat Back Foam,SINGLE-CATALOG CANDIDATE — may reflect option/trim/colour/supersession differences
2C3CCAEG4HH586472,rear-seats-second-row,68158388AA,Foam | Seat Cushion Foam,SINGLE-CATALOG CANDIDATE — may reflect option/trim/colour/supersession differences
2C3CCAEG4HH586472,rear-seats-second-row,6CS213X9AB,"Left | Seat Bolster, Left",SINGLE-CATALOG CANDIDATE — may reflect option/trim/colour/supersession differences
2C3CCAEG4HH586472,rear-seats-second-row,6CS221KXAB,"Right | Seat Bolster, Right",SINGLE-CATALOG CANDIDATE — may reflect option/trim/colour/supersession differences
2C3CCAEG4HH586472,rear-seats-second-row,6CS223X9AB,"Right | Seat Bolster, Right",SINGLE-CATALOG CANDIDATE — may reflect option/trim/colour/supersession differences
2C3CCAEG4HH586472,rear-seats-second-row,6LZ75LA3AA,2017-2020 Chrysler 300 - Rear Seat Back Cover | Cover,SINGLE-CATALOG CANDIDATE — may reflect option/trim/colour/supersession differences
2C3CCAEG4HH586472,rear-seats-second-row,6LZ75LK5AA,2017-2020 Chrysler 300 - Rear Seat Back Cover | Cover,SINGLE-CATALOG CANDIDATE — may reflect option/trim/colour/supersession differences
2C3CCAEG4HH586472,rear-seats-second-row,6LZ75ND2AA,Cover | Rear Seat Back Cover,SINGLE-CATALOG CANDIDATE — may reflect option/trim/colour/supersession differences
2C3CCAEG4HH586472,rear-seats-second-row,6LZ76LA3AA,2017-2020 Chrysler 300 - Rear Seat Back Cover | Cover,SINGLE-CATALOG CANDIDATE — may reflect option/trim/colour/supersession differences
2C3CCAEG4HH586472,rear-seats-second-row,6LZ76LK5AA,2017-2020 Chrysler 300 - Rear Seat Back Cover | Cover,SINGLE-CATALOG CANDIDATE — may reflect option/trim/colour/supersession differences
2C3CCAEG4HH586472,rear-seats-second-row,6LZ76ND2AA,Cover | Rear Seat Back Cover,SINGLE-CATALOG CANDIDATE — may reflect option/trim/colour/supersession differences
2C3CCAEG4HH586472,rear-seats-second-row,6LZ77LA3AA,2017-2020 Chrysler 300 - Rear Seat Cushion Cover | Cover,SINGLE-CATALOG CANDIDATE — may reflect option/trim/colour/supersession differences
2C3CCAEG4HH586472,rear-seats-second-row,6LZ77LK5AA,2017-2020 Chrysler 300 - Rear Seat Cushion Cover | Cover,SINGLE-CATALOG CANDIDATE — may reflect option/trim/colour/supersession differences
2C3CCAEG4HH586472,rear-seats-second-row,6LZ77ND2AA,Cover | Rear Seat Cushion Cover,SINGLE-CATALOG CANDIDATE — may reflect option/trim/colour/supersession differences
2C3CCAEG4HH586472,rear-seats-second-row,6RM731X9AA,2019 2020 Chrysler 300 - Seat Bolster Left | Left,SINGLE-CATALOG CANDIDATE — may reflect option/trim/colour/supersession differences
2C3CCAEG4HH586472,rear-seats-second-row,6RM761X9AA,2015-2020 Chrysler 300 - Seat Bolster Right | Right,SINGLE-CATALOG CANDIDATE — may reflect option/trim/colour/supersession differences
2C3CCAEG4HH586472,rear-seats-second-row,6RM911KXAA,2017-2020 Chrysler 300 - Seat Bolster Left | Left,SINGLE-CATALOG CANDIDATE — may reflect option/trim/colour/supersession differences
2C3CCAEG4HH586472,rear-seats-second-row,6RM922XDAA,"Seat Bolster, Right",SINGLE-CATALOG CANDIDATE — may reflect option/trim/colour/supersession differences
2C3CCAEG4HH586472,rear-seats-second-row,6RM932XDAA,"Seat Bolster, Left",SINGLE-CATALOG CANDIDATE — may reflect option/trim/colour/supersession differences
2C3CDXGJ2HH530684,seat-belts,1HZ053L1AI,Left,SINGLE-CATALOG CANDIDATE — may reflect option/trim/colour/supersession differences
2C3CDXGJ2HH530684,seat-belts,1HZ053T5AH,Left,SINGLE-CATALOG CANDIDATE — may reflect option/trim/colour/supersession differences
2C3CDXGJ2HH530684,seat-belts,1TR581X9AH,Front Inner Seat Belt | Left,SINGLE-CATALOG CANDIDATE — may reflect option/trim/colour/supersession differences
2C3CDXGJ2HH530684,seat-belts,68770738AA,"Left | Retractor Seat Belt, Left",SINGLE-CATALOG CANDIDATE — may reflect option/trim/colour/supersession differences
2C3CDXGJ2HH530684,seat-belts,68770740AA,"Retractor Seat Belt, Right | Right",SINGLE-CATALOG CANDIDATE — may reflect option/trim/colour/supersession differences
2C3CDXGJ2HH530684,seat-belts,68770743AA,"2nd Rear Center Seat Belt, Right | Right",SINGLE-CATALOG CANDIDATE — may reflect option/trim/colour/supersession differences
2C3CCAEG4HH586472,seat-belts,1HZ052L1AI,Left,SINGLE-CATALOG CANDIDATE — may reflect option/trim/colour/supersession differences
2C3CCAEG4HH586472,seat-belts,1HZ07DX9AI,Left,SINGLE-CATALOG CANDIDATE — may reflect option/trim/colour/supersession differences
2C3CCAEG4HH586472,seat-belts,1HZ08LC5AI,Right,SINGLE-CATALOG CANDIDATE — may reflect option/trim/colour/supersession differences
2C3CCAEG4HH586472,seat-belts,1HZ141C5AE,Assy | Buckle Assembly-S/Belt Buckle Assembly,SINGLE-CATALOG CANDIDATE — may reflect option/trim/colour/supersession differences
2C3CCAEG4HH586472,seat-belts,68770855AA,Belt | Retractor Seat Belt,SINGLE-CATALOG CANDIDATE — may reflect option/trim/colour/supersession differences
2C3CCAEG4HH586472,seat-belts,68770856AA,Belt | Retractor Seat Belt,SINGLE-CATALOG CANDIDATE — may reflect option/trim/colour/supersession differences
2C3CCAEG4HH586472,seat-belts,68770859AA,2nd Rear Center Seat Belt | Belt,SINGLE-CATALOG CANDIDATE — may reflect option/trim/colour/supersession differences
2C3CCAEG4HH586472,seat-belts,68770860AA,2nd Rear Center Seat Belt | Belt,SINGLE-CATALOG CANDIDATE — may reflect option/trim/colour/supersession differences
2C3CCAEG4HH586472,seat-belts,6ET081C5AB,Right,SINGLE-CATALOG CANDIDATE — may reflect option/trim/colour/supersession differences
2C3CCAEG4HH586472,seat-belts,6ET091C5AB,Left,SINGLE-CATALOG CANDIDATE — may reflect option/trim/colour/supersession differences
2C3CDXGJ2HH530684,steering-column,55057336AC,Coupling | Steering Coupling,SINGLE-CATALOG CANDIDATE — may reflect option/trim/colour/supersession differences
2C3CDXGJ2HH530684,steering-column,6104386AA,Hex Head Bolt And Washer | Washer,SINGLE-CATALOG CANDIDATE — may reflect option/trim/colour/supersession differences
2C3CDXGJ2HH530684,steering-column,68248471AD,Column | Steering Column,SINGLE-CATALOG CANDIDATE — may reflect option/trim/colour/supersession differences
2C3CCAEG4HH586472,steering-column,5097674AA,Hex Nut | Nut,SINGLE-CATALOG CANDIDATE — may reflect option/trim/colour/supersession differences
2C3CCAEG4HH586472,steering-column,55057340AB,Coupling | Steering Coupling,SINGLE-CATALOG CANDIDATE — may reflect option/trim/colour/supersession differences
2C3CCAEG4HH586472,steering-column,68083595AD,"Coupling | Steering Coupling, All Wheel Drive",SINGLE-CATALOG CANDIDATE — may reflect option/trim/colour/supersession differences
2C3CCAEG4HH586472,steering-column,68140568AG,2014-2020 Mopar Steering Column | Column,SINGLE-CATALOG CANDIDATE — may reflect option/trim/colour/supersession differences
2C3CCAEG4HH586472,steering-column,68259475AD,2015-2021 Mopar Steering Column All Wheel Drive | Column,SINGLE-CATALOG CANDIDATE — may reflect option/trim/colour/supersession differences
2C3CDXGJ2HH530684,steering-wheel,5SQ18JSLAA,"Bezel | Steering Wheel Bezel, Left",SINGLE-CATALOG CANDIDATE — may reflect option/trim/colour/supersession differences
2C3CDXGJ2HH530684,steering-wheel,5SQ18JXPAA,Bezel | Steering Wheel Bezel,SINGLE-CATALOG CANDIDATE — may reflect option/trim/colour/supersession differences
2C3CDXGJ2HH530684,steering-wheel,5SQ19JSLAA,"Left | Steering Wheel Bezel, Right",SINGLE-CATALOG CANDIDATE — may reflect option/trim/colour/supersession differences
2C3CDXGJ2HH530684,steering-wheel,5SQ19JXPAA,Left | Steering Wheel Bezel,SINGLE-CATALOG CANDIDATE — may reflect option/trim/colour/supersession differences
2C3CDXGJ2HH530684,steering-wheel,5SQ20JSLAA,Bezel | Steering Wheel Bezel,SINGLE-CATALOG CANDIDATE — may reflect option/trim/colour/supersession differences
2C3CDXGJ2HH530684,steering-wheel,5SQ20JXPAA,Bezel | Steering Wheel Bezel,SINGLE-CATALOG CANDIDATE — may reflect option/trim/colour/supersession differences
2C3CDXGJ2HH530684,steering-wheel,6AD80DX9AA,Steering Wheel | Wheel,SINGLE-CATALOG CANDIDATE — may reflect option/trim/colour/supersession differences
2C3CDXGJ2HH530684,steering-wheel,6AD81DX9AA,Steering Wheel | Wheel,SINGLE-CATALOG CANDIDATE — may reflect option/trim/colour/supersession differences
2C3CDXGJ2HH530684,steering-wheel,6AD821X9AA,2015-2021 Mopar Steering Wheel | Wheel,SINGLE-CATALOG CANDIDATE — may reflect option/trim/colour/supersession differences
2C3CDXGJ2HH530684,steering-wheel,6MS261X9AA,2015-2021 Mopar Steering Wheel | Wheel,SINGLE-CATALOG CANDIDATE — may reflect option/trim/colour/supersession differences
2C3CCAEG4HH586472,steering-wheel,1ZV37LC5AC,"Bezel | Left | Paddle Switch Bezel, Left",SINGLE-CATALOG CANDIDATE — may reflect option/trim/colour/supersession differences
2C3CCAEG4HH586472,steering-wheel,5RB83SZ6AA,"Left | Steering Wheel Bezel, Left",SINGLE-CATALOG CANDIDATE — may reflect option/trim/colour/supersession differences
2C3CCAEG4HH586472,steering-wheel,5RB84SZ6AA,Bezel | Steering Wheel Bezel,SINGLE-CATALOG CANDIDATE — may reflect option/trim/colour/supersession differences
2C3CCAEG4HH586472,steering-wheel,5RB85SZ6AA,Steering Wheel Bezel,SINGLE-CATALOG CANDIDATE — may reflect option/trim/colour/supersession differences
2C3CCAEG4HH586472,steering-wheel,5ZC00DX9AF,2015-2018 Chrysler 300 - Steering Wheel | Wheel,SINGLE-CATALOG CANDIDATE — may reflect option/trim/colour/supersession differences
2C3CCAEG4HH586472,steering-wheel,5ZC03DX9AE,Steering Wheel | Wheel,SINGLE-CATALOG CANDIDATE — may reflect option/trim/colour/supersession differences
2C3CCAEG4HH586472,steering-wheel,5ZC03MTLAE,2015-2018 Chrysler 300 - Steering Wheel | Wheel,SINGLE-CATALOG CANDIDATE — may reflect option/trim/colour/supersession differences
2C3CCAEG4HH586472,steering-wheel,5ZC67SZ6AC,Bezel | Steering Wheel Bezel,SINGLE-CATALOG CANDIDATE — may reflect option/trim/colour/supersession differences
2C3CCAEG4HH586472,steering-wheel,68237109AB,Damper | Steering Wheel Damper,SINGLE-CATALOG CANDIDATE — may reflect option/trim/colour/supersession differences
2C3CCAEG4HH586472,steering-wheel,6VC75SZ6AA,2019 2020 Chrysler 300 - Steering Wheel Bezel Kit | Left,SINGLE-CATALOG CANDIDATE — may reflect option/trim/colour/supersession differences
2C3CCAEG4HH586472,steering-wheel,6VD88YSAAA,Steering Wheel | Wheel,SINGLE-CATALOG CANDIDATE — may reflect option/trim/colour/supersession differences
2C3CCAEG4HH586472,steering-wheel,6VD91DX9AA,2019 2020 Chrysler 300 - Steering Wheel | Wheel,SINGLE-CATALOG CANDIDATE — may reflect option/trim/colour/supersession differences
2C3CCAEG4HH586472,steering-wheel,6VK65DX9AA,Steering Wheel,SINGLE-CATALOG CANDIDATE — may reflect option/trim/colour/supersession differences
