row_no,item_number,description,part_number,qty,engine,transmission,line,series,body,trim,source_page
1,1,"PANEL, Front Seat Back",,,,,,,,,4
2,1,"PANEL, Front Seat Back",1UY02DX9AC,1,,,D,,48,*DZ,4
3,1,"PANEL, Front Seat Back",1UY02DX9AC,1,,,D,,48,*GQ,4
4,1,"PANEL, Front Seat Back",1UY02DX9AC,1,,,D,,48,*GQ,4
5,1,"PANEL, Front Seat Back",1UY02DX9AC,1,,,D,,48,*GQ,4
6,1,"PANEL, Front Seat Back",1UY02DX9AC,1,,,D E,,48,*HA,4
7,1,"PANEL, Front Seat Back",1UY02DX9AC,1,,,D E,,48,*HA,4
8,1,"PANEL, Front Seat Back",1UY02DX9AC,1,,,D E,,48,*LS,4
9,1,"PANEL, Front Seat Back",1UY02DX9AC,1,,,D,,48,*GQ,4
10,1,"PANEL, Front Seat Back",1UY02DX9AC,1,,,D,,48,*GQ,4
11,1,"PANEL, Front Seat Back",1UY02DX9AC,1,,,D,,48,*GQ,4
12,1,"PANEL, Front Seat Back",1UY02DX9AC,1,,,D E,,48,*E6,4
13,1,"PANEL, Front Seat Back",1UY02DX9AC,1,,,D E,,48,*H5,4
14,1,"PANEL, Front Seat Back",1UY02DX9AC,1,,,D E,,48,*AP,4
15,1,"PANEL, Front Seat Back",1UY02DX9AC,1,,,D E,,48,*AP,4
16,1,"PANEL, Front Seat Back",1UY02DX9AC,1,,,D E,,48,*AP,4
17,1,"PANEL, Front Seat Back",1UY02DX9AC,1,,,D E,,48,*AP,4
18,1,"PANEL, Front Seat Back",1UY02DX9AC,1,,,D E,,48,*YL,4
19,1,"PANEL, Front Seat Back",1UY02DX9AC,1,,,D E,,48,*CJ,4
20,1,"PANEL, Front Seat Back",1UY02DX9AC,1,,,D E,,48,*CJ,4
21,1,"PANEL, Front Seat Back",1UY02DX9AC,1,,,D E,,48,*QL,4
22,1,"PANEL, Front Seat Back",1UY02DX9AC,1,,,D E,,48,*GQ,4
23,1,"PANEL, Front Seat Back",1UY02DX9AC,1,,,D E,,48,*GQ,4
24,1,"PANEL, Front Seat Back",1UY02DX9AC,1,,,D E,,48,*GQ,5
25,1,"PANEL, Front Seat Back",1UY02DX9AC,1,,,D E,,48,*W8,5
26,1,"PANEL, Front Seat Back",1UY02DX9AC,1,,,D E,,48,*W8,5
27,1,"PANEL, Front Seat Back",1UY02DX9AC,1,,,D E,,48,*W8,5
28,1,"PANEL, Front Seat Back",1UY02DX9AC,1,,,D E,,48,*W8,5
29,1,"PANEL, Front Seat Back",1UY02DX9AC,1,,,D E,,48,*W5,5
30,1,"PANEL, Front Seat Back",1UY02DX9AC,1,,,D E,,48,*TH,5
31,1,"PANEL, Front Seat Back",1UY02DX9AC,1,,,D E,,48,*QL,5
32,2,"FRAME, Front Seat Back",,,,,,,,,5
33,2,"FRAME, Front Seat Back",68159139AA,1,,,D E,,48,*W8,5
34,2,"FRAME, Front Seat Back",68593541AA,1,,,D E,,48,*C8,5
35,2,"FRAME, Front Seat Back",68593541AA,1,,,D E,,48,*X5,5
36,2,"FRAME, Front Seat Back",68593541AA,1,,,D E,,48,*C8,5
37,2,"FRAME, Front Seat Back",68593541AA,1,,,D E,,48,*X5,5
38,2,"FRAME, Front Seat Back",68593541AA,1,,,D E,,48,*AP,5
39,2,"FRAME, Front Seat Back",68593541AA,1,,,D E,,48,*AP,5
40,2,"FRAME, Front Seat Back",68593541AA,1,,,D E,,48,*AK,5
41,2,"FRAME, Front Seat Back",68593541AA,1,,,D E,,48,*AK,5
42,2,"FRAME, Front Seat Back",68593544AA,1,,,D,,48,*YL,5
43,2,"FRAME, Front Seat Back",68593544AA,1,,,D E,,48,*CJ,5
44,2,"FRAME, Front Seat Back",68593544AA,1,,,D,,48,*GQ,5
45,2,"FRAME, Front Seat Back",68593544AA,1,,,D,,48,*QL,5
46,2,"FRAME, Front Seat Back",68593544AA,1,,,D,,48,*QL,5
47,2,"FRAME, Front Seat Back",68593544AA,1,,,D,,48,*YL,5
48,2,"FRAME, Front Seat Back",68593544AA,1,,,D E,,48,*CJ,5
49,2,"FRAME, Front Seat Back",68593544AA,1,,,D,,48,*GQ,5
50,2,"FRAME, Front Seat Back",68593544AA,1,,,D E,,48,*GQ,5
51,3,"ADJUSTER, Power Seat",,,,,,,,,5
52,3,"ADJUSTER, Power Seat",68193460AC,1,,,D E,,48,*C8,5
53,3,"ADJUSTER, Power Seat",68193460AC,1,,,D E,,48,*X5,6
54,3,"ADJUSTER, Power Seat",68193460AC,1,,,D E,,48,*C8,6
55,3,"ADJUSTER, Power Seat",68193460AC,1,,,D E,,48,*X5,6
56,3,"ADJUSTER, Power Seat",68193462AC,1,,,D,,48,*DZ,6
57,3,"ADJUSTER, Power Seat",68193462AC,1,,,D,,48,*QL,6
58,3,"ADJUSTER, Power Seat",68193462AC,1,,,D E,,48,*W8,6
59,3,"ADJUSTER, Power Seat",68193462AC,1,,,D E,,48,*AP,6
60,3,"ADJUSTER, Power Seat",68193462AC,1,,,D E,,48,*AP,6
61,3,"ADJUSTER, Power Seat",68193462AC,1,,,D E,,48,*AK,6
62,3,"ADJUSTER, Power Seat",68193462AC,1,,,D E,,48,*AK,6
63,3,"ADJUSTER, Power Seat",68193462AC,1,,,D,,48,*YL,6
64,3,"ADJUSTER, Power Seat",68193462AC,1,,,D E,,48,*CJ,6
65,3,"ADJUSTER, Power Seat",68193462AC,1,,,D,,48,*GQ,6
66,3,"ADJUSTER, Power Seat",68193462AC,1,,,D,,48,*QL,6
67,3,"ADJUSTER, Power Seat",68193462AC,1,,,D E,,48,*AP,6
68,3,"ADJUSTER, Power Seat",68193462AC,1,,,D E,,48,*AP,6
69,3,"ADJUSTER, Power Seat",68193462AC,1,,,D E,,48,*AK,6
70,3,"ADJUSTER, Power Seat",68193462AC,1,,,D E,,48,*AK,6
71,3,"ADJUSTER, Power Seat",68193462AC,1,,,D,,48,*YL,6
72,3,"ADJUSTER, Power Seat",68193462AC,1,,,D E,,48,*CJ,6
73,3,"ADJUSTER, Power Seat",68193462AC,1,,,D,,48,*GQ,6
74,3,"ADJUSTER, Power Seat",68193462AC,1,,,D E,,48,,6
75,4,"COVER, Track, Rear",,,,,,,,,6
76,4,"COVER, Track, Rear",1UV50DX9AA,4,,,D,,48,*QL,6
77,4,"COVER, Track, Rear",1UV50DX9AA,4,,,D,,48,*GQ,6
78,4,"COVER, Track, Rear",1UV50DX9AA,4,,,D,,48,*GQ,6
79,4,"COVER, Track, Rear",1UV50DX9AA,4,,,D,,48,*GQ,6
80,4,"COVER, Track, Rear",1UV50DX9AA,4,,,D,,48,*QL,6
81,4,"COVER, Track, Rear",1UV50DX9AA,1,,,D E,,48,*C8,6
82,4,"COVER, Track, Rear",1UV50DX9AA,1,,,D E,,48,*X5,7
83,4,"COVER, Track, Rear",1UV50DX9AA,4,,,D E,,48,*AP,7
84,4,"COVER, Track, Rear",1UV50DX9AA,4,,,D E,,48,*AP,7
85,4,"COVER, Track, Rear",1UV50DX9AA,4,,,D E,,48,*AP,7
86,4,"COVER, Track, Rear",1UV50DX9AA,4,,,D E,,48,*AP,7
87,4,"COVER, Track, Rear",1UV50DX9AA,4,,,D E,,48,*AK,7
88,4,"COVER, Track, Rear",1UV50DX9AA,4,,,D E,,48,*AK,7
89,4,"COVER, Track, Rear",1UV50DX9AA,4,,,D,,48,*YL,7
90,4,"COVER, Track, Rear",1UV50DX9AA,4,,,D E,,48,*CJ,7
91,4,"COVER, Track, Rear",1UV50DX9AA,4,,,D E,,48,*CJ,7
92,4,"COVER, Track, Rear",1UV50DX9AA,4,,,D,,48,*GQ,7
93,4,"COVER, Track, Rear",1UV50DX9AA,4,,,D,,48,*GQ,7
94,4,"COVER, Track, Rear",1UV50DX9AA,4,,,D,,48,*GQ,7
95,4,"COVER, Track, Rear",1UV50DX9AA,4,,,D E,,48,*GQ,7
96,4,"COVER, Track, Rear",1UV50DX9AA,4,,,D E,,48,*GQ,7
97,4,"COVER, Track, Rear",1UV50DX9AA,4,,,D E,,48,*GQ,7
98,4,"COVER, Track, Rear",1UV50DX9AA,4,,,D E,,48,*QL,7
99,5,"COVER, Track, Front",,,,,,,,,7
100,5,"COVER, Track, Front",1UV51DX9AA,4,,,D,,48,*QL,7
101,5,"COVER, Track, Front",1UV51DX9AA,4,,,D,,48,*GQ,7
102,5,"COVER, Track, Front",1UV51DX9AA,4,,,D,,48,*GQ,7
103,5,"COVER, Track, Front",1UV51DX9AA,4,,,D,,48,*GQ,7
104,5,"COVER, Track, Front",1UV51DX9AA,4,,,D,,48,*QL,7
105,5,"COVER, Track, Front",1UV51DX9AA,1,,,D E,,48,*C8,7
106,5,"COVER, Track, Front",1UV51DX9AA,1,,,D E,,48,*X5,7
107,5,"COVER, Track, Front",1UV51DX9AA,4,,,D E,,48,*AP,7
108,5,"COVER, Track, Front",1UV51DX9AA,4,,,D E,,48,*AP,7
109,5,"COVER, Track, Front",1UV51DX9AA,4,,,D E,,48,*AP,7
110,5,"COVER, Track, Front",1UV51DX9AA,4,,,D E,,48,*AP,7
111,5,"COVER, Track, Front",1UV51DX9AA,4,,,D E,,48,*AK,8
112,5,"COVER, Track, Front",1UV51DX9AA,4,,,D E,,48,*AK,8
113,5,"COVER, Track, Front",1UV51DX9AA,4,,,D,,48,*YL,8
114,5,"COVER, Track, Front",1UV51DX9AA,4,,,D E,,48,*CJ,8
115,5,"COVER, Track, Front",1UV51DX9AA,4,,,D E,,48,*CJ,8
116,5,"COVER, Track, Front",1UV51DX9AA,4,,,D,,48,*GQ,8
117,5,"COVER, Track, Front",1UV51DX9AA,4,,,D,,48,*GQ,8
118,5,"COVER, Track, Front",1UV51DX9AA,4,,,D,,48,*GQ,8
119,5,"COVER, Track, Front",1UV51DX9AA,4,,,D E,,48,*GQ,8
120,5,"COVER, Track, Front",1UV51DX9AA,4,,,D E,,48,*GQ,8
121,5,"COVER, Track, Front",1UV51DX9AA,4,,,D E,,48,*GQ,8
122,5,"COVER, Track, Front",1UV51DX9AA,4,,,D E,,48,*QL,8
123,6,"SCREW, Hex Head, M14x1.5x109.0, Adjuster To Floor",06507594AA,8,,,D E,,48,,8
124,7,"BRACKET, Seat, Side Shield Attaching",,,,,,,,,8
125,7,"BRACKET, Seat, Side Shield Attaching",68157098AA,1,,,D,,48,*QL,8
126,7,"BRACKET, Seat, Side Shield Attaching",68157098AA,1,,,D,,48,*GQ,8
127,7,"BRACKET, Seat, Side Shield Attaching",68157098AA,1,,,D,,48,*QL,8
128,7,"BRACKET, Seat, Side Shield Attaching",68157098AA,1,,,D E,,48,*C8,8
129,7,"BRACKET, Seat, Side Shield Attaching",68157098AA,1,,,D E,,48,*X5,8
130,7,"BRACKET, Seat, Side Shield Attaching",68157098AA,1,,,D E,,48,*AP,8
131,7,"BRACKET, Seat, Side Shield Attaching",68157098AA,1,,,D E,,48,*AP,8
132,7,"BRACKET, Seat, Side Shield Attaching",68157098AA,1,,,D E,,48,*AK,8
133,7,"BRACKET, Seat, Side Shield Attaching",68157098AA,1,,,D E,,48,*AK,8
134,7,"BRACKET, Seat, Side Shield Attaching",68157098AA,1,,,D,,48,*YL,8
135,7,"BRACKET, Seat, Side Shield Attaching",68157098AA,1,,,D E,,48,*CJ,8
136,7,"BRACKET, Seat, Side Shield Attaching",68157098AA,1,,,D,,48,*GQ,8
137,7,"BRACKET, Seat, Side Shield Attaching",68157098AA,1,,,D E,,48,*GQ,8
138,7,"BRACKET, Seat, Side Shield Attaching",68157098AA,1,,,D E,,48,,8
139,8,"SHIELD, Seat Adjuster",,,,,,,,,8
140,8,"SHIELD, Seat Adjuster",1UZ62DX9AC,1,,,D,,48,*QL,9
141,8,"SHIELD, Seat Adjuster",1UZ62DX9AC,1,,,D E,,48,*W8,9
142,8,"SHIELD, Seat Adjuster",1UZ62DX9AC,1,,,D E,,48,*W8,9
143,8,"SHIELD, Seat Adjuster",1UZ62DX9AC,1,,,D E,,48,*W8,9
144,8,"SHIELD, Seat Adjuster",1UZ62DX9AC,1,,,D E,,48,*W8,9
145,8,"SHIELD, Seat Adjuster",1UZ62DX9AC,1,,,D,,48,*GQ,9
146,8,"SHIELD, Seat Adjuster",1UZ62DX9AC,1,,,D,,48,*GQ,9
147,8,"SHIELD, Seat Adjuster",1UZ62DX9AC,1,,,D,,48,*GQ,9
148,8,"SHIELD, Seat Adjuster",1UZ62DX9AC,1,,,D,,48,*QL,9
149,8,"SHIELD, Seat Adjuster",1UZ62DX9AC,1,,,D E,,48,*C8,9
150,8,"SHIELD, Seat Adjuster",1UZ62DX9AC,1,,,D E,,48,*X5,9
151,8,"SHIELD, Seat Adjuster",1UZ62DX9AC,1,,,D E,,48,*AP,9
152,8,"SHIELD, Seat Adjuster",1UZ62DX9AC,1,,,D E,,48,*AP,9
153,8,"SHIELD, Seat Adjuster",1UZ62DX9AC,1,,,D E,,48,*AP,9
154,8,"SHIELD, Seat Adjuster",1UZ62DX9AC,1,,,D E,,48,*AP,9
155,8,"SHIELD, Seat Adjuster",1UZ62DX9AC,1,,,D E,,48,*AK,9
156,8,"SHIELD, Seat Adjuster",1UZ62DX9AC,1,,,D E,,48,*AK,9
157,8,"SHIELD, Seat Adjuster",1UZ62DX9AC,1,,,D,,48,*YL,9
158,8,"SHIELD, Seat Adjuster",1UZ62DX9AC,1,,,D E,,48,*CJ,9
159,8,"SHIELD, Seat Adjuster",1UZ62DX9AC,1,,,D E,,48,*CJ,9
160,8,"SHIELD, Seat Adjuster",1UZ62DX9AC,1,,,D,,48,*GQ,9
161,8,"SHIELD, Seat Adjuster",1UZ62DX9AC,1,,,D,,48,*GQ,9
162,8,"SHIELD, Seat Adjuster",1UZ62DX9AC,1,,,D,,48,*GQ,9
163,8,"SHIELD, Seat Adjuster",1UZ62DX9AC,1,,,D E,,48,*GQ,9
164,8,"SHIELD, Seat Adjuster",1UZ62DX9AC,1,,,D E,,48,*GQ,9
165,8,"SHIELD, Seat Adjuster",1UZ62DX9AC,1,,,D E,,48,*GQ,9
166,8,"SHIELD, Seat Adjuster",1UZ62DX9AC,1,,,D E,,48,*QL,9
167,9,"COVER, Front Seat Anchor Bolt",,,,,,,,,9
168,9,"COVER, Front Seat Anchor Bolt",1UV75DX9AA,1,,,D,,48,*DZ,9
169,9,"COVER, Front Seat Anchor Bolt",1UV75DX9AA,1,,,D,,48,*QL,10
170,9,"COVER, Front Seat Anchor Bolt",1UV75DX9AA,1,,,D,,48,*GQ,10
171,9,"COVER, Front Seat Anchor Bolt",1UV75DX9AA,1,,,D,,48,*GQ,10
172,9,"COVER, Front Seat Anchor Bolt",1UV75DX9AA,1,,,D,,48,*GQ,10
173,9,"COVER, Front Seat Anchor Bolt",1UV75DX9AA,1,,,D,,48,*QL,10
174,9,"COVER, Front Seat Anchor Bolt",1UV75DX9AA,1,,,D E,,48,*AP,10
175,9,"COVER, Front Seat Anchor Bolt",1UV75DX9AA,1,,,D E,,48,*AP,10
176,9,"COVER, Front Seat Anchor Bolt",1UV75DX9AA,1,,,D E,,48,*AP,10
177,9,"COVER, Front Seat Anchor Bolt",1UV75DX9AA,1,,,D E,,48,*AP,10
178,9,"COVER, Front Seat Anchor Bolt",1UV75DX9AA,1,,,D E,,48,*AK,10
179,9,"COVER, Front Seat Anchor Bolt",1UV75DX9AA,1,,,D E,,48,*AK,10
180,9,"COVER, Front Seat Anchor Bolt",1UV75DX9AA,1,,,D,,48,*YL,10
181,9,"COVER, Front Seat Anchor Bolt",1UV75DX9AA,1,,,D,,48,*GQ,10
182,9,"COVER, Front Seat Anchor Bolt",1UV75DX9AA,1,,,D,,48,*GQ,10
183,9,"COVER, Front Seat Anchor Bolt",1UV75DX9AA,1,,,D,,48,*GQ,10
184,9,"COVER, Front Seat Anchor Bolt",1UV75DX9AA,1,,,D E,,48,*GQ,10
185,9,"COVER, Front Seat Anchor Bolt",1UV75DX9AA,1,,,D E,,48,*GQ,10
186,9,"COVER, Front Seat Anchor Bolt",1UV75DX9AA,1,,,D E,,48,*GQ,10
187,9,"COVER, Front Seat Anchor Bolt",1UV75DX9AA,1,,,D E,,48,*W8,10
188,9,"COVER, Front Seat Anchor Bolt",1UV75DX9AA,1,,,D E,,48,*W8,10
189,9,"COVER, Front Seat Anchor Bolt",1UV75DX9AA,1,,,D E,,48,*W8,10
190,9,"COVER, Front Seat Anchor Bolt",1UV75DX9AA,1,,,D E,,48,*W8,10
191,9,"COVER, Front Seat Anchor Bolt",1UV75DX9AA,1,,,D E,,48,*QL,10
192,9,"COVER, Front Seat Anchor Bolt",1UV75DX9AB,1,,,D E,,48,*CJ,10
193,9,"COVER, Front Seat Anchor Bolt",1UV75DX9AB,1,,,D E,,48,*CJ,10
194,9,"COVER, Front Seat Anchor Bolt",1UV75DX9AB,1,,,D E,,48,*C8,10
195,9,"COVER, Front Seat Anchor Bolt",1UV75DX9AB,1,,,D E,,48,*X5,10
196,9,"COVER, Front Seat Anchor Bolt",1UV75DX9AB,1,,,D E,,48,*CJ,10
197,9,"COVER, Front Seat Anchor Bolt",1UV75DX9AB,1,,,D E,,48,*CJ,10
198,9,"COVER, Front Seat Anchor Bolt",1UV75DX9AB,1,,,D E,,48,*CJ,11
199,9,"COVER, Front Seat Anchor Bolt",1UV75DX9AB,1,,,D E,,48,*CJ,11
200,10,"CHUTE, Airbag",,,,,,,,,11
201,10,"CHUTE, Airbag",68102980AA,2,,,D,,48,*QL,11
202,10,"CHUTE, Airbag",68102980AA,2,,,D,,48,*GQ,11
203,10,"CHUTE, Airbag",68102980AA,2,,,D,,48,*QL,11
204,10,"CHUTE, Airbag",68102980AA,2,,,D E,,48,*AP,11
205,10,"CHUTE, Airbag",68102980AA,2,,,D E,,48,*AP,11
206,10,"CHUTE, Airbag",68102980AA,2,,,D E,,48,*AK,11
207,10,"CHUTE, Airbag",68102980AA,2,,,D E,,48,*AK,11
208,10,"CHUTE, Airbag",68102980AA,2,,,D,,48,*YL,11
209,10,"CHUTE, Airbag",68102980AA,2,,,D E,,48,*CJ,11
210,10,"CHUTE, Airbag",68102980AA,2,,,D,,48,*GQ,11
211,10,"CHUTE, Airbag",68102980AA,2,,,D E,,48,*GQ,11
212,10,"CHUTE, Airbag",68102980AA,2,,,D E,,48,,11
213,10,"CHUTE, Airbag",68103691AA,2,,,D E,,48,*C8,11
214,10,"CHUTE, Airbag",68103691AA,2,,,D E,,48,*X5,11
215,-11,"BLOWER, Seat Back",,,,,,,,,11
216,-11,"BLOWER, Seat Back",55057389AD,2,,,D,,48,*QL,11
217,-11,"BLOWER, Seat Back",55057389AD,2,,,D,,48,*GQ,11
218,-11,"BLOWER, Seat Back",55057389AD,2,,,D,,48,*QL,11
219,-11,"BLOWER, Seat Back",55057389AD,2,,,D E,,48,*AK,11
220,-11,"BLOWER, Seat Back",55057389AD,2,,,D,,48,*YL,11
221,-11,"BLOWER, Seat Back",55057389AD,2,,,D E,,48,*CJ,11
222,-11,"BLOWER, Seat Back",55057389AD,2,,,D,,48,*GQ,11
223,-11,"BLOWER, Seat Back",55057389AD,2,,,D E,,48,*AP,11
224,-11,"BLOWER, Seat Back",55057389AD,2,,,D E,,48,*AP,11
225,-11,"BLOWER, Seat Back",55057389AD,2,,,D E,,48,*AK,11
226,-11,"BLOWER, Seat Back",55057389AD,2,,,D E,,48,*GQ,11
227,-11,"BLOWER, Seat Back",55057389AD,2,,,D E,,48,,12
228,-12,"BLOWER, Seat Cushion",,,,,,,,,12
229,-12,"BLOWER, Seat Cushion",68306763AA,2,,,D,,48,*QL,12
230,-12,"BLOWER, Seat Cushion",68306763AA,2,,,D,,48,*GQ,12
231,-12,"BLOWER, Seat Cushion",68306763AA,2,,,D,,48,*QL,12
232,-12,"BLOWER, Seat Cushion",68306763AA,2,,,D E,,48,*AP,12
233,-12,"BLOWER, Seat Cushion",68306763AA,2,,,D E,,48,*AP,12
234,-12,"BLOWER, Seat Cushion",68306763AA,2,,,D E,,48,*AK,12
235,-12,"BLOWER, Seat Cushion",68306763AA,2,,,D E,,48,*AK,12
236,-12,"BLOWER, Seat Cushion",68306763AA,2,,,D,,48,*YL,12
237,-12,"BLOWER, Seat Cushion",68306763AA,2,,,D E,,48,*CJ,12
238,-12,"BLOWER, Seat Cushion",68306763AA,2,,,D,,48,*GQ,12
239,-12,"BLOWER, Seat Cushion",68306763AA,2,,,D E,,48,*GQ,12
240,-12,"BLOWER, Seat Cushion",68306763AA,2,,,D E,,48,,12
241,-13,"BRACKET, Module, Heated Seat Module, (NOT SERVICED)",,,,,,,,,12
242,-14,"BOLT, Seat, Seat Back to Cushion",,,,,,,,,12
243,-14,"BOLT, Seat, Seat Back to Cushion",68104960AA,8,,,D,,48,*QL,12
244,-14,"BOLT, Seat, Seat Back to Cushion",68104960AA,8,,,D,,48,*GQ,12
245,-14,"BOLT, Seat, Seat Back to Cushion",68104960AA,8,,,D,,48,*QL,12
246,-14,"BOLT, Seat, Seat Back to Cushion",68104960AA,1,,,D E,,48,*C8,12
247,-14,"BOLT, Seat, Seat Back to Cushion",68104960AA,1,,,D E,,48,*X5,12
248,-14,"BOLT, Seat, Seat Back to Cushion",68104960AA,8,,,D E,,48,*AP,12
249,-14,"BOLT, Seat, Seat Back to Cushion",68104960AA,8,,,D E,,48,*AP,12
250,-14,"BOLT, Seat, Seat Back to Cushion",68104960AA,8,,,D E,,48,*AK,12
251,-14,"BOLT, Seat, Seat Back to Cushion",68104960AA,8,,,D E,,48,*AK,12
252,-14,"BOLT, Seat, Seat Back to Cushion",68104960AA,8,,,D,,48,*YL,12
253,-14,"BOLT, Seat, Seat Back to Cushion",68104960AA,8,,,D E,,48,*CJ,12
254,-14,"BOLT, Seat, Seat Back to Cushion",68104960AA,8,,,D,,48,*GQ,12
255,-14,"BOLT, Seat, Seat Back to Cushion",68104960AA,8,,,D E,,48,*GQ,12
256,-14,"BOLT, Seat, Seat Back to Cushion",68104960AA,8,,,D E,,48,,13
257,-15,"NUT, M6x1.00, Air Bag Attaching",,,,,,,,,13
258,-15,"NUT, M6x1.00, Air Bag Attaching",68104961AA,6,,,D,,48,*QL,13
259,-15,"NUT, M6x1.00, Air Bag Attaching",68104961AA,6,,,D,,48,*GQ,13
260,-15,"NUT, M6x1.00, Air Bag Attaching",68104961AA,6,,,D,,48,*QL,13
261,-15,"NUT, M6x1.00, Air Bag Attaching",68104961AA,1,,,D E,,48,*C8,13
262,-15,"NUT, M6x1.00, Air Bag Attaching",68104961AA,1,,,D E,,48,*X5,13
263,-15,"NUT, M6x1.00, Air Bag Attaching",68104961AA,6,,,D E,,48,*AP,13
264,-15,"NUT, M6x1.00, Air Bag Attaching",68104961AA,6,,,D E,,48,*AP,13
265,-15,"NUT, M6x1.00, Air Bag Attaching",68104961AA,6,,,D E,,48,*AK,13
266,-15,"NUT, M6x1.00, Air Bag Attaching",68104961AA,6,,,D E,,48,*AK,13
267,-15,"NUT, M6x1.00, Air Bag Attaching",68104961AA,6,,,D,,48,*YL,13
268,-15,"NUT, M6x1.00, Air Bag Attaching",68104961AA,6,,,D E,,48,*CJ,13
269,-15,"NUT, M6x1.00, Air Bag Attaching",68104961AA,6,,,D,,48,*GQ,13
270,-15,"NUT, M6x1.00, Air Bag Attaching",68104961AA,6,,,D E,,48,*GQ,13
271,-15,"NUT, M6x1.00, Air Bag Attaching",68104961AA,6,,,D E,,48,,13
