adr,title,category,normalized_part_number,descriptions,challenger_variants,charger_variants,challenger_part_numbers,charger_part_numbers,challenger_sources,charger_sources,classification
21/00,Instrument Panel,instrument-panel,1QF13DX9AP,2011 2021 Mopar Instrument Panel Glove Box,R/T 5.7L | R/T Scat Pack 6.4L | SRT 392 6.4L | SXT 3.6L,R/T 5.7L | SRT 392 6.4L,1QF13DX9AP,1QF13DX9AP,https://www.moparamerica.com/v-2017-dodge-challenger--r-t--5-7l-v8-gas/interior-trim--instrument-panel | https://www.moparamerica.com/v-2017-dodge-challenger--r-t-scat-pack--6-4l-v8-gas/interior-trim--instrument-panel | https://www.moparamerica.com/v-2017-dodge-challenger--srt-392--6-4l-v8-gas/interior-trim--instrument-panel | https://www.moparamerica.com/v-2017-dodge-challenger--sxt--3-6l-v6-gas/interior-trim--instrument-panel,https://www.moparamerica.com/v-2017-dodge-charger--r-t--5-7l-v8-gas/interior-trim--instrument-panel | https://www.moparamerica.com/v-2017-dodge-charger--srt-392--6-4l-v8-gas/interior-trim--instrument-panel,EXACT DIRECT COMPONENT-KEYWORD MATCH across at least one Challenger and Charger catalog route; not compliance proof
21/00,Instrument Panel,instrument-panel,68110649AA,Glove Box Door Dampener,R/T 5.7L | R/T Scat Pack 6.4L | SRT 392 6.4L | SXT 3.6L,R/T 5.7L | SRT 392 6.4L,68110649AA,68110649AA,https://www.moparamerica.com/v-2017-dodge-challenger--r-t--5-7l-v8-gas/interior-trim--instrument-panel | https://www.moparamerica.com/v-2017-dodge-challenger--r-t-scat-pack--6-4l-v8-gas/interior-trim--instrument-panel | https://www.moparamerica.com/v-2017-dodge-challenger--srt-392--6-4l-v8-gas/interior-trim--instrument-panel | https://www.moparamerica.com/v-2017-dodge-challenger--sxt--3-6l-v6-gas/interior-trim--instrument-panel,https://www.moparamerica.com/v-2017-dodge-charger--r-t--5-7l-v8-gas/interior-trim--instrument-panel | https://www.moparamerica.com/v-2017-dodge-charger--srt-392--6-4l-v8-gas/interior-trim--instrument-panel,EXACT DIRECT COMPONENT-KEYWORD MATCH across at least one Challenger and Charger catalog route; not compliance proof
21/00,Instrument Panel,instrument-panel,68110650AA,Glove Box Door Latch Striker,R/T 5.7L | R/T Scat Pack 6.4L | SRT 392 6.4L | SXT 3.6L,R/T 5.7L | SRT 392 6.4L,68110650AA,68110650AA,https://www.moparamerica.com/v-2017-dodge-challenger--r-t--5-7l-v8-gas/interior-trim--instrument-panel | https://www.moparamerica.com/v-2017-dodge-challenger--r-t-scat-pack--6-4l-v8-gas/interior-trim--instrument-panel | https://www.moparamerica.com/v-2017-dodge-challenger--srt-392--6-4l-v8-gas/interior-trim--instrument-panel | https://www.moparamerica.com/v-2017-dodge-challenger--sxt--3-6l-v6-gas/interior-trim--instrument-panel,https://www.moparamerica.com/v-2017-dodge-charger--r-t--5-7l-v8-gas/interior-trim--instrument-panel | https://www.moparamerica.com/v-2017-dodge-charger--srt-392--6-4l-v8-gas/interior-trim--instrument-panel,EXACT DIRECT COMPONENT-KEYWORD MATCH across at least one Challenger and Charger catalog route; not compliance proof
25/02,Anti-Theft Lock,instrument-panel,68404422AA,Ignition Switch Trim Ring,R/T 5.7L | R/T Scat Pack 6.4L | SRT 392 6.4L | SXT 3.6L,R/T 5.7L | SRT 392 6.4L,68404422AA,68404422AA,https://www.moparamerica.com/v-2017-dodge-challenger--r-t--5-7l-v8-gas/interior-trim--instrument-panel | https://www.moparamerica.com/v-2017-dodge-challenger--r-t-scat-pack--6-4l-v8-gas/interior-trim--instrument-panel | https://www.moparamerica.com/v-2017-dodge-challenger--srt-392--6-4l-v8-gas/interior-trim--instrument-panel | https://www.moparamerica.com/v-2017-dodge-challenger--sxt--3-6l-v6-gas/interior-trim--instrument-panel,https://www.moparamerica.com/v-2017-dodge-charger--r-t--5-7l-v8-gas/interior-trim--instrument-panel | https://www.moparamerica.com/v-2017-dodge-charger--srt-392--6-4l-v8-gas/interior-trim--instrument-panel,EXACT DIRECT COMPONENT-KEYWORD MATCH across at least one Challenger and Charger catalog route; not compliance proof
42/04,General Safety Requirements,front-door,1MZ84DX8AM,2013 2021 Mopar Front Door Exterior Handle Right,R/T 5.7L | R/T Scat Pack 6.4L | SRT 392 6.4L | SXT 3.6L,R/T 5.7L | R/T Scat Pack 6.4L | SRT 392 6.4L,1MZ84DX8AM,1MZ84DX8AM,https://www.moparamerica.com/v-2017-dodge-challenger--r-t--5-7l-v8-gas/doors-door-mirrors-and-related-parts--front-door | https://www.moparamerica.com/v-2017-dodge-challenger--r-t-scat-pack--6-4l-v8-gas/doors-door-mirrors-and-related-parts--front-door | https://www.moparamerica.com/v-2017-dodge-challenger--srt-392--6-4l-v8-gas/doors-door-mirrors-and-related-parts--front-door | https://www.moparamerica.com/v-2017-dodge-challenger--sxt--3-6l-v6-gas/doors-door-mirrors-and-related-parts--front-door,https://www.moparamerica.com/v-2017-dodge-charger--r-t--5-7l-v8-gas/doors-door-mirrors-and-related-parts--front-door | https://www.moparamerica.com/v-2017-dodge-charger--r-t-scat-pack--6-4l-v8-gas/doors-door-mirrors-and-related-parts--front-door | https://www.moparamerica.com/v-2017-dodge-charger--srt-392--6-4l-v8-gas/doors-door-mirrors-and-related-parts--front-door,EXACT DIRECT COMPONENT-KEYWORD MATCH across at least one Challenger and Charger catalog route; not compliance proof
42/04,General Safety Requirements,front-door,1MZ84GW7AM,2020 2021 Dodge Challenger Front Door Exterior Handle Right,R/T 5.7L | R/T Scat Pack 6.4L | SRT 392 6.4L | SXT 3.6L,R/T 5.7L | R/T Scat Pack 6.4L | SRT 392 6.4L,1MZ84GW7AM,1MZ84GW7AM,https://www.moparamerica.com/v-2017-dodge-challenger--r-t--5-7l-v8-gas/doors-door-mirrors-and-related-parts--front-door | https://www.moparamerica.com/v-2017-dodge-challenger--r-t-scat-pack--6-4l-v8-gas/doors-door-mirrors-and-related-parts--front-door | https://www.moparamerica.com/v-2017-dodge-challenger--srt-392--6-4l-v8-gas/doors-door-mirrors-and-related-parts--front-door | https://www.moparamerica.com/v-2017-dodge-challenger--sxt--3-6l-v6-gas/doors-door-mirrors-and-related-parts--front-door,https://www.moparamerica.com/v-2017-dodge-charger--r-t--5-7l-v8-gas/doors-door-mirrors-and-related-parts--front-door | https://www.moparamerica.com/v-2017-dodge-charger--r-t-scat-pack--6-4l-v8-gas/doors-door-mirrors-and-related-parts--front-door | https://www.moparamerica.com/v-2017-dodge-charger--srt-392--6-4l-v8-gas/doors-door-mirrors-and-related-parts--front-door,EXACT DIRECT COMPONENT-KEYWORD MATCH across at least one Challenger and Charger catalog route; not compliance proof
42/04,General Safety Requirements,front-door,1MZ84JRYAJ,Front Door Exterior Handle Right,R/T 5.7L | R/T Scat Pack 6.4L | SRT 392 6.4L | SXT 3.6L,R/T 5.7L | R/T Scat Pack 6.4L | SRT 392 6.4L,1MZ84JRYAJ,1MZ84JRYAJ,https://www.moparamerica.com/v-2017-dodge-challenger--r-t--5-7l-v8-gas/doors-door-mirrors-and-related-parts--front-door | https://www.moparamerica.com/v-2017-dodge-challenger--r-t-scat-pack--6-4l-v8-gas/doors-door-mirrors-and-related-parts--front-door | https://www.moparamerica.com/v-2017-dodge-challenger--srt-392--6-4l-v8-gas/doors-door-mirrors-and-related-parts--front-door | https://www.moparamerica.com/v-2017-dodge-challenger--sxt--3-6l-v6-gas/doors-door-mirrors-and-related-parts--front-door,https://www.moparamerica.com/v-2017-dodge-charger--r-t--5-7l-v8-gas/doors-door-mirrors-and-related-parts--front-door | https://www.moparamerica.com/v-2017-dodge-charger--r-t-scat-pack--6-4l-v8-gas/doors-door-mirrors-and-related-parts--front-door | https://www.moparamerica.com/v-2017-dodge-charger--srt-392--6-4l-v8-gas/doors-door-mirrors-and-related-parts--front-door,EXACT DIRECT COMPONENT-KEYWORD MATCH across at least one Challenger and Charger catalog route; not compliance proof
42/04,General Safety Requirements,front-door,1MZ84JSCAJ,Front Door Exterior Handle Right,R/T 5.7L | R/T Scat Pack 6.4L | SRT 392 6.4L | SXT 3.6L,R/T 5.7L | R/T Scat Pack 6.4L | SRT 392 6.4L,1MZ84JSCAJ,1MZ84JSCAJ,https://www.moparamerica.com/v-2017-dodge-challenger--r-t--5-7l-v8-gas/doors-door-mirrors-and-related-parts--front-door | https://www.moparamerica.com/v-2017-dodge-challenger--r-t-scat-pack--6-4l-v8-gas/doors-door-mirrors-and-related-parts--front-door | https://www.moparamerica.com/v-2017-dodge-challenger--srt-392--6-4l-v8-gas/doors-door-mirrors-and-related-parts--front-door | https://www.moparamerica.com/v-2017-dodge-challenger--sxt--3-6l-v6-gas/doors-door-mirrors-and-related-parts--front-door,https://www.moparamerica.com/v-2017-dodge-charger--r-t--5-7l-v8-gas/doors-door-mirrors-and-related-parts--front-door | https://www.moparamerica.com/v-2017-dodge-charger--r-t-scat-pack--6-4l-v8-gas/doors-door-mirrors-and-related-parts--front-door | https://www.moparamerica.com/v-2017-dodge-charger--srt-392--6-4l-v8-gas/doors-door-mirrors-and-related-parts--front-door,EXACT DIRECT COMPONENT-KEYWORD MATCH across at least one Challenger and Charger catalog route; not compliance proof
42/04,General Safety Requirements,front-door,1MZ84KARAM,2011 2021 Mopar Front Door Exterior Handle Right,R/T 5.7L | R/T Scat Pack 6.4L | SRT 392 6.4L | SXT 3.6L,R/T 5.7L | R/T Scat Pack 6.4L | SRT 392 6.4L,1MZ84KARAM,1MZ84KARAM,https://www.moparamerica.com/v-2017-dodge-challenger--r-t--5-7l-v8-gas/doors-door-mirrors-and-related-parts--front-door | https://www.moparamerica.com/v-2017-dodge-challenger--r-t-scat-pack--6-4l-v8-gas/doors-door-mirrors-and-related-parts--front-door | https://www.moparamerica.com/v-2017-dodge-challenger--srt-392--6-4l-v8-gas/doors-door-mirrors-and-related-parts--front-door | https://www.moparamerica.com/v-2017-dodge-challenger--sxt--3-6l-v6-gas/doors-door-mirrors-and-related-parts--front-door,https://www.moparamerica.com/v-2017-dodge-charger--r-t--5-7l-v8-gas/doors-door-mirrors-and-related-parts--front-door | https://www.moparamerica.com/v-2017-dodge-charger--r-t-scat-pack--6-4l-v8-gas/doors-door-mirrors-and-related-parts--front-door | https://www.moparamerica.com/v-2017-dodge-charger--srt-392--6-4l-v8-gas/doors-door-mirrors-and-related-parts--front-door,EXACT DIRECT COMPONENT-KEYWORD MATCH across at least one Challenger and Charger catalog route; not compliance proof
42/04,General Safety Requirements,front-door,1MZ84KBXAM,Front Door Exterior Handle Right,R/T 5.7L | R/T Scat Pack 6.4L | SRT 392 6.4L | SXT 3.6L,R/T 5.7L | R/T Scat Pack 6.4L | SRT 392 6.4L,1MZ84KBXAM,1MZ84KBXAM,https://www.moparamerica.com/v-2017-dodge-challenger--r-t--5-7l-v8-gas/doors-door-mirrors-and-related-parts--front-door | https://www.moparamerica.com/v-2017-dodge-challenger--r-t-scat-pack--6-4l-v8-gas/doors-door-mirrors-and-related-parts--front-door | https://www.moparamerica.com/v-2017-dodge-challenger--srt-392--6-4l-v8-gas/doors-door-mirrors-and-related-parts--front-door | https://www.moparamerica.com/v-2017-dodge-challenger--sxt--3-6l-v6-gas/doors-door-mirrors-and-related-parts--front-door,https://www.moparamerica.com/v-2017-dodge-charger--r-t--5-7l-v8-gas/doors-door-mirrors-and-related-parts--front-door | https://www.moparamerica.com/v-2017-dodge-charger--r-t-scat-pack--6-4l-v8-gas/doors-door-mirrors-and-related-parts--front-door | https://www.moparamerica.com/v-2017-dodge-charger--srt-392--6-4l-v8-gas/doors-door-mirrors-and-related-parts--front-door,EXACT DIRECT COMPONENT-KEYWORD MATCH across at least one Challenger and Charger catalog route; not compliance proof
42/04,General Safety Requirements,front-door,1MZ84LAUAM,2013 2021 Mopar Front Door Exterior Handle Right,R/T 5.7L | R/T Scat Pack 6.4L | SRT 392 6.4L | SXT 3.6L,R/T 5.7L | R/T Scat Pack 6.4L | SRT 392 6.4L,1MZ84LAUAM,1MZ84LAUAM,https://www.moparamerica.com/v-2017-dodge-challenger--r-t--5-7l-v8-gas/doors-door-mirrors-and-related-parts--front-door | https://www.moparamerica.com/v-2017-dodge-challenger--r-t-scat-pack--6-4l-v8-gas/doors-door-mirrors-and-related-parts--front-door | https://www.moparamerica.com/v-2017-dodge-challenger--srt-392--6-4l-v8-gas/doors-door-mirrors-and-related-parts--front-door | https://www.moparamerica.com/v-2017-dodge-challenger--sxt--3-6l-v6-gas/doors-door-mirrors-and-related-parts--front-door,https://www.moparamerica.com/v-2017-dodge-charger--r-t--5-7l-v8-gas/doors-door-mirrors-and-related-parts--front-door | https://www.moparamerica.com/v-2017-dodge-charger--r-t-scat-pack--6-4l-v8-gas/doors-door-mirrors-and-related-parts--front-door | https://www.moparamerica.com/v-2017-dodge-charger--srt-392--6-4l-v8-gas/doors-door-mirrors-and-related-parts--front-door,EXACT DIRECT COMPONENT-KEYWORD MATCH across at least one Challenger and Charger catalog route; not compliance proof
42/04,General Safety Requirements,front-door,1MZ84MGMAM,Front Door Exterior Handle Right,R/T 5.7L | R/T Scat Pack 6.4L | SRT 392 6.4L | SXT 3.6L,R/T 5.7L | R/T Scat Pack 6.4L | SRT 392 6.4L,1MZ84MGMAM,1MZ84MGMAM,https://www.moparamerica.com/v-2017-dodge-challenger--r-t--5-7l-v8-gas/doors-door-mirrors-and-related-parts--front-door | https://www.moparamerica.com/v-2017-dodge-challenger--r-t-scat-pack--6-4l-v8-gas/doors-door-mirrors-and-related-parts--front-door | https://www.moparamerica.com/v-2017-dodge-challenger--srt-392--6-4l-v8-gas/doors-door-mirrors-and-related-parts--front-door | https://www.moparamerica.com/v-2017-dodge-challenger--sxt--3-6l-v6-gas/doors-door-mirrors-and-related-parts--front-door,https://www.moparamerica.com/v-2017-dodge-charger--r-t--5-7l-v8-gas/doors-door-mirrors-and-related-parts--front-door | https://www.moparamerica.com/v-2017-dodge-charger--r-t-scat-pack--6-4l-v8-gas/doors-door-mirrors-and-related-parts--front-door | https://www.moparamerica.com/v-2017-dodge-charger--srt-392--6-4l-v8-gas/doors-door-mirrors-and-related-parts--front-door,EXACT DIRECT COMPONENT-KEYWORD MATCH across at least one Challenger and Charger catalog route; not compliance proof
42/04,General Safety Requirements,front-door,1MZ84NRVAM,2014 2021 Mopar Front Door Exterior Handle Right,R/T 5.7L | R/T Scat Pack 6.4L | SRT 392 6.4L | SXT 3.6L,R/T 5.7L | R/T Scat Pack 6.4L | SRT 392 6.4L,1MZ84NRVAM,1MZ84NRVAM,https://www.moparamerica.com/v-2017-dodge-challenger--r-t--5-7l-v8-gas/doors-door-mirrors-and-related-parts--front-door | https://www.moparamerica.com/v-2017-dodge-challenger--r-t-scat-pack--6-4l-v8-gas/doors-door-mirrors-and-related-parts--front-door | https://www.moparamerica.com/v-2017-dodge-challenger--srt-392--6-4l-v8-gas/doors-door-mirrors-and-related-parts--front-door | https://www.moparamerica.com/v-2017-dodge-challenger--sxt--3-6l-v6-gas/doors-door-mirrors-and-related-parts--front-door,https://www.moparamerica.com/v-2017-dodge-charger--r-t--5-7l-v8-gas/doors-door-mirrors-and-related-parts--front-door | https://www.moparamerica.com/v-2017-dodge-charger--r-t-scat-pack--6-4l-v8-gas/doors-door-mirrors-and-related-parts--front-door | https://www.moparamerica.com/v-2017-dodge-charger--srt-392--6-4l-v8-gas/doors-door-mirrors-and-related-parts--front-door,EXACT DIRECT COMPONENT-KEYWORD MATCH across at least one Challenger and Charger catalog route; not compliance proof
42/04,General Safety Requirements,front-door,1MZ84NVPAM,2020 2021 Dodge Challenger Front Door Exterior Handle Right,R/T 5.7L | R/T Scat Pack 6.4L | SRT 392 6.4L | SXT 3.6L,R/T 5.7L | R/T Scat Pack 6.4L | SRT 392 6.4L,1MZ84NVPAM,1MZ84NVPAM,https://www.moparamerica.com/v-2017-dodge-challenger--r-t--5-7l-v8-gas/doors-door-mirrors-and-related-parts--front-door | https://www.moparamerica.com/v-2017-dodge-challenger--r-t-scat-pack--6-4l-v8-gas/doors-door-mirrors-and-related-parts--front-door | https://www.moparamerica.com/v-2017-dodge-challenger--srt-392--6-4l-v8-gas/doors-door-mirrors-and-related-parts--front-door | https://www.moparamerica.com/v-2017-dodge-challenger--sxt--3-6l-v6-gas/doors-door-mirrors-and-related-parts--front-door,https://www.moparamerica.com/v-2017-dodge-charger--r-t--5-7l-v8-gas/doors-door-mirrors-and-related-parts--front-door | https://www.moparamerica.com/v-2017-dodge-charger--r-t-scat-pack--6-4l-v8-gas/doors-door-mirrors-and-related-parts--front-door | https://www.moparamerica.com/v-2017-dodge-charger--srt-392--6-4l-v8-gas/doors-door-mirrors-and-related-parts--front-door,EXACT DIRECT COMPONENT-KEYWORD MATCH across at least one Challenger and Charger catalog route; not compliance proof
42/04,General Safety Requirements,front-door,1MZ84PDNAM,2014 2021 Mopar Front Door Exterior Handle Right,R/T 5.7L | R/T Scat Pack 6.4L | SRT 392 6.4L | SXT 3.6L,R/T 5.7L | R/T Scat Pack 6.4L | SRT 392 6.4L,1MZ84PDNAM,1MZ84PDNAM,https://www.moparamerica.com/v-2017-dodge-challenger--r-t--5-7l-v8-gas/doors-door-mirrors-and-related-parts--front-door | https://www.moparamerica.com/v-2017-dodge-challenger--r-t-scat-pack--6-4l-v8-gas/doors-door-mirrors-and-related-parts--front-door | https://www.moparamerica.com/v-2017-dodge-challenger--srt-392--6-4l-v8-gas/doors-door-mirrors-and-related-parts--front-door | https://www.moparamerica.com/v-2017-dodge-challenger--sxt--3-6l-v6-gas/doors-door-mirrors-and-related-parts--front-door,https://www.moparamerica.com/v-2017-dodge-charger--r-t--5-7l-v8-gas/doors-door-mirrors-and-related-parts--front-door | https://www.moparamerica.com/v-2017-dodge-charger--r-t-scat-pack--6-4l-v8-gas/doors-door-mirrors-and-related-parts--front-door | https://www.moparamerica.com/v-2017-dodge-charger--srt-392--6-4l-v8-gas/doors-door-mirrors-and-related-parts--front-door,EXACT DIRECT COMPONENT-KEYWORD MATCH across at least one Challenger and Charger catalog route; not compliance proof
42/04,General Safety Requirements,front-door,1MZ84RY4AM,Front Door Exterior Handle Right,R/T 5.7L | R/T Scat Pack 6.4L | SRT 392 6.4L | SXT 3.6L,R/T 5.7L | R/T Scat Pack 6.4L | SRT 392 6.4L,1MZ84RY4AM,1MZ84RY4AM,https://www.moparamerica.com/v-2017-dodge-challenger--r-t--5-7l-v8-gas/doors-door-mirrors-and-related-parts--front-door | https://www.moparamerica.com/v-2017-dodge-challenger--r-t-scat-pack--6-4l-v8-gas/doors-door-mirrors-and-related-parts--front-door | https://www.moparamerica.com/v-2017-dodge-challenger--srt-392--6-4l-v8-gas/doors-door-mirrors-and-related-parts--front-door | https://www.moparamerica.com/v-2017-dodge-challenger--sxt--3-6l-v6-gas/doors-door-mirrors-and-related-parts--front-door,https://www.moparamerica.com/v-2017-dodge-charger--r-t--5-7l-v8-gas/doors-door-mirrors-and-related-parts--front-door | https://www.moparamerica.com/v-2017-dodge-charger--r-t-scat-pack--6-4l-v8-gas/doors-door-mirrors-and-related-parts--front-door | https://www.moparamerica.com/v-2017-dodge-charger--srt-392--6-4l-v8-gas/doors-door-mirrors-and-related-parts--front-door,EXACT DIRECT COMPONENT-KEYWORD MATCH across at least one Challenger and Charger catalog route; not compliance proof
42/04,General Safety Requirements,front-door,1MZ84ZR3AM,2013 2021 Mopar Front Door Exterior Handle Right,R/T 5.7L | R/T Scat Pack 6.4L | SRT 392 6.4L | SXT 3.6L,R/T 5.7L | R/T Scat Pack 6.4L | SRT 392 6.4L,1MZ84ZR3AM,1MZ84ZR3AM,https://www.moparamerica.com/v-2017-dodge-challenger--r-t--5-7l-v8-gas/doors-door-mirrors-and-related-parts--front-door | https://www.moparamerica.com/v-2017-dodge-challenger--r-t-scat-pack--6-4l-v8-gas/doors-door-mirrors-and-related-parts--front-door | https://www.moparamerica.com/v-2017-dodge-challenger--srt-392--6-4l-v8-gas/doors-door-mirrors-and-related-parts--front-door | https://www.moparamerica.com/v-2017-dodge-challenger--sxt--3-6l-v6-gas/doors-door-mirrors-and-related-parts--front-door,https://www.moparamerica.com/v-2017-dodge-charger--r-t--5-7l-v8-gas/doors-door-mirrors-and-related-parts--front-door | https://www.moparamerica.com/v-2017-dodge-charger--r-t-scat-pack--6-4l-v8-gas/doors-door-mirrors-and-related-parts--front-door | https://www.moparamerica.com/v-2017-dodge-charger--srt-392--6-4l-v8-gas/doors-door-mirrors-and-related-parts--front-door,EXACT DIRECT COMPONENT-KEYWORD MATCH across at least one Challenger and Charger catalog route; not compliance proof
42/04,General Safety Requirements,front-door,1MZ85DX8AM,2013 2021 Mopar Front Door Exterior Handle Left,R/T 5.7L | R/T Scat Pack 6.4L | SRT 392 6.4L | SXT 3.6L,R/T 5.7L | R/T Scat Pack 6.4L | SRT 392 6.4L,1MZ85DX8AM,1MZ85DX8AM,https://www.moparamerica.com/v-2017-dodge-challenger--r-t--5-7l-v8-gas/doors-door-mirrors-and-related-parts--front-door | https://www.moparamerica.com/v-2017-dodge-challenger--r-t-scat-pack--6-4l-v8-gas/doors-door-mirrors-and-related-parts--front-door | https://www.moparamerica.com/v-2017-dodge-challenger--srt-392--6-4l-v8-gas/doors-door-mirrors-and-related-parts--front-door | https://www.moparamerica.com/v-2017-dodge-challenger--sxt--3-6l-v6-gas/doors-door-mirrors-and-related-parts--front-door,https://www.moparamerica.com/v-2017-dodge-charger--r-t--5-7l-v8-gas/doors-door-mirrors-and-related-parts--front-door | https://www.moparamerica.com/v-2017-dodge-charger--r-t-scat-pack--6-4l-v8-gas/doors-door-mirrors-and-related-parts--front-door | https://www.moparamerica.com/v-2017-dodge-charger--srt-392--6-4l-v8-gas/doors-door-mirrors-and-related-parts--front-door,EXACT DIRECT COMPONENT-KEYWORD MATCH across at least one Challenger and Charger catalog route; not compliance proof
42/04,General Safety Requirements,front-door,1MZ85GW7AM,2020 2021 Dodge Challenger Front Door Exterior Handle Left,R/T 5.7L | R/T Scat Pack 6.4L | SRT 392 6.4L | SXT 3.6L,R/T 5.7L | R/T Scat Pack 6.4L | SRT 392 6.4L,1MZ85GW7AM,1MZ85GW7AM,https://www.moparamerica.com/v-2017-dodge-challenger--r-t--5-7l-v8-gas/doors-door-mirrors-and-related-parts--front-door | https://www.moparamerica.com/v-2017-dodge-challenger--r-t-scat-pack--6-4l-v8-gas/doors-door-mirrors-and-related-parts--front-door | https://www.moparamerica.com/v-2017-dodge-challenger--srt-392--6-4l-v8-gas/doors-door-mirrors-and-related-parts--front-door | https://www.moparamerica.com/v-2017-dodge-challenger--sxt--3-6l-v6-gas/doors-door-mirrors-and-related-parts--front-door,https://www.moparamerica.com/v-2017-dodge-charger--r-t--5-7l-v8-gas/doors-door-mirrors-and-related-parts--front-door | https://www.moparamerica.com/v-2017-dodge-charger--r-t-scat-pack--6-4l-v8-gas/doors-door-mirrors-and-related-parts--front-door | https://www.moparamerica.com/v-2017-dodge-charger--srt-392--6-4l-v8-gas/doors-door-mirrors-and-related-parts--front-door,EXACT DIRECT COMPONENT-KEYWORD MATCH across at least one Challenger and Charger catalog route; not compliance proof
42/04,General Safety Requirements,front-door,1MZ85JRYAM,Front Door Exterior Handle Left,R/T 5.7L | R/T Scat Pack 6.4L | SRT 392 6.4L | SXT 3.6L,R/T 5.7L | R/T Scat Pack 6.4L | SRT 392 6.4L,1MZ85JRYAM,1MZ85JRYAM,https://www.moparamerica.com/v-2017-dodge-challenger--r-t--5-7l-v8-gas/doors-door-mirrors-and-related-parts--front-door | https://www.moparamerica.com/v-2017-dodge-challenger--r-t-scat-pack--6-4l-v8-gas/doors-door-mirrors-and-related-parts--front-door | https://www.moparamerica.com/v-2017-dodge-challenger--srt-392--6-4l-v8-gas/doors-door-mirrors-and-related-parts--front-door | https://www.moparamerica.com/v-2017-dodge-challenger--sxt--3-6l-v6-gas/doors-door-mirrors-and-related-parts--front-door,https://www.moparamerica.com/v-2017-dodge-charger--r-t--5-7l-v8-gas/doors-door-mirrors-and-related-parts--front-door | https://www.moparamerica.com/v-2017-dodge-charger--r-t-scat-pack--6-4l-v8-gas/doors-door-mirrors-and-related-parts--front-door | https://www.moparamerica.com/v-2017-dodge-charger--srt-392--6-4l-v8-gas/doors-door-mirrors-and-related-parts--front-door,EXACT DIRECT COMPONENT-KEYWORD MATCH across at least one Challenger and Charger catalog route; not compliance proof
42/04,General Safety Requirements,front-door,1MZ85JSCAM,2011 2021 Mopar Front Door Exterior Handle Left,R/T 5.7L | R/T Scat Pack 6.4L | SRT 392 6.4L | SXT 3.6L,R/T 5.7L | R/T Scat Pack 6.4L | SRT 392 6.4L,1MZ85JSCAM,1MZ85JSCAM,https://www.moparamerica.com/v-2017-dodge-challenger--r-t--5-7l-v8-gas/doors-door-mirrors-and-related-parts--front-door | https://www.moparamerica.com/v-2017-dodge-challenger--r-t-scat-pack--6-4l-v8-gas/doors-door-mirrors-and-related-parts--front-door | https://www.moparamerica.com/v-2017-dodge-challenger--srt-392--6-4l-v8-gas/doors-door-mirrors-and-related-parts--front-door | https://www.moparamerica.com/v-2017-dodge-challenger--sxt--3-6l-v6-gas/doors-door-mirrors-and-related-parts--front-door,https://www.moparamerica.com/v-2017-dodge-charger--r-t--5-7l-v8-gas/doors-door-mirrors-and-related-parts--front-door | https://www.moparamerica.com/v-2017-dodge-charger--r-t-scat-pack--6-4l-v8-gas/doors-door-mirrors-and-related-parts--front-door | https://www.moparamerica.com/v-2017-dodge-charger--srt-392--6-4l-v8-gas/doors-door-mirrors-and-related-parts--front-door,EXACT DIRECT COMPONENT-KEYWORD MATCH across at least one Challenger and Charger catalog route; not compliance proof
42/04,General Safety Requirements,front-door,1MZ85KARAM,2011 2021 Mopar Front Door Exterior Handle Left,R/T 5.7L | R/T Scat Pack 6.4L | SRT 392 6.4L | SXT 3.6L,R/T 5.7L | R/T Scat Pack 6.4L | SRT 392 6.4L,1MZ85KARAM,1MZ85KARAM,https://www.moparamerica.com/v-2017-dodge-challenger--r-t--5-7l-v8-gas/doors-door-mirrors-and-related-parts--front-door | https://www.moparamerica.com/v-2017-dodge-challenger--r-t-scat-pack--6-4l-v8-gas/doors-door-mirrors-and-related-parts--front-door | https://www.moparamerica.com/v-2017-dodge-challenger--srt-392--6-4l-v8-gas/doors-door-mirrors-and-related-parts--front-door | https://www.moparamerica.com/v-2017-dodge-challenger--sxt--3-6l-v6-gas/doors-door-mirrors-and-related-parts--front-door,https://www.moparamerica.com/v-2017-dodge-charger--r-t--5-7l-v8-gas/doors-door-mirrors-and-related-parts--front-door | https://www.moparamerica.com/v-2017-dodge-charger--r-t-scat-pack--6-4l-v8-gas/doors-door-mirrors-and-related-parts--front-door | https://www.moparamerica.com/v-2017-dodge-charger--srt-392--6-4l-v8-gas/doors-door-mirrors-and-related-parts--front-door,EXACT DIRECT COMPONENT-KEYWORD MATCH across at least one Challenger and Charger catalog route; not compliance proof
42/04,General Safety Requirements,front-door,1MZ85KBXAM,2013 2018 Mopar Front Door Exterior Handle Left,R/T 5.7L | R/T Scat Pack 6.4L | SRT 392 6.4L | SXT 3.6L,R/T 5.7L | R/T Scat Pack 6.4L | SRT 392 6.4L,1MZ85KBXAM,1MZ85KBXAM,https://www.moparamerica.com/v-2017-dodge-challenger--r-t--5-7l-v8-gas/doors-door-mirrors-and-related-parts--front-door | https://www.moparamerica.com/v-2017-dodge-challenger--r-t-scat-pack--6-4l-v8-gas/doors-door-mirrors-and-related-parts--front-door | https://www.moparamerica.com/v-2017-dodge-challenger--srt-392--6-4l-v8-gas/doors-door-mirrors-and-related-parts--front-door | https://www.moparamerica.com/v-2017-dodge-challenger--sxt--3-6l-v6-gas/doors-door-mirrors-and-related-parts--front-door,https://www.moparamerica.com/v-2017-dodge-charger--r-t--5-7l-v8-gas/doors-door-mirrors-and-related-parts--front-door | https://www.moparamerica.com/v-2017-dodge-charger--r-t-scat-pack--6-4l-v8-gas/doors-door-mirrors-and-related-parts--front-door | https://www.moparamerica.com/v-2017-dodge-charger--srt-392--6-4l-v8-gas/doors-door-mirrors-and-related-parts--front-door,EXACT DIRECT COMPONENT-KEYWORD MATCH across at least one Challenger and Charger catalog route; not compliance proof
42/04,General Safety Requirements,front-door,1MZ85LAUAM,2013 2021 Mopar Front Door Exterior Handle Left,R/T 5.7L | R/T Scat Pack 6.4L | SRT 392 6.4L | SXT 3.6L,R/T 5.7L | R/T Scat Pack 6.4L | SRT 392 6.4L,1MZ85LAUAM,1MZ85LAUAM,https://www.moparamerica.com/v-2017-dodge-challenger--r-t--5-7l-v8-gas/doors-door-mirrors-and-related-parts--front-door | https://www.moparamerica.com/v-2017-dodge-challenger--r-t-scat-pack--6-4l-v8-gas/doors-door-mirrors-and-related-parts--front-door | https://www.moparamerica.com/v-2017-dodge-challenger--srt-392--6-4l-v8-gas/doors-door-mirrors-and-related-parts--front-door | https://www.moparamerica.com/v-2017-dodge-challenger--sxt--3-6l-v6-gas/doors-door-mirrors-and-related-parts--front-door,https://www.moparamerica.com/v-2017-dodge-charger--r-t--5-7l-v8-gas/doors-door-mirrors-and-related-parts--front-door | https://www.moparamerica.com/v-2017-dodge-charger--r-t-scat-pack--6-4l-v8-gas/doors-door-mirrors-and-related-parts--front-door | https://www.moparamerica.com/v-2017-dodge-charger--srt-392--6-4l-v8-gas/doors-door-mirrors-and-related-parts--front-door,EXACT DIRECT COMPONENT-KEYWORD MATCH across at least one Challenger and Charger catalog route; not compliance proof
42/04,General Safety Requirements,front-door,1MZ85MGMAJ,Front Door Exterior Handle Left,R/T 5.7L | R/T Scat Pack 6.4L | SRT 392 6.4L | SXT 3.6L,R/T 5.7L | R/T Scat Pack 6.4L | SRT 392 6.4L,1MZ85MGMAJ,1MZ85MGMAJ,https://www.moparamerica.com/v-2017-dodge-challenger--r-t--5-7l-v8-gas/doors-door-mirrors-and-related-parts--front-door | https://www.moparamerica.com/v-2017-dodge-challenger--r-t-scat-pack--6-4l-v8-gas/doors-door-mirrors-and-related-parts--front-door | https://www.moparamerica.com/v-2017-dodge-challenger--srt-392--6-4l-v8-gas/doors-door-mirrors-and-related-parts--front-door | https://www.moparamerica.com/v-2017-dodge-challenger--sxt--3-6l-v6-gas/doors-door-mirrors-and-related-parts--front-door,https://www.moparamerica.com/v-2017-dodge-charger--r-t--5-7l-v8-gas/doors-door-mirrors-and-related-parts--front-door | https://www.moparamerica.com/v-2017-dodge-charger--r-t-scat-pack--6-4l-v8-gas/doors-door-mirrors-and-related-parts--front-door | https://www.moparamerica.com/v-2017-dodge-charger--srt-392--6-4l-v8-gas/doors-door-mirrors-and-related-parts--front-door,EXACT DIRECT COMPONENT-KEYWORD MATCH across at least one Challenger and Charger catalog route; not compliance proof
42/04,General Safety Requirements,front-door,1MZ85NRVAM,2020 2021 Dodge Challenger Front Door Exterior Handle Left,R/T 5.7L | R/T Scat Pack 6.4L | SRT 392 6.4L | SXT 3.6L,R/T 5.7L | R/T Scat Pack 6.4L | SRT 392 6.4L,1MZ85NRVAM,1MZ85NRVAM,https://www.moparamerica.com/v-2017-dodge-challenger--r-t--5-7l-v8-gas/doors-door-mirrors-and-related-parts--front-door | https://www.moparamerica.com/v-2017-dodge-challenger--r-t-scat-pack--6-4l-v8-gas/doors-door-mirrors-and-related-parts--front-door | https://www.moparamerica.com/v-2017-dodge-challenger--srt-392--6-4l-v8-gas/doors-door-mirrors-and-related-parts--front-door | https://www.moparamerica.com/v-2017-dodge-challenger--sxt--3-6l-v6-gas/doors-door-mirrors-and-related-parts--front-door,https://www.moparamerica.com/v-2017-dodge-charger--r-t--5-7l-v8-gas/doors-door-mirrors-and-related-parts--front-door | https://www.moparamerica.com/v-2017-dodge-charger--r-t-scat-pack--6-4l-v8-gas/doors-door-mirrors-and-related-parts--front-door | https://www.moparamerica.com/v-2017-dodge-charger--srt-392--6-4l-v8-gas/doors-door-mirrors-and-related-parts--front-door,EXACT DIRECT COMPONENT-KEYWORD MATCH across at least one Challenger and Charger catalog route; not compliance proof
42/04,General Safety Requirements,front-door,1MZ85NVPAM,2015 2021 Mopar Front Door Exterior Handle Left,R/T 5.7L | R/T Scat Pack 6.4L | SRT 392 6.4L | SXT 3.6L,R/T 5.7L | R/T Scat Pack 6.4L | SRT 392 6.4L,1MZ85NVPAM,1MZ85NVPAM,https://www.moparamerica.com/v-2017-dodge-challenger--r-t--5-7l-v8-gas/doors-door-mirrors-and-related-parts--front-door | https://www.moparamerica.com/v-2017-dodge-challenger--r-t-scat-pack--6-4l-v8-gas/doors-door-mirrors-and-related-parts--front-door | https://www.moparamerica.com/v-2017-dodge-challenger--srt-392--6-4l-v8-gas/doors-door-mirrors-and-related-parts--front-door | https://www.moparamerica.com/v-2017-dodge-challenger--sxt--3-6l-v6-gas/doors-door-mirrors-and-related-parts--front-door,https://www.moparamerica.com/v-2017-dodge-charger--r-t--5-7l-v8-gas/doors-door-mirrors-and-related-parts--front-door | https://www.moparamerica.com/v-2017-dodge-charger--r-t-scat-pack--6-4l-v8-gas/doors-door-mirrors-and-related-parts--front-door | https://www.moparamerica.com/v-2017-dodge-charger--srt-392--6-4l-v8-gas/doors-door-mirrors-and-related-parts--front-door,EXACT DIRECT COMPONENT-KEYWORD MATCH across at least one Challenger and Charger catalog route; not compliance proof
42/04,General Safety Requirements,front-door,1MZ85PDNAM,2014 2021 Mopar Front Door Exterior Handle Left,R/T 5.7L | R/T Scat Pack 6.4L | SRT 392 6.4L | SXT 3.6L,R/T 5.7L | R/T Scat Pack 6.4L | SRT 392 6.4L,1MZ85PDNAM,1MZ85PDNAM,https://www.moparamerica.com/v-2017-dodge-challenger--r-t--5-7l-v8-gas/doors-door-mirrors-and-related-parts--front-door | https://www.moparamerica.com/v-2017-dodge-challenger--r-t-scat-pack--6-4l-v8-gas/doors-door-mirrors-and-related-parts--front-door | https://www.moparamerica.com/v-2017-dodge-challenger--srt-392--6-4l-v8-gas/doors-door-mirrors-and-related-parts--front-door | https://www.moparamerica.com/v-2017-dodge-challenger--sxt--3-6l-v6-gas/doors-door-mirrors-and-related-parts--front-door,https://www.moparamerica.com/v-2017-dodge-charger--r-t--5-7l-v8-gas/doors-door-mirrors-and-related-parts--front-door | https://www.moparamerica.com/v-2017-dodge-charger--r-t-scat-pack--6-4l-v8-gas/doors-door-mirrors-and-related-parts--front-door | https://www.moparamerica.com/v-2017-dodge-charger--srt-392--6-4l-v8-gas/doors-door-mirrors-and-related-parts--front-door,EXACT DIRECT COMPONENT-KEYWORD MATCH across at least one Challenger and Charger catalog route; not compliance proof
42/04,General Safety Requirements,front-door,1MZ85RY4AM,Front Door Exterior Handle Left,R/T 5.7L | R/T Scat Pack 6.4L | SRT 392 6.4L | SXT 3.6L,R/T 5.7L | R/T Scat Pack 6.4L | SRT 392 6.4L,1MZ85RY4AM,1MZ85RY4AM,https://www.moparamerica.com/v-2017-dodge-challenger--r-t--5-7l-v8-gas/doors-door-mirrors-and-related-parts--front-door | https://www.moparamerica.com/v-2017-dodge-challenger--r-t-scat-pack--6-4l-v8-gas/doors-door-mirrors-and-related-parts--front-door | https://www.moparamerica.com/v-2017-dodge-challenger--srt-392--6-4l-v8-gas/doors-door-mirrors-and-related-parts--front-door | https://www.moparamerica.com/v-2017-dodge-challenger--sxt--3-6l-v6-gas/doors-door-mirrors-and-related-parts--front-door,https://www.moparamerica.com/v-2017-dodge-charger--r-t--5-7l-v8-gas/doors-door-mirrors-and-related-parts--front-door | https://www.moparamerica.com/v-2017-dodge-charger--r-t-scat-pack--6-4l-v8-gas/doors-door-mirrors-and-related-parts--front-door | https://www.moparamerica.com/v-2017-dodge-charger--srt-392--6-4l-v8-gas/doors-door-mirrors-and-related-parts--front-door,EXACT DIRECT COMPONENT-KEYWORD MATCH across at least one Challenger and Charger catalog route; not compliance proof
42/04,General Safety Requirements,front-door,1MZ85ZR3AM,2013 2021 Mopar Front Door Exterior Handle Left,R/T 5.7L | R/T Scat Pack 6.4L | SRT 392 6.4L | SXT 3.6L,R/T 5.7L | R/T Scat Pack 6.4L | SRT 392 6.4L,1MZ85ZR3AM,1MZ85ZR3AM,https://www.moparamerica.com/v-2017-dodge-challenger--r-t--5-7l-v8-gas/doors-door-mirrors-and-related-parts--front-door | https://www.moparamerica.com/v-2017-dodge-challenger--r-t-scat-pack--6-4l-v8-gas/doors-door-mirrors-and-related-parts--front-door | https://www.moparamerica.com/v-2017-dodge-challenger--srt-392--6-4l-v8-gas/doors-door-mirrors-and-related-parts--front-door | https://www.moparamerica.com/v-2017-dodge-challenger--sxt--3-6l-v6-gas/doors-door-mirrors-and-related-parts--front-door,https://www.moparamerica.com/v-2017-dodge-charger--r-t--5-7l-v8-gas/doors-door-mirrors-and-related-parts--front-door | https://www.moparamerica.com/v-2017-dodge-charger--r-t-scat-pack--6-4l-v8-gas/doors-door-mirrors-and-related-parts--front-door | https://www.moparamerica.com/v-2017-dodge-charger--srt-392--6-4l-v8-gas/doors-door-mirrors-and-related-parts--front-door,EXACT DIRECT COMPONENT-KEYWORD MATCH across at least one Challenger and Charger catalog route; not compliance proof
42/04,General Safety Requirements,instrument-panel,1QF13DX9AP,2011 2021 Mopar Instrument Panel Glove Box,R/T 5.7L | R/T Scat Pack 6.4L | SRT 392 6.4L | SXT 3.6L,R/T 5.7L | SRT 392 6.4L,1QF13DX9AP,1QF13DX9AP,https://www.moparamerica.com/v-2017-dodge-challenger--r-t--5-7l-v8-gas/interior-trim--instrument-panel | https://www.moparamerica.com/v-2017-dodge-challenger--r-t-scat-pack--6-4l-v8-gas/interior-trim--instrument-panel | https://www.moparamerica.com/v-2017-dodge-challenger--srt-392--6-4l-v8-gas/interior-trim--instrument-panel | https://www.moparamerica.com/v-2017-dodge-challenger--sxt--3-6l-v6-gas/interior-trim--instrument-panel,https://www.moparamerica.com/v-2017-dodge-charger--r-t--5-7l-v8-gas/interior-trim--instrument-panel | https://www.moparamerica.com/v-2017-dodge-charger--srt-392--6-4l-v8-gas/interior-trim--instrument-panel,EXACT DIRECT COMPONENT-KEYWORD MATCH across at least one Challenger and Charger catalog route; not compliance proof
42/04,General Safety Requirements,instrument-panel,68404422AA,Ignition Switch Trim Ring,R/T 5.7L | R/T Scat Pack 6.4L | SRT 392 6.4L | SXT 3.6L,R/T 5.7L | SRT 392 6.4L,68404422AA,68404422AA,https://www.moparamerica.com/v-2017-dodge-challenger--r-t--5-7l-v8-gas/interior-trim--instrument-panel | https://www.moparamerica.com/v-2017-dodge-challenger--r-t-scat-pack--6-4l-v8-gas/interior-trim--instrument-panel | https://www.moparamerica.com/v-2017-dodge-challenger--srt-392--6-4l-v8-gas/interior-trim--instrument-panel | https://www.moparamerica.com/v-2017-dodge-challenger--sxt--3-6l-v6-gas/interior-trim--instrument-panel,https://www.moparamerica.com/v-2017-dodge-charger--r-t--5-7l-v8-gas/interior-trim--instrument-panel | https://www.moparamerica.com/v-2017-dodge-charger--srt-392--6-4l-v8-gas/interior-trim--instrument-panel,EXACT DIRECT COMPONENT-KEYWORD MATCH across at least one Challenger and Charger catalog route; not compliance proof
42/04,General Safety Requirements,steering-wheel,1ZV36DX9AC,Paddle Switch Cover Bezel Right,R/T 5.7L | R/T Scat Pack 6.4L | SRT 392 6.4L | SXT 3.6L,R/T 5.7L | SRT 392 6.4L,1ZV36DX9AC,1ZV36DX9AC,https://www.moparamerica.com/v-2017-dodge-challenger--r-t--5-7l-v8-gas/steering--steering-wheel | https://www.moparamerica.com/v-2017-dodge-challenger--r-t-scat-pack--6-4l-v8-gas/steering--steering-wheel | https://www.moparamerica.com/v-2017-dodge-challenger--srt-392--6-4l-v8-gas/steering--steering-wheel | https://www.moparamerica.com/v-2017-dodge-challenger--sxt--3-6l-v6-gas/steering--steering-wheel,https://www.moparamerica.com/v-2017-dodge-charger--r-t--5-7l-v8-gas/steering--steering-wheel | https://www.moparamerica.com/v-2017-dodge-charger--srt-392--6-4l-v8-gas/steering--steering-wheel,EXACT DIRECT COMPONENT-KEYWORD MATCH across at least one Challenger and Charger catalog route; not compliance proof
42/04,General Safety Requirements,steering-wheel,1ZV37DX9AC,Paddle Switch Cover Bezel Left,R/T 5.7L | R/T Scat Pack 6.4L | SRT 392 6.4L | SXT 3.6L,R/T 5.7L | SRT 392 6.4L,1ZV37DX9AC,1ZV37DX9AC,https://www.moparamerica.com/v-2017-dodge-challenger--r-t--5-7l-v8-gas/steering--steering-wheel | https://www.moparamerica.com/v-2017-dodge-challenger--r-t-scat-pack--6-4l-v8-gas/steering--steering-wheel | https://www.moparamerica.com/v-2017-dodge-challenger--srt-392--6-4l-v8-gas/steering--steering-wheel | https://www.moparamerica.com/v-2017-dodge-challenger--sxt--3-6l-v6-gas/steering--steering-wheel,https://www.moparamerica.com/v-2017-dodge-charger--r-t--5-7l-v8-gas/steering--steering-wheel | https://www.moparamerica.com/v-2017-dodge-charger--srt-392--6-4l-v8-gas/steering--steering-wheel,EXACT DIRECT COMPONENT-KEYWORD MATCH across at least one Challenger and Charger catalog route; not compliance proof
42/04,General Safety Requirements,steering-wheel,5SQ18JSLAA,Steering Wheel Bezel Left,R/T 5.7L | R/T Scat Pack 6.4L | SRT 392 6.4L | SXT 3.6L,R/T 5.7L | SRT 392 6.4L,5SQ18JSLAA,5SQ18JSLAA,https://www.moparamerica.com/v-2017-dodge-challenger--r-t--5-7l-v8-gas/steering--steering-wheel | https://www.moparamerica.com/v-2017-dodge-challenger--r-t-scat-pack--6-4l-v8-gas/steering--steering-wheel | https://www.moparamerica.com/v-2017-dodge-challenger--srt-392--6-4l-v8-gas/steering--steering-wheel | https://www.moparamerica.com/v-2017-dodge-challenger--sxt--3-6l-v6-gas/steering--steering-wheel,https://www.moparamerica.com/v-2017-dodge-charger--r-t--5-7l-v8-gas/steering--steering-wheel | https://www.moparamerica.com/v-2017-dodge-charger--srt-392--6-4l-v8-gas/steering--steering-wheel,EXACT DIRECT COMPONENT-KEYWORD MATCH across at least one Challenger and Charger catalog route; not compliance proof
42/04,General Safety Requirements,steering-wheel,5SQ18JXPAA,Steering Wheel Bezel,R/T 5.7L | R/T Scat Pack 6.4L | SRT 392 6.4L | SXT 3.6L,R/T 5.7L | SRT 392 6.4L,5SQ18JXPAA,5SQ18JXPAA,https://www.moparamerica.com/v-2017-dodge-challenger--r-t--5-7l-v8-gas/steering--steering-wheel | https://www.moparamerica.com/v-2017-dodge-challenger--r-t-scat-pack--6-4l-v8-gas/steering--steering-wheel | https://www.moparamerica.com/v-2017-dodge-challenger--srt-392--6-4l-v8-gas/steering--steering-wheel | https://www.moparamerica.com/v-2017-dodge-challenger--sxt--3-6l-v6-gas/steering--steering-wheel,https://www.moparamerica.com/v-2017-dodge-charger--r-t--5-7l-v8-gas/steering--steering-wheel | https://www.moparamerica.com/v-2017-dodge-charger--srt-392--6-4l-v8-gas/steering--steering-wheel,EXACT DIRECT COMPONENT-KEYWORD MATCH across at least one Challenger and Charger catalog route; not compliance proof
42/04,General Safety Requirements,steering-wheel,5SQ19JSLAA,Steering Wheel Bezel Right,R/T 5.7L | R/T Scat Pack 6.4L | SRT 392 6.4L | SXT 3.6L,R/T 5.7L | SRT 392 6.4L,5SQ19JSLAA,5SQ19JSLAA,https://www.moparamerica.com/v-2017-dodge-challenger--r-t--5-7l-v8-gas/steering--steering-wheel | https://www.moparamerica.com/v-2017-dodge-challenger--r-t-scat-pack--6-4l-v8-gas/steering--steering-wheel | https://www.moparamerica.com/v-2017-dodge-challenger--srt-392--6-4l-v8-gas/steering--steering-wheel | https://www.moparamerica.com/v-2017-dodge-challenger--sxt--3-6l-v6-gas/steering--steering-wheel,https://www.moparamerica.com/v-2017-dodge-charger--r-t--5-7l-v8-gas/steering--steering-wheel | https://www.moparamerica.com/v-2017-dodge-charger--srt-392--6-4l-v8-gas/steering--steering-wheel,EXACT DIRECT COMPONENT-KEYWORD MATCH across at least one Challenger and Charger catalog route; not compliance proof
42/04,General Safety Requirements,steering-wheel,5SQ19JXPAA,Steering Wheel Bezel,R/T 5.7L | R/T Scat Pack 6.4L | SRT 392 6.4L | SXT 3.6L,R/T 5.7L | SRT 392 6.4L,5SQ19JXPAA,5SQ19JXPAA,https://www.moparamerica.com/v-2017-dodge-challenger--r-t--5-7l-v8-gas/steering--steering-wheel | https://www.moparamerica.com/v-2017-dodge-challenger--r-t-scat-pack--6-4l-v8-gas/steering--steering-wheel | https://www.moparamerica.com/v-2017-dodge-challenger--srt-392--6-4l-v8-gas/steering--steering-wheel | https://www.moparamerica.com/v-2017-dodge-challenger--sxt--3-6l-v6-gas/steering--steering-wheel,https://www.moparamerica.com/v-2017-dodge-charger--r-t--5-7l-v8-gas/steering--steering-wheel | https://www.moparamerica.com/v-2017-dodge-charger--srt-392--6-4l-v8-gas/steering--steering-wheel,EXACT DIRECT COMPONENT-KEYWORD MATCH across at least one Challenger and Charger catalog route; not compliance proof
42/04,General Safety Requirements,steering-wheel,5SQ20JSLAA,Steering Wheel Bezel,R/T 5.7L | R/T Scat Pack 6.4L | SRT 392 6.4L | SXT 3.6L,R/T 5.7L | SRT 392 6.4L,5SQ20JSLAA,5SQ20JSLAA,https://www.moparamerica.com/v-2017-dodge-challenger--r-t--5-7l-v8-gas/steering--steering-wheel | https://www.moparamerica.com/v-2017-dodge-challenger--r-t-scat-pack--6-4l-v8-gas/steering--steering-wheel | https://www.moparamerica.com/v-2017-dodge-challenger--srt-392--6-4l-v8-gas/steering--steering-wheel | https://www.moparamerica.com/v-2017-dodge-challenger--sxt--3-6l-v6-gas/steering--steering-wheel,https://www.moparamerica.com/v-2017-dodge-charger--r-t--5-7l-v8-gas/steering--steering-wheel | https://www.moparamerica.com/v-2017-dodge-charger--srt-392--6-4l-v8-gas/steering--steering-wheel,EXACT DIRECT COMPONENT-KEYWORD MATCH across at least one Challenger and Charger catalog route; not compliance proof
42/04,General Safety Requirements,steering-wheel,5SQ20JXPAA,Steering Wheel Bezel,R/T 5.7L | R/T Scat Pack 6.4L | SRT 392 6.4L | SXT 3.6L,R/T 5.7L | SRT 392 6.4L,5SQ20JXPAA,5SQ20JXPAA,https://www.moparamerica.com/v-2017-dodge-challenger--r-t--5-7l-v8-gas/steering--steering-wheel | https://www.moparamerica.com/v-2017-dodge-challenger--r-t-scat-pack--6-4l-v8-gas/steering--steering-wheel | https://www.moparamerica.com/v-2017-dodge-challenger--srt-392--6-4l-v8-gas/steering--steering-wheel | https://www.moparamerica.com/v-2017-dodge-challenger--sxt--3-6l-v6-gas/steering--steering-wheel,https://www.moparamerica.com/v-2017-dodge-charger--r-t--5-7l-v8-gas/steering--steering-wheel | https://www.moparamerica.com/v-2017-dodge-charger--srt-392--6-4l-v8-gas/steering--steering-wheel,EXACT DIRECT COMPONENT-KEYWORD MATCH across at least one Challenger and Charger catalog route; not compliance proof
42/04,General Safety Requirements,steering-wheel,6AD80DX9AA,Steering Wheel,R/T 5.7L | R/T Scat Pack 6.4L | SRT 392 6.4L | SXT 3.6L,R/T 5.7L | SRT 392 6.4L,6AD80DX9AA,6AD80DX9AA,https://www.moparamerica.com/v-2017-dodge-challenger--r-t--5-7l-v8-gas/steering--steering-wheel | https://www.moparamerica.com/v-2017-dodge-challenger--r-t-scat-pack--6-4l-v8-gas/steering--steering-wheel | https://www.moparamerica.com/v-2017-dodge-challenger--srt-392--6-4l-v8-gas/steering--steering-wheel | https://www.moparamerica.com/v-2017-dodge-challenger--sxt--3-6l-v6-gas/steering--steering-wheel,https://www.moparamerica.com/v-2017-dodge-charger--r-t--5-7l-v8-gas/steering--steering-wheel | https://www.moparamerica.com/v-2017-dodge-charger--srt-392--6-4l-v8-gas/steering--steering-wheel,EXACT DIRECT COMPONENT-KEYWORD MATCH across at least one Challenger and Charger catalog route; not compliance proof
42/04,General Safety Requirements,steering-wheel,6AD81DX9AA,Steering Wheel,R/T 5.7L | R/T Scat Pack 6.4L | SRT 392 6.4L | SXT 3.6L,R/T 5.7L | SRT 392 6.4L,6AD81DX9AA,6AD81DX9AA,https://www.moparamerica.com/v-2017-dodge-challenger--r-t--5-7l-v8-gas/steering--steering-wheel | https://www.moparamerica.com/v-2017-dodge-challenger--r-t-scat-pack--6-4l-v8-gas/steering--steering-wheel | https://www.moparamerica.com/v-2017-dodge-challenger--srt-392--6-4l-v8-gas/steering--steering-wheel | https://www.moparamerica.com/v-2017-dodge-challenger--sxt--3-6l-v6-gas/steering--steering-wheel,https://www.moparamerica.com/v-2017-dodge-charger--r-t--5-7l-v8-gas/steering--steering-wheel | https://www.moparamerica.com/v-2017-dodge-charger--srt-392--6-4l-v8-gas/steering--steering-wheel,EXACT DIRECT COMPONENT-KEYWORD MATCH across at least one Challenger and Charger catalog route; not compliance proof
42/04,General Safety Requirements,steering-wheel,6AD821X9AA,2015 2021 Mopar Steering Wheel,R/T 5.7L | R/T Scat Pack 6.4L | SRT 392 6.4L | SXT 3.6L,R/T 5.7L | SRT 392 6.4L,6AD821X9AA,6AD821X9AA,https://www.moparamerica.com/v-2017-dodge-challenger--r-t--5-7l-v8-gas/steering--steering-wheel | https://www.moparamerica.com/v-2017-dodge-challenger--r-t-scat-pack--6-4l-v8-gas/steering--steering-wheel | https://www.moparamerica.com/v-2017-dodge-challenger--srt-392--6-4l-v8-gas/steering--steering-wheel | https://www.moparamerica.com/v-2017-dodge-challenger--sxt--3-6l-v6-gas/steering--steering-wheel,https://www.moparamerica.com/v-2017-dodge-charger--r-t--5-7l-v8-gas/steering--steering-wheel | https://www.moparamerica.com/v-2017-dodge-charger--srt-392--6-4l-v8-gas/steering--steering-wheel,EXACT DIRECT COMPONENT-KEYWORD MATCH across at least one Challenger and Charger catalog route; not compliance proof
42/04,General Safety Requirements,steering-wheel,6MS261X9AA,2015 2021 Mopar Steering Wheel,R/T 5.7L | R/T Scat Pack 6.4L | SRT 392 6.4L | SXT 3.6L,R/T 5.7L | SRT 392 6.4L,6MS261X9AA,6MS261X9AA,https://www.moparamerica.com/v-2017-dodge-challenger--r-t--5-7l-v8-gas/steering--steering-wheel | https://www.moparamerica.com/v-2017-dodge-challenger--r-t-scat-pack--6-4l-v8-gas/steering--steering-wheel | https://www.moparamerica.com/v-2017-dodge-challenger--srt-392--6-4l-v8-gas/steering--steering-wheel | https://www.moparamerica.com/v-2017-dodge-challenger--sxt--3-6l-v6-gas/steering--steering-wheel,https://www.moparamerica.com/v-2017-dodge-charger--r-t--5-7l-v8-gas/steering--steering-wheel | https://www.moparamerica.com/v-2017-dodge-charger--srt-392--6-4l-v8-gas/steering--steering-wheel,EXACT DIRECT COMPONENT-KEYWORD MATCH across at least one Challenger and Charger catalog route; not compliance proof
69/00,Full Frontal Impact Occupant Protection,air-bags,56054085AA,Acceleration Sensor,R/T 5.7L | R/T Scat Pack 6.4L | SRT 392 6.4L | SXT 3.6L,R/T 5.7L | SRT 392 6.4L,56054085AA,56054085AA,https://www.moparamerica.com/v-2017-dodge-challenger--r-t--5-7l-v8-gas/restraints--air-bags | https://www.moparamerica.com/v-2017-dodge-challenger--r-t-scat-pack--6-4l-v8-gas/restraints--air-bags | https://www.moparamerica.com/v-2017-dodge-challenger--srt-392--6-4l-v8-gas/restraints--air-bags | https://www.moparamerica.com/v-2017-dodge-challenger--sxt--3-6l-v6-gas/restraints--air-bags,https://www.moparamerica.com/v-2017-dodge-charger--r-t--5-7l-v8-gas/restraints--air-bags | https://www.moparamerica.com/v-2017-dodge-charger--srt-392--6-4l-v8-gas/restraints--air-bags,EXACT DIRECT COMPONENT-KEYWORD MATCH across at least one Challenger and Charger catalog route; not compliance proof
69/00,Full Frontal Impact Occupant Protection,air-bags,5LB70DX9AH,Steering Column Module,R/T 5.7L | R/T Scat Pack 6.4L | SRT 392 6.4L | SXT 3.6L,R/T 5.7L | SRT 392 6.4L,5LB70DX9AH,5LB70DX9AH,https://www.moparamerica.com/v-2017-dodge-challenger--r-t--5-7l-v8-gas/restraints--air-bags | https://www.moparamerica.com/v-2017-dodge-challenger--r-t-scat-pack--6-4l-v8-gas/restraints--air-bags | https://www.moparamerica.com/v-2017-dodge-challenger--srt-392--6-4l-v8-gas/restraints--air-bags | https://www.moparamerica.com/v-2017-dodge-challenger--sxt--3-6l-v6-gas/restraints--air-bags,https://www.moparamerica.com/v-2017-dodge-charger--r-t--5-7l-v8-gas/restraints--air-bags | https://www.moparamerica.com/v-2017-dodge-charger--srt-392--6-4l-v8-gas/restraints--air-bags,EXACT DIRECT COMPONENT-KEYWORD MATCH across at least one Challenger and Charger catalog route; not compliance proof
69/00,Full Frontal Impact Occupant Protection,air-bags,5LB71DX9AI,Steering Column Module,R/T 5.7L | R/T Scat Pack 6.4L | SRT 392 6.4L | SXT 3.6L,R/T 5.7L | SRT 392 6.4L,5LB71DX9AI,5LB71DX9AI,https://www.moparamerica.com/v-2017-dodge-challenger--r-t--5-7l-v8-gas/restraints--air-bags | https://www.moparamerica.com/v-2017-dodge-challenger--r-t-scat-pack--6-4l-v8-gas/restraints--air-bags | https://www.moparamerica.com/v-2017-dodge-challenger--srt-392--6-4l-v8-gas/restraints--air-bags | https://www.moparamerica.com/v-2017-dodge-challenger--sxt--3-6l-v6-gas/restraints--air-bags,https://www.moparamerica.com/v-2017-dodge-charger--r-t--5-7l-v8-gas/restraints--air-bags | https://www.moparamerica.com/v-2017-dodge-charger--srt-392--6-4l-v8-gas/restraints--air-bags,EXACT DIRECT COMPONENT-KEYWORD MATCH across at least one Challenger and Charger catalog route; not compliance proof
69/00,Full Frontal Impact Occupant Protection,air-bags,5LB72DX9AH,Steering Column Module,R/T 5.7L | R/T Scat Pack 6.4L | SRT 392 6.4L | SXT 3.6L,R/T 5.7L | SRT 392 6.4L,5LB72DX9AH,5LB72DX9AH,https://www.moparamerica.com/v-2017-dodge-challenger--r-t--5-7l-v8-gas/restraints--air-bags | https://www.moparamerica.com/v-2017-dodge-challenger--r-t-scat-pack--6-4l-v8-gas/restraints--air-bags | https://www.moparamerica.com/v-2017-dodge-challenger--srt-392--6-4l-v8-gas/restraints--air-bags | https://www.moparamerica.com/v-2017-dodge-challenger--sxt--3-6l-v6-gas/restraints--air-bags,https://www.moparamerica.com/v-2017-dodge-charger--r-t--5-7l-v8-gas/restraints--air-bags | https://www.moparamerica.com/v-2017-dodge-charger--srt-392--6-4l-v8-gas/restraints--air-bags,EXACT DIRECT COMPONENT-KEYWORD MATCH across at least one Challenger and Charger catalog route; not compliance proof
69/00,Full Frontal Impact Occupant Protection,air-bags,5LB73DX9AH,Steering Column Module,R/T 5.7L | R/T Scat Pack 6.4L | SRT 392 6.4L | SXT 3.6L,R/T 5.7L | SRT 392 6.4L,5LB73DX9AH,5LB73DX9AH,https://www.moparamerica.com/v-2017-dodge-challenger--r-t--5-7l-v8-gas/restraints--air-bags | https://www.moparamerica.com/v-2017-dodge-challenger--r-t-scat-pack--6-4l-v8-gas/restraints--air-bags | https://www.moparamerica.com/v-2017-dodge-challenger--srt-392--6-4l-v8-gas/restraints--air-bags | https://www.moparamerica.com/v-2017-dodge-challenger--sxt--3-6l-v6-gas/restraints--air-bags,https://www.moparamerica.com/v-2017-dodge-charger--r-t--5-7l-v8-gas/restraints--air-bags | https://www.moparamerica.com/v-2017-dodge-charger--srt-392--6-4l-v8-gas/restraints--air-bags,EXACT DIRECT COMPONENT-KEYWORD MATCH across at least one Challenger and Charger catalog route; not compliance proof
69/00,Full Frontal Impact Occupant Protection,seat-belts,5135197AA,Seat Belt Extender,R/T 5.7L | R/T Scat Pack 6.4L | SRT 392 6.4L | SXT 3.6L,R/T 5.7L | SRT 392 6.4L,5135197AA,5135197AA,https://www.moparamerica.com/v-2017-dodge-challenger--r-t--5-7l-v8-gas/restraints--seat-belts | https://www.moparamerica.com/v-2017-dodge-challenger--r-t-scat-pack--6-4l-v8-gas/restraints--seat-belts | https://www.moparamerica.com/v-2017-dodge-challenger--srt-392--6-4l-v8-gas/restraints--seat-belts | https://www.moparamerica.com/v-2017-dodge-challenger--sxt--3-6l-v6-gas/restraints--seat-belts,https://www.moparamerica.com/v-2017-dodge-charger--r-t--5-7l-v8-gas/restraints--seat-belts | https://www.moparamerica.com/v-2017-dodge-charger--srt-392--6-4l-v8-gas/restraints--seat-belts,EXACT DIRECT COMPONENT-KEYWORD MATCH across at least one Challenger and Charger catalog route; not compliance proof
69/00,Full Frontal Impact Occupant Protection,seat-belts,6ET081X9AB,Front Inner Seat Belt Right,R/T 5.7L | R/T Scat Pack 6.4L | SRT 392 6.4L | SXT 3.6L,R/T 5.7L | SRT 392 6.4L,6ET081X9AB,6ET081X9AB,https://www.moparamerica.com/v-2017-dodge-challenger--r-t--5-7l-v8-gas/restraints--seat-belts | https://www.moparamerica.com/v-2017-dodge-challenger--r-t-scat-pack--6-4l-v8-gas/restraints--seat-belts | https://www.moparamerica.com/v-2017-dodge-challenger--srt-392--6-4l-v8-gas/restraints--seat-belts | https://www.moparamerica.com/v-2017-dodge-challenger--sxt--3-6l-v6-gas/restraints--seat-belts,https://www.moparamerica.com/v-2017-dodge-charger--r-t--5-7l-v8-gas/restraints--seat-belts | https://www.moparamerica.com/v-2017-dodge-charger--srt-392--6-4l-v8-gas/restraints--seat-belts,EXACT DIRECT COMPONENT-KEYWORD MATCH across at least one Challenger and Charger catalog route; not compliance proof
69/00,Full Frontal Impact Occupant Protection,seat-belts,6ET091X9AB,Front Inner Seat Belt Left,R/T 5.7L | R/T Scat Pack 6.4L | SRT 392 6.4L | SXT 3.6L,R/T 5.7L | SRT 392 6.4L,6ET091X9AB,6ET091X9AB,https://www.moparamerica.com/v-2017-dodge-challenger--r-t--5-7l-v8-gas/restraints--seat-belts | https://www.moparamerica.com/v-2017-dodge-challenger--r-t-scat-pack--6-4l-v8-gas/restraints--seat-belts | https://www.moparamerica.com/v-2017-dodge-challenger--srt-392--6-4l-v8-gas/restraints--seat-belts | https://www.moparamerica.com/v-2017-dodge-challenger--sxt--3-6l-v6-gas/restraints--seat-belts,https://www.moparamerica.com/v-2017-dodge-charger--r-t--5-7l-v8-gas/restraints--seat-belts | https://www.moparamerica.com/v-2017-dodge-charger--srt-392--6-4l-v8-gas/restraints--seat-belts,EXACT DIRECT COMPONENT-KEYWORD MATCH across at least one Challenger and Charger catalog route; not compliance proof
69/00,Full Frontal Impact Occupant Protection,steering-column,68140569AG,2014 2021 Mopar Steering Column,R/T 5.7L | R/T Scat Pack 6.4L | SRT 392 6.4L | SXT 3.6L,R/T 5.7L | SRT 392 6.4L,68140569AG,68140569AG,https://www.moparamerica.com/v-2017-dodge-challenger--r-t--5-7l-v8-gas/steering--steering-column-and-intermediate-shaft | https://www.moparamerica.com/v-2017-dodge-challenger--r-t-scat-pack--6-4l-v8-gas/steering--steering-column-and-intermediate-shaft | https://www.moparamerica.com/v-2017-dodge-challenger--srt-392--6-4l-v8-gas/steering--steering-column-and-intermediate-shaft | https://www.moparamerica.com/v-2017-dodge-challenger--sxt--3-6l-v6-gas/steering--steering-column-and-intermediate-shaft,https://www.moparamerica.com/v-2017-dodge-charger--r-t--5-7l-v8-gas/steering--steering-column-and-intermediate-shaft | https://www.moparamerica.com/v-2017-dodge-charger--srt-392--6-4l-v8-gas/steering--steering-column-and-intermediate-shaft,EXACT DIRECT COMPONENT-KEYWORD MATCH across at least one Challenger and Charger catalog route; not compliance proof
69/00,Full Frontal Impact Occupant Protection,steering-column,68259474AD,2014 2021 Mopar Steering Column,R/T 5.7L | R/T Scat Pack 6.4L | SRT 392 6.4L | SXT 3.6L,R/T 5.7L | SRT 392 6.4L,68259474AD,68259474AD,https://www.moparamerica.com/v-2017-dodge-challenger--r-t--5-7l-v8-gas/steering--steering-column-and-intermediate-shaft | https://www.moparamerica.com/v-2017-dodge-challenger--r-t-scat-pack--6-4l-v8-gas/steering--steering-column-and-intermediate-shaft | https://www.moparamerica.com/v-2017-dodge-challenger--srt-392--6-4l-v8-gas/steering--steering-column-and-intermediate-shaft | https://www.moparamerica.com/v-2017-dodge-challenger--sxt--3-6l-v6-gas/steering--steering-column-and-intermediate-shaft,https://www.moparamerica.com/v-2017-dodge-charger--r-t--5-7l-v8-gas/steering--steering-column-and-intermediate-shaft | https://www.moparamerica.com/v-2017-dodge-charger--srt-392--6-4l-v8-gas/steering--steering-column-and-intermediate-shaft,EXACT DIRECT COMPONENT-KEYWORD MATCH across at least one Challenger and Charger catalog route; not compliance proof
69/00,Full Frontal Impact Occupant Protection,steering-wheel,5SQ18JSLAA,Steering Wheel Bezel Left,R/T 5.7L | R/T Scat Pack 6.4L | SRT 392 6.4L | SXT 3.6L,R/T 5.7L | SRT 392 6.4L,5SQ18JSLAA,5SQ18JSLAA,https://www.moparamerica.com/v-2017-dodge-challenger--r-t--5-7l-v8-gas/steering--steering-wheel | https://www.moparamerica.com/v-2017-dodge-challenger--r-t-scat-pack--6-4l-v8-gas/steering--steering-wheel | https://www.moparamerica.com/v-2017-dodge-challenger--srt-392--6-4l-v8-gas/steering--steering-wheel | https://www.moparamerica.com/v-2017-dodge-challenger--sxt--3-6l-v6-gas/steering--steering-wheel,https://www.moparamerica.com/v-2017-dodge-charger--r-t--5-7l-v8-gas/steering--steering-wheel | https://www.moparamerica.com/v-2017-dodge-charger--srt-392--6-4l-v8-gas/steering--steering-wheel,EXACT DIRECT COMPONENT-KEYWORD MATCH across at least one Challenger and Charger catalog route; not compliance proof
69/00,Full Frontal Impact Occupant Protection,steering-wheel,5SQ18JXPAA,Steering Wheel Bezel,R/T 5.7L | R/T Scat Pack 6.4L | SRT 392 6.4L | SXT 3.6L,R/T 5.7L | SRT 392 6.4L,5SQ18JXPAA,5SQ18JXPAA,https://www.moparamerica.com/v-2017-dodge-challenger--r-t--5-7l-v8-gas/steering--steering-wheel | https://www.moparamerica.com/v-2017-dodge-challenger--r-t-scat-pack--6-4l-v8-gas/steering--steering-wheel | https://www.moparamerica.com/v-2017-dodge-challenger--srt-392--6-4l-v8-gas/steering--steering-wheel | https://www.moparamerica.com/v-2017-dodge-challenger--sxt--3-6l-v6-gas/steering--steering-wheel,https://www.moparamerica.com/v-2017-dodge-charger--r-t--5-7l-v8-gas/steering--steering-wheel | https://www.moparamerica.com/v-2017-dodge-charger--srt-392--6-4l-v8-gas/steering--steering-wheel,EXACT DIRECT COMPONENT-KEYWORD MATCH across at least one Challenger and Charger catalog route; not compliance proof
69/00,Full Frontal Impact Occupant Protection,steering-wheel,5SQ19JSLAA,Steering Wheel Bezel Right,R/T 5.7L | R/T Scat Pack 6.4L | SRT 392 6.4L | SXT 3.6L,R/T 5.7L | SRT 392 6.4L,5SQ19JSLAA,5SQ19JSLAA,https://www.moparamerica.com/v-2017-dodge-challenger--r-t--5-7l-v8-gas/steering--steering-wheel | https://www.moparamerica.com/v-2017-dodge-challenger--r-t-scat-pack--6-4l-v8-gas/steering--steering-wheel | https://www.moparamerica.com/v-2017-dodge-challenger--srt-392--6-4l-v8-gas/steering--steering-wheel | https://www.moparamerica.com/v-2017-dodge-challenger--sxt--3-6l-v6-gas/steering--steering-wheel,https://www.moparamerica.com/v-2017-dodge-charger--r-t--5-7l-v8-gas/steering--steering-wheel | https://www.moparamerica.com/v-2017-dodge-charger--srt-392--6-4l-v8-gas/steering--steering-wheel,EXACT DIRECT COMPONENT-KEYWORD MATCH across at least one Challenger and Charger catalog route; not compliance proof
69/00,Full Frontal Impact Occupant Protection,steering-wheel,5SQ19JXPAA,Steering Wheel Bezel,R/T 5.7L | R/T Scat Pack 6.4L | SRT 392 6.4L | SXT 3.6L,R/T 5.7L | SRT 392 6.4L,5SQ19JXPAA,5SQ19JXPAA,https://www.moparamerica.com/v-2017-dodge-challenger--r-t--5-7l-v8-gas/steering--steering-wheel | https://www.moparamerica.com/v-2017-dodge-challenger--r-t-scat-pack--6-4l-v8-gas/steering--steering-wheel | https://www.moparamerica.com/v-2017-dodge-challenger--srt-392--6-4l-v8-gas/steering--steering-wheel | https://www.moparamerica.com/v-2017-dodge-challenger--sxt--3-6l-v6-gas/steering--steering-wheel,https://www.moparamerica.com/v-2017-dodge-charger--r-t--5-7l-v8-gas/steering--steering-wheel | https://www.moparamerica.com/v-2017-dodge-charger--srt-392--6-4l-v8-gas/steering--steering-wheel,EXACT DIRECT COMPONENT-KEYWORD MATCH across at least one Challenger and Charger catalog route; not compliance proof
69/00,Full Frontal Impact Occupant Protection,steering-wheel,5SQ20JSLAA,Steering Wheel Bezel,R/T 5.7L | R/T Scat Pack 6.4L | SRT 392 6.4L | SXT 3.6L,R/T 5.7L | SRT 392 6.4L,5SQ20JSLAA,5SQ20JSLAA,https://www.moparamerica.com/v-2017-dodge-challenger--r-t--5-7l-v8-gas/steering--steering-wheel | https://www.moparamerica.com/v-2017-dodge-challenger--r-t-scat-pack--6-4l-v8-gas/steering--steering-wheel | https://www.moparamerica.com/v-2017-dodge-challenger--srt-392--6-4l-v8-gas/steering--steering-wheel | https://www.moparamerica.com/v-2017-dodge-challenger--sxt--3-6l-v6-gas/steering--steering-wheel,https://www.moparamerica.com/v-2017-dodge-charger--r-t--5-7l-v8-gas/steering--steering-wheel | https://www.moparamerica.com/v-2017-dodge-charger--srt-392--6-4l-v8-gas/steering--steering-wheel,EXACT DIRECT COMPONENT-KEYWORD MATCH across at least one Challenger and Charger catalog route; not compliance proof
69/00,Full Frontal Impact Occupant Protection,steering-wheel,5SQ20JXPAA,Steering Wheel Bezel,R/T 5.7L | R/T Scat Pack 6.4L | SRT 392 6.4L | SXT 3.6L,R/T 5.7L | SRT 392 6.4L,5SQ20JXPAA,5SQ20JXPAA,https://www.moparamerica.com/v-2017-dodge-challenger--r-t--5-7l-v8-gas/steering--steering-wheel | https://www.moparamerica.com/v-2017-dodge-challenger--r-t-scat-pack--6-4l-v8-gas/steering--steering-wheel | https://www.moparamerica.com/v-2017-dodge-challenger--srt-392--6-4l-v8-gas/steering--steering-wheel | https://www.moparamerica.com/v-2017-dodge-challenger--sxt--3-6l-v6-gas/steering--steering-wheel,https://www.moparamerica.com/v-2017-dodge-charger--r-t--5-7l-v8-gas/steering--steering-wheel | https://www.moparamerica.com/v-2017-dodge-charger--srt-392--6-4l-v8-gas/steering--steering-wheel,EXACT DIRECT COMPONENT-KEYWORD MATCH across at least one Challenger and Charger catalog route; not compliance proof
69/00,Full Frontal Impact Occupant Protection,steering-wheel,6AD80DX9AA,Steering Wheel,R/T 5.7L | R/T Scat Pack 6.4L | SRT 392 6.4L | SXT 3.6L,R/T 5.7L | SRT 392 6.4L,6AD80DX9AA,6AD80DX9AA,https://www.moparamerica.com/v-2017-dodge-challenger--r-t--5-7l-v8-gas/steering--steering-wheel | https://www.moparamerica.com/v-2017-dodge-challenger--r-t-scat-pack--6-4l-v8-gas/steering--steering-wheel | https://www.moparamerica.com/v-2017-dodge-challenger--srt-392--6-4l-v8-gas/steering--steering-wheel | https://www.moparamerica.com/v-2017-dodge-challenger--sxt--3-6l-v6-gas/steering--steering-wheel,https://www.moparamerica.com/v-2017-dodge-charger--r-t--5-7l-v8-gas/steering--steering-wheel | https://www.moparamerica.com/v-2017-dodge-charger--srt-392--6-4l-v8-gas/steering--steering-wheel,EXACT DIRECT COMPONENT-KEYWORD MATCH across at least one Challenger and Charger catalog route; not compliance proof
69/00,Full Frontal Impact Occupant Protection,steering-wheel,6AD81DX9AA,Steering Wheel,R/T 5.7L | R/T Scat Pack 6.4L | SRT 392 6.4L | SXT 3.6L,R/T 5.7L | SRT 392 6.4L,6AD81DX9AA,6AD81DX9AA,https://www.moparamerica.com/v-2017-dodge-challenger--r-t--5-7l-v8-gas/steering--steering-wheel | https://www.moparamerica.com/v-2017-dodge-challenger--r-t-scat-pack--6-4l-v8-gas/steering--steering-wheel | https://www.moparamerica.com/v-2017-dodge-challenger--srt-392--6-4l-v8-gas/steering--steering-wheel | https://www.moparamerica.com/v-2017-dodge-challenger--sxt--3-6l-v6-gas/steering--steering-wheel,https://www.moparamerica.com/v-2017-dodge-charger--r-t--5-7l-v8-gas/steering--steering-wheel | https://www.moparamerica.com/v-2017-dodge-charger--srt-392--6-4l-v8-gas/steering--steering-wheel,EXACT DIRECT COMPONENT-KEYWORD MATCH across at least one Challenger and Charger catalog route; not compliance proof
69/00,Full Frontal Impact Occupant Protection,steering-wheel,6AD821X9AA,2015 2021 Mopar Steering Wheel,R/T 5.7L | R/T Scat Pack 6.4L | SRT 392 6.4L | SXT 3.6L,R/T 5.7L | SRT 392 6.4L,6AD821X9AA,6AD821X9AA,https://www.moparamerica.com/v-2017-dodge-challenger--r-t--5-7l-v8-gas/steering--steering-wheel | https://www.moparamerica.com/v-2017-dodge-challenger--r-t-scat-pack--6-4l-v8-gas/steering--steering-wheel | https://www.moparamerica.com/v-2017-dodge-challenger--srt-392--6-4l-v8-gas/steering--steering-wheel | https://www.moparamerica.com/v-2017-dodge-challenger--sxt--3-6l-v6-gas/steering--steering-wheel,https://www.moparamerica.com/v-2017-dodge-charger--r-t--5-7l-v8-gas/steering--steering-wheel | https://www.moparamerica.com/v-2017-dodge-charger--srt-392--6-4l-v8-gas/steering--steering-wheel,EXACT DIRECT COMPONENT-KEYWORD MATCH across at least one Challenger and Charger catalog route; not compliance proof
69/00,Full Frontal Impact Occupant Protection,steering-wheel,6MS261X9AA,2015 2021 Mopar Steering Wheel,R/T 5.7L | R/T Scat Pack 6.4L | SRT 392 6.4L | SXT 3.6L,R/T 5.7L | SRT 392 6.4L,6MS261X9AA,6MS261X9AA,https://www.moparamerica.com/v-2017-dodge-challenger--r-t--5-7l-v8-gas/steering--steering-wheel | https://www.moparamerica.com/v-2017-dodge-challenger--r-t-scat-pack--6-4l-v8-gas/steering--steering-wheel | https://www.moparamerica.com/v-2017-dodge-challenger--srt-392--6-4l-v8-gas/steering--steering-wheel | https://www.moparamerica.com/v-2017-dodge-challenger--sxt--3-6l-v6-gas/steering--steering-wheel,https://www.moparamerica.com/v-2017-dodge-charger--r-t--5-7l-v8-gas/steering--steering-wheel | https://www.moparamerica.com/v-2017-dodge-charger--srt-392--6-4l-v8-gas/steering--steering-wheel,EXACT DIRECT COMPONENT-KEYWORD MATCH across at least one Challenger and Charger catalog route; not compliance proof
72/00,Dynamic Side Impact Occupant Protection,air-bags,56054085AA,Acceleration Sensor,R/T 5.7L | R/T Scat Pack 6.4L | SRT 392 6.4L | SXT 3.6L,R/T 5.7L | SRT 392 6.4L,56054085AA,56054085AA,https://www.moparamerica.com/v-2017-dodge-challenger--r-t--5-7l-v8-gas/restraints--air-bags | https://www.moparamerica.com/v-2017-dodge-challenger--r-t-scat-pack--6-4l-v8-gas/restraints--air-bags | https://www.moparamerica.com/v-2017-dodge-challenger--srt-392--6-4l-v8-gas/restraints--air-bags | https://www.moparamerica.com/v-2017-dodge-challenger--sxt--3-6l-v6-gas/restraints--air-bags,https://www.moparamerica.com/v-2017-dodge-charger--r-t--5-7l-v8-gas/restraints--air-bags | https://www.moparamerica.com/v-2017-dodge-charger--srt-392--6-4l-v8-gas/restraints--air-bags,EXACT DIRECT COMPONENT-KEYWORD MATCH across at least one Challenger and Charger catalog route; not compliance proof
72/00,Dynamic Side Impact Occupant Protection,seat-belts,5135197AA,Seat Belt Extender,R/T 5.7L | R/T Scat Pack 6.4L | SRT 392 6.4L | SXT 3.6L,R/T 5.7L | SRT 392 6.4L,5135197AA,5135197AA,https://www.moparamerica.com/v-2017-dodge-challenger--r-t--5-7l-v8-gas/restraints--seat-belts | https://www.moparamerica.com/v-2017-dodge-challenger--r-t-scat-pack--6-4l-v8-gas/restraints--seat-belts | https://www.moparamerica.com/v-2017-dodge-challenger--srt-392--6-4l-v8-gas/restraints--seat-belts | https://www.moparamerica.com/v-2017-dodge-challenger--sxt--3-6l-v6-gas/restraints--seat-belts,https://www.moparamerica.com/v-2017-dodge-charger--r-t--5-7l-v8-gas/restraints--seat-belts | https://www.moparamerica.com/v-2017-dodge-charger--srt-392--6-4l-v8-gas/restraints--seat-belts,EXACT DIRECT COMPONENT-KEYWORD MATCH across at least one Challenger and Charger catalog route; not compliance proof
72/00,Dynamic Side Impact Occupant Protection,seat-belts,6ET081X9AB,Front Inner Seat Belt Right,R/T 5.7L | R/T Scat Pack 6.4L | SRT 392 6.4L | SXT 3.6L,R/T 5.7L | SRT 392 6.4L,6ET081X9AB,6ET081X9AB,https://www.moparamerica.com/v-2017-dodge-challenger--r-t--5-7l-v8-gas/restraints--seat-belts | https://www.moparamerica.com/v-2017-dodge-challenger--r-t-scat-pack--6-4l-v8-gas/restraints--seat-belts | https://www.moparamerica.com/v-2017-dodge-challenger--srt-392--6-4l-v8-gas/restraints--seat-belts | https://www.moparamerica.com/v-2017-dodge-challenger--sxt--3-6l-v6-gas/restraints--seat-belts,https://www.moparamerica.com/v-2017-dodge-charger--r-t--5-7l-v8-gas/restraints--seat-belts | https://www.moparamerica.com/v-2017-dodge-charger--srt-392--6-4l-v8-gas/restraints--seat-belts,EXACT DIRECT COMPONENT-KEYWORD MATCH across at least one Challenger and Charger catalog route; not compliance proof
72/00,Dynamic Side Impact Occupant Protection,seat-belts,6ET091X9AB,Front Inner Seat Belt Left,R/T 5.7L | R/T Scat Pack 6.4L | SRT 392 6.4L | SXT 3.6L,R/T 5.7L | SRT 392 6.4L,6ET091X9AB,6ET091X9AB,https://www.moparamerica.com/v-2017-dodge-challenger--r-t--5-7l-v8-gas/restraints--seat-belts | https://www.moparamerica.com/v-2017-dodge-challenger--r-t-scat-pack--6-4l-v8-gas/restraints--seat-belts | https://www.moparamerica.com/v-2017-dodge-challenger--srt-392--6-4l-v8-gas/restraints--seat-belts | https://www.moparamerica.com/v-2017-dodge-challenger--sxt--3-6l-v6-gas/restraints--seat-belts,https://www.moparamerica.com/v-2017-dodge-charger--r-t--5-7l-v8-gas/restraints--seat-belts | https://www.moparamerica.com/v-2017-dodge-charger--srt-392--6-4l-v8-gas/restraints--seat-belts,EXACT DIRECT COMPONENT-KEYWORD MATCH across at least one Challenger and Charger catalog route; not compliance proof
73/00,Offset Frontal Impact Occupant Protection,air-bags,56054085AA,Acceleration Sensor,R/T 5.7L | R/T Scat Pack 6.4L | SRT 392 6.4L | SXT 3.6L,R/T 5.7L | SRT 392 6.4L,56054085AA,56054085AA,https://www.moparamerica.com/v-2017-dodge-challenger--r-t--5-7l-v8-gas/restraints--air-bags | https://www.moparamerica.com/v-2017-dodge-challenger--r-t-scat-pack--6-4l-v8-gas/restraints--air-bags | https://www.moparamerica.com/v-2017-dodge-challenger--srt-392--6-4l-v8-gas/restraints--air-bags | https://www.moparamerica.com/v-2017-dodge-challenger--sxt--3-6l-v6-gas/restraints--air-bags,https://www.moparamerica.com/v-2017-dodge-charger--r-t--5-7l-v8-gas/restraints--air-bags | https://www.moparamerica.com/v-2017-dodge-charger--srt-392--6-4l-v8-gas/restraints--air-bags,EXACT DIRECT COMPONENT-KEYWORD MATCH across at least one Challenger and Charger catalog route; not compliance proof
73/00,Offset Frontal Impact Occupant Protection,air-bags,5LB70DX9AH,Steering Column Module,R/T 5.7L | R/T Scat Pack 6.4L | SRT 392 6.4L | SXT 3.6L,R/T 5.7L | SRT 392 6.4L,5LB70DX9AH,5LB70DX9AH,https://www.moparamerica.com/v-2017-dodge-challenger--r-t--5-7l-v8-gas/restraints--air-bags | https://www.moparamerica.com/v-2017-dodge-challenger--r-t-scat-pack--6-4l-v8-gas/restraints--air-bags | https://www.moparamerica.com/v-2017-dodge-challenger--srt-392--6-4l-v8-gas/restraints--air-bags | https://www.moparamerica.com/v-2017-dodge-challenger--sxt--3-6l-v6-gas/restraints--air-bags,https://www.moparamerica.com/v-2017-dodge-charger--r-t--5-7l-v8-gas/restraints--air-bags | https://www.moparamerica.com/v-2017-dodge-charger--srt-392--6-4l-v8-gas/restraints--air-bags,EXACT DIRECT COMPONENT-KEYWORD MATCH across at least one Challenger and Charger catalog route; not compliance proof
73/00,Offset Frontal Impact Occupant Protection,air-bags,5LB71DX9AI,Steering Column Module,R/T 5.7L | R/T Scat Pack 6.4L | SRT 392 6.4L | SXT 3.6L,R/T 5.7L | SRT 392 6.4L,5LB71DX9AI,5LB71DX9AI,https://www.moparamerica.com/v-2017-dodge-challenger--r-t--5-7l-v8-gas/restraints--air-bags | https://www.moparamerica.com/v-2017-dodge-challenger--r-t-scat-pack--6-4l-v8-gas/restraints--air-bags | https://www.moparamerica.com/v-2017-dodge-challenger--srt-392--6-4l-v8-gas/restraints--air-bags | https://www.moparamerica.com/v-2017-dodge-challenger--sxt--3-6l-v6-gas/restraints--air-bags,https://www.moparamerica.com/v-2017-dodge-charger--r-t--5-7l-v8-gas/restraints--air-bags | https://www.moparamerica.com/v-2017-dodge-charger--srt-392--6-4l-v8-gas/restraints--air-bags,EXACT DIRECT COMPONENT-KEYWORD MATCH across at least one Challenger and Charger catalog route; not compliance proof
73/00,Offset Frontal Impact Occupant Protection,air-bags,5LB72DX9AH,Steering Column Module,R/T 5.7L | R/T Scat Pack 6.4L | SRT 392 6.4L | SXT 3.6L,R/T 5.7L | SRT 392 6.4L,5LB72DX9AH,5LB72DX9AH,https://www.moparamerica.com/v-2017-dodge-challenger--r-t--5-7l-v8-gas/restraints--air-bags | https://www.moparamerica.com/v-2017-dodge-challenger--r-t-scat-pack--6-4l-v8-gas/restraints--air-bags | https://www.moparamerica.com/v-2017-dodge-challenger--srt-392--6-4l-v8-gas/restraints--air-bags | https://www.moparamerica.com/v-2017-dodge-challenger--sxt--3-6l-v6-gas/restraints--air-bags,https://www.moparamerica.com/v-2017-dodge-charger--r-t--5-7l-v8-gas/restraints--air-bags | https://www.moparamerica.com/v-2017-dodge-charger--srt-392--6-4l-v8-gas/restraints--air-bags,EXACT DIRECT COMPONENT-KEYWORD MATCH across at least one Challenger and Charger catalog route; not compliance proof
73/00,Offset Frontal Impact Occupant Protection,air-bags,5LB73DX9AH,Steering Column Module,R/T 5.7L | R/T Scat Pack 6.4L | SRT 392 6.4L | SXT 3.6L,R/T 5.7L | SRT 392 6.4L,5LB73DX9AH,5LB73DX9AH,https://www.moparamerica.com/v-2017-dodge-challenger--r-t--5-7l-v8-gas/restraints--air-bags | https://www.moparamerica.com/v-2017-dodge-challenger--r-t-scat-pack--6-4l-v8-gas/restraints--air-bags | https://www.moparamerica.com/v-2017-dodge-challenger--srt-392--6-4l-v8-gas/restraints--air-bags | https://www.moparamerica.com/v-2017-dodge-challenger--sxt--3-6l-v6-gas/restraints--air-bags,https://www.moparamerica.com/v-2017-dodge-charger--r-t--5-7l-v8-gas/restraints--air-bags | https://www.moparamerica.com/v-2017-dodge-charger--srt-392--6-4l-v8-gas/restraints--air-bags,EXACT DIRECT COMPONENT-KEYWORD MATCH across at least one Challenger and Charger catalog route; not compliance proof
73/00,Offset Frontal Impact Occupant Protection,seat-belts,5135197AA,Seat Belt Extender,R/T 5.7L | R/T Scat Pack 6.4L | SRT 392 6.4L | SXT 3.6L,R/T 5.7L | SRT 392 6.4L,5135197AA,5135197AA,https://www.moparamerica.com/v-2017-dodge-challenger--r-t--5-7l-v8-gas/restraints--seat-belts | https://www.moparamerica.com/v-2017-dodge-challenger--r-t-scat-pack--6-4l-v8-gas/restraints--seat-belts | https://www.moparamerica.com/v-2017-dodge-challenger--srt-392--6-4l-v8-gas/restraints--seat-belts | https://www.moparamerica.com/v-2017-dodge-challenger--sxt--3-6l-v6-gas/restraints--seat-belts,https://www.moparamerica.com/v-2017-dodge-charger--r-t--5-7l-v8-gas/restraints--seat-belts | https://www.moparamerica.com/v-2017-dodge-charger--srt-392--6-4l-v8-gas/restraints--seat-belts,EXACT DIRECT COMPONENT-KEYWORD MATCH across at least one Challenger and Charger catalog route; not compliance proof
73/00,Offset Frontal Impact Occupant Protection,seat-belts,6ET081X9AB,Front Inner Seat Belt Right,R/T 5.7L | R/T Scat Pack 6.4L | SRT 392 6.4L | SXT 3.6L,R/T 5.7L | SRT 392 6.4L,6ET081X9AB,6ET081X9AB,https://www.moparamerica.com/v-2017-dodge-challenger--r-t--5-7l-v8-gas/restraints--seat-belts | https://www.moparamerica.com/v-2017-dodge-challenger--r-t-scat-pack--6-4l-v8-gas/restraints--seat-belts | https://www.moparamerica.com/v-2017-dodge-challenger--srt-392--6-4l-v8-gas/restraints--seat-belts | https://www.moparamerica.com/v-2017-dodge-challenger--sxt--3-6l-v6-gas/restraints--seat-belts,https://www.moparamerica.com/v-2017-dodge-charger--r-t--5-7l-v8-gas/restraints--seat-belts | https://www.moparamerica.com/v-2017-dodge-charger--srt-392--6-4l-v8-gas/restraints--seat-belts,EXACT DIRECT COMPONENT-KEYWORD MATCH across at least one Challenger and Charger catalog route; not compliance proof
73/00,Offset Frontal Impact Occupant Protection,seat-belts,6ET091X9AB,Front Inner Seat Belt Left,R/T 5.7L | R/T Scat Pack 6.4L | SRT 392 6.4L | SXT 3.6L,R/T 5.7L | SRT 392 6.4L,6ET091X9AB,6ET091X9AB,https://www.moparamerica.com/v-2017-dodge-challenger--r-t--5-7l-v8-gas/restraints--seat-belts | https://www.moparamerica.com/v-2017-dodge-challenger--r-t-scat-pack--6-4l-v8-gas/restraints--seat-belts | https://www.moparamerica.com/v-2017-dodge-challenger--srt-392--6-4l-v8-gas/restraints--seat-belts | https://www.moparamerica.com/v-2017-dodge-challenger--sxt--3-6l-v6-gas/restraints--seat-belts,https://www.moparamerica.com/v-2017-dodge-charger--r-t--5-7l-v8-gas/restraints--seat-belts | https://www.moparamerica.com/v-2017-dodge-charger--srt-392--6-4l-v8-gas/restraints--seat-belts,EXACT DIRECT COMPONENT-KEYWORD MATCH across at least one Challenger and Charger catalog route; not compliance proof
73/00,Offset Frontal Impact Occupant Protection,steering-column,68140569AG,2014 2021 Mopar Steering Column,R/T 5.7L | R/T Scat Pack 6.4L | SRT 392 6.4L | SXT 3.6L,R/T 5.7L | SRT 392 6.4L,68140569AG,68140569AG,https://www.moparamerica.com/v-2017-dodge-challenger--r-t--5-7l-v8-gas/steering--steering-column-and-intermediate-shaft | https://www.moparamerica.com/v-2017-dodge-challenger--r-t-scat-pack--6-4l-v8-gas/steering--steering-column-and-intermediate-shaft | https://www.moparamerica.com/v-2017-dodge-challenger--srt-392--6-4l-v8-gas/steering--steering-column-and-intermediate-shaft | https://www.moparamerica.com/v-2017-dodge-challenger--sxt--3-6l-v6-gas/steering--steering-column-and-intermediate-shaft,https://www.moparamerica.com/v-2017-dodge-charger--r-t--5-7l-v8-gas/steering--steering-column-and-intermediate-shaft | https://www.moparamerica.com/v-2017-dodge-charger--srt-392--6-4l-v8-gas/steering--steering-column-and-intermediate-shaft,EXACT DIRECT COMPONENT-KEYWORD MATCH across at least one Challenger and Charger catalog route; not compliance proof
73/00,Offset Frontal Impact Occupant Protection,steering-column,68259474AD,2014 2021 Mopar Steering Column,R/T 5.7L | R/T Scat Pack 6.4L | SRT 392 6.4L | SXT 3.6L,R/T 5.7L | SRT 392 6.4L,68259474AD,68259474AD,https://www.moparamerica.com/v-2017-dodge-challenger--r-t--5-7l-v8-gas/steering--steering-column-and-intermediate-shaft | https://www.moparamerica.com/v-2017-dodge-challenger--r-t-scat-pack--6-4l-v8-gas/steering--steering-column-and-intermediate-shaft | https://www.moparamerica.com/v-2017-dodge-challenger--srt-392--6-4l-v8-gas/steering--steering-column-and-intermediate-shaft | https://www.moparamerica.com/v-2017-dodge-challenger--sxt--3-6l-v6-gas/steering--steering-column-and-intermediate-shaft,https://www.moparamerica.com/v-2017-dodge-charger--r-t--5-7l-v8-gas/steering--steering-column-and-intermediate-shaft | https://www.moparamerica.com/v-2017-dodge-charger--srt-392--6-4l-v8-gas/steering--steering-column-and-intermediate-shaft,EXACT DIRECT COMPONENT-KEYWORD MATCH across at least one Challenger and Charger catalog route; not compliance proof
73/00,Offset Frontal Impact Occupant Protection,steering-wheel,5SQ18JSLAA,Steering Wheel Bezel Left,R/T 5.7L | R/T Scat Pack 6.4L | SRT 392 6.4L | SXT 3.6L,R/T 5.7L | SRT 392 6.4L,5SQ18JSLAA,5SQ18JSLAA,https://www.moparamerica.com/v-2017-dodge-challenger--r-t--5-7l-v8-gas/steering--steering-wheel | https://www.moparamerica.com/v-2017-dodge-challenger--r-t-scat-pack--6-4l-v8-gas/steering--steering-wheel | https://www.moparamerica.com/v-2017-dodge-challenger--srt-392--6-4l-v8-gas/steering--steering-wheel | https://www.moparamerica.com/v-2017-dodge-challenger--sxt--3-6l-v6-gas/steering--steering-wheel,https://www.moparamerica.com/v-2017-dodge-charger--r-t--5-7l-v8-gas/steering--steering-wheel | https://www.moparamerica.com/v-2017-dodge-charger--srt-392--6-4l-v8-gas/steering--steering-wheel,EXACT DIRECT COMPONENT-KEYWORD MATCH across at least one Challenger and Charger catalog route; not compliance proof
73/00,Offset Frontal Impact Occupant Protection,steering-wheel,5SQ18JXPAA,Steering Wheel Bezel,R/T 5.7L | R/T Scat Pack 6.4L | SRT 392 6.4L | SXT 3.6L,R/T 5.7L | SRT 392 6.4L,5SQ18JXPAA,5SQ18JXPAA,https://www.moparamerica.com/v-2017-dodge-challenger--r-t--5-7l-v8-gas/steering--steering-wheel | https://www.moparamerica.com/v-2017-dodge-challenger--r-t-scat-pack--6-4l-v8-gas/steering--steering-wheel | https://www.moparamerica.com/v-2017-dodge-challenger--srt-392--6-4l-v8-gas/steering--steering-wheel | https://www.moparamerica.com/v-2017-dodge-challenger--sxt--3-6l-v6-gas/steering--steering-wheel,https://www.moparamerica.com/v-2017-dodge-charger--r-t--5-7l-v8-gas/steering--steering-wheel | https://www.moparamerica.com/v-2017-dodge-charger--srt-392--6-4l-v8-gas/steering--steering-wheel,EXACT DIRECT COMPONENT-KEYWORD MATCH across at least one Challenger and Charger catalog route; not compliance proof
73/00,Offset Frontal Impact Occupant Protection,steering-wheel,5SQ19JSLAA,Steering Wheel Bezel Right,R/T 5.7L | R/T Scat Pack 6.4L | SRT 392 6.4L | SXT 3.6L,R/T 5.7L | SRT 392 6.4L,5SQ19JSLAA,5SQ19JSLAA,https://www.moparamerica.com/v-2017-dodge-challenger--r-t--5-7l-v8-gas/steering--steering-wheel | https://www.moparamerica.com/v-2017-dodge-challenger--r-t-scat-pack--6-4l-v8-gas/steering--steering-wheel | https://www.moparamerica.com/v-2017-dodge-challenger--srt-392--6-4l-v8-gas/steering--steering-wheel | https://www.moparamerica.com/v-2017-dodge-challenger--sxt--3-6l-v6-gas/steering--steering-wheel,https://www.moparamerica.com/v-2017-dodge-charger--r-t--5-7l-v8-gas/steering--steering-wheel | https://www.moparamerica.com/v-2017-dodge-charger--srt-392--6-4l-v8-gas/steering--steering-wheel,EXACT DIRECT COMPONENT-KEYWORD MATCH across at least one Challenger and Charger catalog route; not compliance proof
73/00,Offset Frontal Impact Occupant Protection,steering-wheel,5SQ19JXPAA,Steering Wheel Bezel,R/T 5.7L | R/T Scat Pack 6.4L | SRT 392 6.4L | SXT 3.6L,R/T 5.7L | SRT 392 6.4L,5SQ19JXPAA,5SQ19JXPAA,https://www.moparamerica.com/v-2017-dodge-challenger--r-t--5-7l-v8-gas/steering--steering-wheel | https://www.moparamerica.com/v-2017-dodge-challenger--r-t-scat-pack--6-4l-v8-gas/steering--steering-wheel | https://www.moparamerica.com/v-2017-dodge-challenger--srt-392--6-4l-v8-gas/steering--steering-wheel | https://www.moparamerica.com/v-2017-dodge-challenger--sxt--3-6l-v6-gas/steering--steering-wheel,https://www.moparamerica.com/v-2017-dodge-charger--r-t--5-7l-v8-gas/steering--steering-wheel | https://www.moparamerica.com/v-2017-dodge-charger--srt-392--6-4l-v8-gas/steering--steering-wheel,EXACT DIRECT COMPONENT-KEYWORD MATCH across at least one Challenger and Charger catalog route; not compliance proof
73/00,Offset Frontal Impact Occupant Protection,steering-wheel,5SQ20JSLAA,Steering Wheel Bezel,R/T 5.7L | R/T Scat Pack 6.4L | SRT 392 6.4L | SXT 3.6L,R/T 5.7L | SRT 392 6.4L,5SQ20JSLAA,5SQ20JSLAA,https://www.moparamerica.com/v-2017-dodge-challenger--r-t--5-7l-v8-gas/steering--steering-wheel | https://www.moparamerica.com/v-2017-dodge-challenger--r-t-scat-pack--6-4l-v8-gas/steering--steering-wheel | https://www.moparamerica.com/v-2017-dodge-challenger--srt-392--6-4l-v8-gas/steering--steering-wheel | https://www.moparamerica.com/v-2017-dodge-challenger--sxt--3-6l-v6-gas/steering--steering-wheel,https://www.moparamerica.com/v-2017-dodge-charger--r-t--5-7l-v8-gas/steering--steering-wheel | https://www.moparamerica.com/v-2017-dodge-charger--srt-392--6-4l-v8-gas/steering--steering-wheel,EXACT DIRECT COMPONENT-KEYWORD MATCH across at least one Challenger and Charger catalog route; not compliance proof
73/00,Offset Frontal Impact Occupant Protection,steering-wheel,5SQ20JXPAA,Steering Wheel Bezel,R/T 5.7L | R/T Scat Pack 6.4L | SRT 392 6.4L | SXT 3.6L,R/T 5.7L | SRT 392 6.4L,5SQ20JXPAA,5SQ20JXPAA,https://www.moparamerica.com/v-2017-dodge-challenger--r-t--5-7l-v8-gas/steering--steering-wheel | https://www.moparamerica.com/v-2017-dodge-challenger--r-t-scat-pack--6-4l-v8-gas/steering--steering-wheel | https://www.moparamerica.com/v-2017-dodge-challenger--srt-392--6-4l-v8-gas/steering--steering-wheel | https://www.moparamerica.com/v-2017-dodge-challenger--sxt--3-6l-v6-gas/steering--steering-wheel,https://www.moparamerica.com/v-2017-dodge-charger--r-t--5-7l-v8-gas/steering--steering-wheel | https://www.moparamerica.com/v-2017-dodge-charger--srt-392--6-4l-v8-gas/steering--steering-wheel,EXACT DIRECT COMPONENT-KEYWORD MATCH across at least one Challenger and Charger catalog route; not compliance proof
73/00,Offset Frontal Impact Occupant Protection,steering-wheel,6AD80DX9AA,Steering Wheel,R/T 5.7L | R/T Scat Pack 6.4L | SRT 392 6.4L | SXT 3.6L,R/T 5.7L | SRT 392 6.4L,6AD80DX9AA,6AD80DX9AA,https://www.moparamerica.com/v-2017-dodge-challenger--r-t--5-7l-v8-gas/steering--steering-wheel | https://www.moparamerica.com/v-2017-dodge-challenger--r-t-scat-pack--6-4l-v8-gas/steering--steering-wheel | https://www.moparamerica.com/v-2017-dodge-challenger--srt-392--6-4l-v8-gas/steering--steering-wheel | https://www.moparamerica.com/v-2017-dodge-challenger--sxt--3-6l-v6-gas/steering--steering-wheel,https://www.moparamerica.com/v-2017-dodge-charger--r-t--5-7l-v8-gas/steering--steering-wheel | https://www.moparamerica.com/v-2017-dodge-charger--srt-392--6-4l-v8-gas/steering--steering-wheel,EXACT DIRECT COMPONENT-KEYWORD MATCH across at least one Challenger and Charger catalog route; not compliance proof
73/00,Offset Frontal Impact Occupant Protection,steering-wheel,6AD81DX9AA,Steering Wheel,R/T 5.7L | R/T Scat Pack 6.4L | SRT 392 6.4L | SXT 3.6L,R/T 5.7L | SRT 392 6.4L,6AD81DX9AA,6AD81DX9AA,https://www.moparamerica.com/v-2017-dodge-challenger--r-t--5-7l-v8-gas/steering--steering-wheel | https://www.moparamerica.com/v-2017-dodge-challenger--r-t-scat-pack--6-4l-v8-gas/steering--steering-wheel | https://www.moparamerica.com/v-2017-dodge-challenger--srt-392--6-4l-v8-gas/steering--steering-wheel | https://www.moparamerica.com/v-2017-dodge-challenger--sxt--3-6l-v6-gas/steering--steering-wheel,https://www.moparamerica.com/v-2017-dodge-charger--r-t--5-7l-v8-gas/steering--steering-wheel | https://www.moparamerica.com/v-2017-dodge-charger--srt-392--6-4l-v8-gas/steering--steering-wheel,EXACT DIRECT COMPONENT-KEYWORD MATCH across at least one Challenger and Charger catalog route; not compliance proof
73/00,Offset Frontal Impact Occupant Protection,steering-wheel,6AD821X9AA,2015 2021 Mopar Steering Wheel,R/T 5.7L | R/T Scat Pack 6.4L | SRT 392 6.4L | SXT 3.6L,R/T 5.7L | SRT 392 6.4L,6AD821X9AA,6AD821X9AA,https://www.moparamerica.com/v-2017-dodge-challenger--r-t--5-7l-v8-gas/steering--steering-wheel | https://www.moparamerica.com/v-2017-dodge-challenger--r-t-scat-pack--6-4l-v8-gas/steering--steering-wheel | https://www.moparamerica.com/v-2017-dodge-challenger--srt-392--6-4l-v8-gas/steering--steering-wheel | https://www.moparamerica.com/v-2017-dodge-challenger--sxt--3-6l-v6-gas/steering--steering-wheel,https://www.moparamerica.com/v-2017-dodge-charger--r-t--5-7l-v8-gas/steering--steering-wheel | https://www.moparamerica.com/v-2017-dodge-charger--srt-392--6-4l-v8-gas/steering--steering-wheel,EXACT DIRECT COMPONENT-KEYWORD MATCH across at least one Challenger and Charger catalog route; not compliance proof
73/00,Offset Frontal Impact Occupant Protection,steering-wheel,6MS261X9AA,2015 2021 Mopar Steering Wheel,R/T 5.7L | R/T Scat Pack 6.4L | SRT 392 6.4L | SXT 3.6L,R/T 5.7L | SRT 392 6.4L,6MS261X9AA,6MS261X9AA,https://www.moparamerica.com/v-2017-dodge-challenger--r-t--5-7l-v8-gas/steering--steering-wheel | https://www.moparamerica.com/v-2017-dodge-challenger--r-t-scat-pack--6-4l-v8-gas/steering--steering-wheel | https://www.moparamerica.com/v-2017-dodge-challenger--srt-392--6-4l-v8-gas/steering--steering-wheel | https://www.moparamerica.com/v-2017-dodge-challenger--sxt--3-6l-v6-gas/steering--steering-wheel,https://www.moparamerica.com/v-2017-dodge-charger--r-t--5-7l-v8-gas/steering--steering-wheel | https://www.moparamerica.com/v-2017-dodge-charger--srt-392--6-4l-v8-gas/steering--steering-wheel,EXACT DIRECT COMPONENT-KEYWORD MATCH across at least one Challenger and Charger catalog route; not compliance proof
85/00,Pole Side Impact Performance,air-bags,56054085AA,Acceleration Sensor,R/T 5.7L | R/T Scat Pack 6.4L | SRT 392 6.4L | SXT 3.6L,R/T 5.7L | SRT 392 6.4L,56054085AA,56054085AA,https://www.moparamerica.com/v-2017-dodge-challenger--r-t--5-7l-v8-gas/restraints--air-bags | https://www.moparamerica.com/v-2017-dodge-challenger--r-t-scat-pack--6-4l-v8-gas/restraints--air-bags | https://www.moparamerica.com/v-2017-dodge-challenger--srt-392--6-4l-v8-gas/restraints--air-bags | https://www.moparamerica.com/v-2017-dodge-challenger--sxt--3-6l-v6-gas/restraints--air-bags,https://www.moparamerica.com/v-2017-dodge-charger--r-t--5-7l-v8-gas/restraints--air-bags | https://www.moparamerica.com/v-2017-dodge-charger--srt-392--6-4l-v8-gas/restraints--air-bags,EXACT DIRECT COMPONENT-KEYWORD MATCH across at least one Challenger and Charger catalog route; not compliance proof
