category,normalized_part_number,descriptions,challenger_variants,charger_variants,challenger_part_numbers,charger_part_numbers,challenger_sources,charger_sources
exterior-mirror,6101443,Hex Nut And Washer,R/T 5.7L | R/T Scat Pack 6.4L | SRT 392 6.4L | SXT 3.6L,R/T 5.7L | R/T Scat Pack 6.4L | SRT 392 6.4L,6101443,6101443,https://www.moparamerica.com/v-2017-dodge-challenger--r-t--5-7l-v8-gas/doors-door-mirrors-and-related-parts--exterior-mirror | https://www.moparamerica.com/v-2017-dodge-challenger--r-t-scat-pack--6-4l-v8-gas/doors-door-mirrors-and-related-parts--exterior-mirror | https://www.moparamerica.com/v-2017-dodge-challenger--srt-392--6-4l-v8-gas/doors-door-mirrors-and-related-parts--exterior-mirror | https://www.moparamerica.com/v-2017-dodge-challenger--sxt--3-6l-v6-gas/doors-door-mirrors-and-related-parts--exterior-mirror,https://www.moparamerica.com/v-2017-dodge-charger--r-t--5-7l-v8-gas/doors-door-mirrors-and-related-parts--exterior-mirror | https://www.moparamerica.com/v-2017-dodge-charger--r-t-scat-pack--6-4l-v8-gas/doors-door-mirrors-and-related-parts--exterior-mirror | https://www.moparamerica.com/v-2017-dodge-charger--srt-392--6-4l-v8-gas/doors-door-mirrors-and-related-parts--exterior-mirror
front-door,1MZ84DX8AM,2013 2021 Mopar Front Door Exterior Handle Right,R/T 5.7L | R/T Scat Pack 6.4L | SRT 392 6.4L | SXT 3.6L,R/T 5.7L | R/T Scat Pack 6.4L | SRT 392 6.4L,1MZ84DX8AM,1MZ84DX8AM,https://www.moparamerica.com/v-2017-dodge-challenger--r-t--5-7l-v8-gas/doors-door-mirrors-and-related-parts--front-door | https://www.moparamerica.com/v-2017-dodge-challenger--r-t-scat-pack--6-4l-v8-gas/doors-door-mirrors-and-related-parts--front-door | https://www.moparamerica.com/v-2017-dodge-challenger--srt-392--6-4l-v8-gas/doors-door-mirrors-and-related-parts--front-door | https://www.moparamerica.com/v-2017-dodge-challenger--sxt--3-6l-v6-gas/doors-door-mirrors-and-related-parts--front-door,https://www.moparamerica.com/v-2017-dodge-charger--r-t--5-7l-v8-gas/doors-door-mirrors-and-related-parts--front-door | https://www.moparamerica.com/v-2017-dodge-charger--r-t-scat-pack--6-4l-v8-gas/doors-door-mirrors-and-related-parts--front-door | https://www.moparamerica.com/v-2017-dodge-charger--srt-392--6-4l-v8-gas/doors-door-mirrors-and-related-parts--front-door
front-door,1MZ84GW7AM,2020 2021 Dodge Challenger Front Door Exterior Handle Right,R/T 5.7L | R/T Scat Pack 6.4L | SRT 392 6.4L | SXT 3.6L,R/T 5.7L | R/T Scat Pack 6.4L | SRT 392 6.4L,1MZ84GW7AM,1MZ84GW7AM,https://www.moparamerica.com/v-2017-dodge-challenger--r-t--5-7l-v8-gas/doors-door-mirrors-and-related-parts--front-door | https://www.moparamerica.com/v-2017-dodge-challenger--r-t-scat-pack--6-4l-v8-gas/doors-door-mirrors-and-related-parts--front-door | https://www.moparamerica.com/v-2017-dodge-challenger--srt-392--6-4l-v8-gas/doors-door-mirrors-and-related-parts--front-door | https://www.moparamerica.com/v-2017-dodge-challenger--sxt--3-6l-v6-gas/doors-door-mirrors-and-related-parts--front-door,https://www.moparamerica.com/v-2017-dodge-charger--r-t--5-7l-v8-gas/doors-door-mirrors-and-related-parts--front-door | https://www.moparamerica.com/v-2017-dodge-charger--r-t-scat-pack--6-4l-v8-gas/doors-door-mirrors-and-related-parts--front-door | https://www.moparamerica.com/v-2017-dodge-charger--srt-392--6-4l-v8-gas/doors-door-mirrors-and-related-parts--front-door
front-door,1MZ84JRYAJ,Front Door Exterior Handle Right,R/T 5.7L | R/T Scat Pack 6.4L | SRT 392 6.4L | SXT 3.6L,R/T 5.7L | R/T Scat Pack 6.4L | SRT 392 6.4L,1MZ84JRYAJ,1MZ84JRYAJ,https://www.moparamerica.com/v-2017-dodge-challenger--r-t--5-7l-v8-gas/doors-door-mirrors-and-related-parts--front-door | https://www.moparamerica.com/v-2017-dodge-challenger--r-t-scat-pack--6-4l-v8-gas/doors-door-mirrors-and-related-parts--front-door | https://www.moparamerica.com/v-2017-dodge-challenger--srt-392--6-4l-v8-gas/doors-door-mirrors-and-related-parts--front-door | https://www.moparamerica.com/v-2017-dodge-challenger--sxt--3-6l-v6-gas/doors-door-mirrors-and-related-parts--front-door,https://www.moparamerica.com/v-2017-dodge-charger--r-t--5-7l-v8-gas/doors-door-mirrors-and-related-parts--front-door | https://www.moparamerica.com/v-2017-dodge-charger--r-t-scat-pack--6-4l-v8-gas/doors-door-mirrors-and-related-parts--front-door | https://www.moparamerica.com/v-2017-dodge-charger--srt-392--6-4l-v8-gas/doors-door-mirrors-and-related-parts--front-door
front-door,1MZ84JSCAJ,Front Door Exterior Handle Right,R/T 5.7L | R/T Scat Pack 6.4L | SRT 392 6.4L | SXT 3.6L,R/T 5.7L | R/T Scat Pack 6.4L | SRT 392 6.4L,1MZ84JSCAJ,1MZ84JSCAJ,https://www.moparamerica.com/v-2017-dodge-challenger--r-t--5-7l-v8-gas/doors-door-mirrors-and-related-parts--front-door | https://www.moparamerica.com/v-2017-dodge-challenger--r-t-scat-pack--6-4l-v8-gas/doors-door-mirrors-and-related-parts--front-door | https://www.moparamerica.com/v-2017-dodge-challenger--srt-392--6-4l-v8-gas/doors-door-mirrors-and-related-parts--front-door | https://www.moparamerica.com/v-2017-dodge-challenger--sxt--3-6l-v6-gas/doors-door-mirrors-and-related-parts--front-door,https://www.moparamerica.com/v-2017-dodge-charger--r-t--5-7l-v8-gas/doors-door-mirrors-and-related-parts--front-door | https://www.moparamerica.com/v-2017-dodge-charger--r-t-scat-pack--6-4l-v8-gas/doors-door-mirrors-and-related-parts--front-door | https://www.moparamerica.com/v-2017-dodge-charger--srt-392--6-4l-v8-gas/doors-door-mirrors-and-related-parts--front-door
front-door,1MZ84KARAM,2011 2021 Mopar Front Door Exterior Handle Right,R/T 5.7L | R/T Scat Pack 6.4L | SRT 392 6.4L | SXT 3.6L,R/T 5.7L | R/T Scat Pack 6.4L | SRT 392 6.4L,1MZ84KARAM,1MZ84KARAM,https://www.moparamerica.com/v-2017-dodge-challenger--r-t--5-7l-v8-gas/doors-door-mirrors-and-related-parts--front-door | https://www.moparamerica.com/v-2017-dodge-challenger--r-t-scat-pack--6-4l-v8-gas/doors-door-mirrors-and-related-parts--front-door | https://www.moparamerica.com/v-2017-dodge-challenger--srt-392--6-4l-v8-gas/doors-door-mirrors-and-related-parts--front-door | https://www.moparamerica.com/v-2017-dodge-challenger--sxt--3-6l-v6-gas/doors-door-mirrors-and-related-parts--front-door,https://www.moparamerica.com/v-2017-dodge-charger--r-t--5-7l-v8-gas/doors-door-mirrors-and-related-parts--front-door | https://www.moparamerica.com/v-2017-dodge-charger--r-t-scat-pack--6-4l-v8-gas/doors-door-mirrors-and-related-parts--front-door | https://www.moparamerica.com/v-2017-dodge-charger--srt-392--6-4l-v8-gas/doors-door-mirrors-and-related-parts--front-door
front-door,1MZ84KBXAM,Front Door Exterior Handle Right,R/T 5.7L | R/T Scat Pack 6.4L | SRT 392 6.4L | SXT 3.6L,R/T 5.7L | R/T Scat Pack 6.4L | SRT 392 6.4L,1MZ84KBXAM,1MZ84KBXAM,https://www.moparamerica.com/v-2017-dodge-challenger--r-t--5-7l-v8-gas/doors-door-mirrors-and-related-parts--front-door | https://www.moparamerica.com/v-2017-dodge-challenger--r-t-scat-pack--6-4l-v8-gas/doors-door-mirrors-and-related-parts--front-door | https://www.moparamerica.com/v-2017-dodge-challenger--srt-392--6-4l-v8-gas/doors-door-mirrors-and-related-parts--front-door | https://www.moparamerica.com/v-2017-dodge-challenger--sxt--3-6l-v6-gas/doors-door-mirrors-and-related-parts--front-door,https://www.moparamerica.com/v-2017-dodge-charger--r-t--5-7l-v8-gas/doors-door-mirrors-and-related-parts--front-door | https://www.moparamerica.com/v-2017-dodge-charger--r-t-scat-pack--6-4l-v8-gas/doors-door-mirrors-and-related-parts--front-door | https://www.moparamerica.com/v-2017-dodge-charger--srt-392--6-4l-v8-gas/doors-door-mirrors-and-related-parts--front-door
front-door,1MZ84LAUAM,2013 2021 Mopar Front Door Exterior Handle Right,R/T 5.7L | R/T Scat Pack 6.4L | SRT 392 6.4L | SXT 3.6L,R/T 5.7L | R/T Scat Pack 6.4L | SRT 392 6.4L,1MZ84LAUAM,1MZ84LAUAM,https://www.moparamerica.com/v-2017-dodge-challenger--r-t--5-7l-v8-gas/doors-door-mirrors-and-related-parts--front-door | https://www.moparamerica.com/v-2017-dodge-challenger--r-t-scat-pack--6-4l-v8-gas/doors-door-mirrors-and-related-parts--front-door | https://www.moparamerica.com/v-2017-dodge-challenger--srt-392--6-4l-v8-gas/doors-door-mirrors-and-related-parts--front-door | https://www.moparamerica.com/v-2017-dodge-challenger--sxt--3-6l-v6-gas/doors-door-mirrors-and-related-parts--front-door,https://www.moparamerica.com/v-2017-dodge-charger--r-t--5-7l-v8-gas/doors-door-mirrors-and-related-parts--front-door | https://www.moparamerica.com/v-2017-dodge-charger--r-t-scat-pack--6-4l-v8-gas/doors-door-mirrors-and-related-parts--front-door | https://www.moparamerica.com/v-2017-dodge-charger--srt-392--6-4l-v8-gas/doors-door-mirrors-and-related-parts--front-door
front-door,1MZ84MGMAM,Front Door Exterior Handle Right,R/T 5.7L | R/T Scat Pack 6.4L | SRT 392 6.4L | SXT 3.6L,R/T 5.7L | R/T Scat Pack 6.4L | SRT 392 6.4L,1MZ84MGMAM,1MZ84MGMAM,https://www.moparamerica.com/v-2017-dodge-challenger--r-t--5-7l-v8-gas/doors-door-mirrors-and-related-parts--front-door | https://www.moparamerica.com/v-2017-dodge-challenger--r-t-scat-pack--6-4l-v8-gas/doors-door-mirrors-and-related-parts--front-door | https://www.moparamerica.com/v-2017-dodge-challenger--srt-392--6-4l-v8-gas/doors-door-mirrors-and-related-parts--front-door | https://www.moparamerica.com/v-2017-dodge-challenger--sxt--3-6l-v6-gas/doors-door-mirrors-and-related-parts--front-door,https://www.moparamerica.com/v-2017-dodge-charger--r-t--5-7l-v8-gas/doors-door-mirrors-and-related-parts--front-door | https://www.moparamerica.com/v-2017-dodge-charger--r-t-scat-pack--6-4l-v8-gas/doors-door-mirrors-and-related-parts--front-door | https://www.moparamerica.com/v-2017-dodge-charger--srt-392--6-4l-v8-gas/doors-door-mirrors-and-related-parts--front-door
front-door,1MZ84NRVAM,2014 2021 Mopar Front Door Exterior Handle Right,R/T 5.7L | R/T Scat Pack 6.4L | SRT 392 6.4L | SXT 3.6L,R/T 5.7L | R/T Scat Pack 6.4L | SRT 392 6.4L,1MZ84NRVAM,1MZ84NRVAM,https://www.moparamerica.com/v-2017-dodge-challenger--r-t--5-7l-v8-gas/doors-door-mirrors-and-related-parts--front-door | https://www.moparamerica.com/v-2017-dodge-challenger--r-t-scat-pack--6-4l-v8-gas/doors-door-mirrors-and-related-parts--front-door | https://www.moparamerica.com/v-2017-dodge-challenger--srt-392--6-4l-v8-gas/doors-door-mirrors-and-related-parts--front-door | https://www.moparamerica.com/v-2017-dodge-challenger--sxt--3-6l-v6-gas/doors-door-mirrors-and-related-parts--front-door,https://www.moparamerica.com/v-2017-dodge-charger--r-t--5-7l-v8-gas/doors-door-mirrors-and-related-parts--front-door | https://www.moparamerica.com/v-2017-dodge-charger--r-t-scat-pack--6-4l-v8-gas/doors-door-mirrors-and-related-parts--front-door | https://www.moparamerica.com/v-2017-dodge-charger--srt-392--6-4l-v8-gas/doors-door-mirrors-and-related-parts--front-door
front-door,1MZ84NVPAM,2020 2021 Dodge Challenger Front Door Exterior Handle Right,R/T 5.7L | R/T Scat Pack 6.4L | SRT 392 6.4L | SXT 3.6L,R/T 5.7L | R/T Scat Pack 6.4L | SRT 392 6.4L,1MZ84NVPAM,1MZ84NVPAM,https://www.moparamerica.com/v-2017-dodge-challenger--r-t--5-7l-v8-gas/doors-door-mirrors-and-related-parts--front-door | https://www.moparamerica.com/v-2017-dodge-challenger--r-t-scat-pack--6-4l-v8-gas/doors-door-mirrors-and-related-parts--front-door | https://www.moparamerica.com/v-2017-dodge-challenger--srt-392--6-4l-v8-gas/doors-door-mirrors-and-related-parts--front-door | https://www.moparamerica.com/v-2017-dodge-challenger--sxt--3-6l-v6-gas/doors-door-mirrors-and-related-parts--front-door,https://www.moparamerica.com/v-2017-dodge-charger--r-t--5-7l-v8-gas/doors-door-mirrors-and-related-parts--front-door | https://www.moparamerica.com/v-2017-dodge-charger--r-t-scat-pack--6-4l-v8-gas/doors-door-mirrors-and-related-parts--front-door | https://www.moparamerica.com/v-2017-dodge-charger--srt-392--6-4l-v8-gas/doors-door-mirrors-and-related-parts--front-door
front-door,1MZ84PDNAM,2014 2021 Mopar Front Door Exterior Handle Right,R/T 5.7L | R/T Scat Pack 6.4L | SRT 392 6.4L | SXT 3.6L,R/T 5.7L | R/T Scat Pack 6.4L | SRT 392 6.4L,1MZ84PDNAM,1MZ84PDNAM,https://www.moparamerica.com/v-2017-dodge-challenger--r-t--5-7l-v8-gas/doors-door-mirrors-and-related-parts--front-door | https://www.moparamerica.com/v-2017-dodge-challenger--r-t-scat-pack--6-4l-v8-gas/doors-door-mirrors-and-related-parts--front-door | https://www.moparamerica.com/v-2017-dodge-challenger--srt-392--6-4l-v8-gas/doors-door-mirrors-and-related-parts--front-door | https://www.moparamerica.com/v-2017-dodge-challenger--sxt--3-6l-v6-gas/doors-door-mirrors-and-related-parts--front-door,https://www.moparamerica.com/v-2017-dodge-charger--r-t--5-7l-v8-gas/doors-door-mirrors-and-related-parts--front-door | https://www.moparamerica.com/v-2017-dodge-charger--r-t-scat-pack--6-4l-v8-gas/doors-door-mirrors-and-related-parts--front-door | https://www.moparamerica.com/v-2017-dodge-charger--srt-392--6-4l-v8-gas/doors-door-mirrors-and-related-parts--front-door
front-door,1MZ84RY4AM,Front Door Exterior Handle Right,R/T 5.7L | R/T Scat Pack 6.4L | SRT 392 6.4L | SXT 3.6L,R/T 5.7L | R/T Scat Pack 6.4L | SRT 392 6.4L,1MZ84RY4AM,1MZ84RY4AM,https://www.moparamerica.com/v-2017-dodge-challenger--r-t--5-7l-v8-gas/doors-door-mirrors-and-related-parts--front-door | https://www.moparamerica.com/v-2017-dodge-challenger--r-t-scat-pack--6-4l-v8-gas/doors-door-mirrors-and-related-parts--front-door | https://www.moparamerica.com/v-2017-dodge-challenger--srt-392--6-4l-v8-gas/doors-door-mirrors-and-related-parts--front-door | https://www.moparamerica.com/v-2017-dodge-challenger--sxt--3-6l-v6-gas/doors-door-mirrors-and-related-parts--front-door,https://www.moparamerica.com/v-2017-dodge-charger--r-t--5-7l-v8-gas/doors-door-mirrors-and-related-parts--front-door | https://www.moparamerica.com/v-2017-dodge-charger--r-t-scat-pack--6-4l-v8-gas/doors-door-mirrors-and-related-parts--front-door | https://www.moparamerica.com/v-2017-dodge-charger--srt-392--6-4l-v8-gas/doors-door-mirrors-and-related-parts--front-door
front-door,1MZ84ZR3AM,2013 2021 Mopar Front Door Exterior Handle Right,R/T 5.7L | R/T Scat Pack 6.4L | SRT 392 6.4L | SXT 3.6L,R/T 5.7L | R/T Scat Pack 6.4L | SRT 392 6.4L,1MZ84ZR3AM,1MZ84ZR3AM,https://www.moparamerica.com/v-2017-dodge-challenger--r-t--5-7l-v8-gas/doors-door-mirrors-and-related-parts--front-door | https://www.moparamerica.com/v-2017-dodge-challenger--r-t-scat-pack--6-4l-v8-gas/doors-door-mirrors-and-related-parts--front-door | https://www.moparamerica.com/v-2017-dodge-challenger--srt-392--6-4l-v8-gas/doors-door-mirrors-and-related-parts--front-door | https://www.moparamerica.com/v-2017-dodge-challenger--sxt--3-6l-v6-gas/doors-door-mirrors-and-related-parts--front-door,https://www.moparamerica.com/v-2017-dodge-charger--r-t--5-7l-v8-gas/doors-door-mirrors-and-related-parts--front-door | https://www.moparamerica.com/v-2017-dodge-charger--r-t-scat-pack--6-4l-v8-gas/doors-door-mirrors-and-related-parts--front-door | https://www.moparamerica.com/v-2017-dodge-charger--srt-392--6-4l-v8-gas/doors-door-mirrors-and-related-parts--front-door
front-door,1MZ85DX8AM,2013 2021 Mopar Front Door Exterior Handle Left,R/T 5.7L | R/T Scat Pack 6.4L | SRT 392 6.4L | SXT 3.6L,R/T 5.7L | R/T Scat Pack 6.4L | SRT 392 6.4L,1MZ85DX8AM,1MZ85DX8AM,https://www.moparamerica.com/v-2017-dodge-challenger--r-t--5-7l-v8-gas/doors-door-mirrors-and-related-parts--front-door | https://www.moparamerica.com/v-2017-dodge-challenger--r-t-scat-pack--6-4l-v8-gas/doors-door-mirrors-and-related-parts--front-door | https://www.moparamerica.com/v-2017-dodge-challenger--srt-392--6-4l-v8-gas/doors-door-mirrors-and-related-parts--front-door | https://www.moparamerica.com/v-2017-dodge-challenger--sxt--3-6l-v6-gas/doors-door-mirrors-and-related-parts--front-door,https://www.moparamerica.com/v-2017-dodge-charger--r-t--5-7l-v8-gas/doors-door-mirrors-and-related-parts--front-door | https://www.moparamerica.com/v-2017-dodge-charger--r-t-scat-pack--6-4l-v8-gas/doors-door-mirrors-and-related-parts--front-door | https://www.moparamerica.com/v-2017-dodge-charger--srt-392--6-4l-v8-gas/doors-door-mirrors-and-related-parts--front-door
front-door,1MZ85GW7AM,2020 2021 Dodge Challenger Front Door Exterior Handle Left,R/T 5.7L | R/T Scat Pack 6.4L | SRT 392 6.4L | SXT 3.6L,R/T 5.7L | R/T Scat Pack 6.4L | SRT 392 6.4L,1MZ85GW7AM,1MZ85GW7AM,https://www.moparamerica.com/v-2017-dodge-challenger--r-t--5-7l-v8-gas/doors-door-mirrors-and-related-parts--front-door | https://www.moparamerica.com/v-2017-dodge-challenger--r-t-scat-pack--6-4l-v8-gas/doors-door-mirrors-and-related-parts--front-door | https://www.moparamerica.com/v-2017-dodge-challenger--srt-392--6-4l-v8-gas/doors-door-mirrors-and-related-parts--front-door | https://www.moparamerica.com/v-2017-dodge-challenger--sxt--3-6l-v6-gas/doors-door-mirrors-and-related-parts--front-door,https://www.moparamerica.com/v-2017-dodge-charger--r-t--5-7l-v8-gas/doors-door-mirrors-and-related-parts--front-door | https://www.moparamerica.com/v-2017-dodge-charger--r-t-scat-pack--6-4l-v8-gas/doors-door-mirrors-and-related-parts--front-door | https://www.moparamerica.com/v-2017-dodge-charger--srt-392--6-4l-v8-gas/doors-door-mirrors-and-related-parts--front-door
front-door,1MZ85JRYAM,Front Door Exterior Handle Left,R/T 5.7L | R/T Scat Pack 6.4L | SRT 392 6.4L | SXT 3.6L,R/T 5.7L | R/T Scat Pack 6.4L | SRT 392 6.4L,1MZ85JRYAM,1MZ85JRYAM,https://www.moparamerica.com/v-2017-dodge-challenger--r-t--5-7l-v8-gas/doors-door-mirrors-and-related-parts--front-door | https://www.moparamerica.com/v-2017-dodge-challenger--r-t-scat-pack--6-4l-v8-gas/doors-door-mirrors-and-related-parts--front-door | https://www.moparamerica.com/v-2017-dodge-challenger--srt-392--6-4l-v8-gas/doors-door-mirrors-and-related-parts--front-door | https://www.moparamerica.com/v-2017-dodge-challenger--sxt--3-6l-v6-gas/doors-door-mirrors-and-related-parts--front-door,https://www.moparamerica.com/v-2017-dodge-charger--r-t--5-7l-v8-gas/doors-door-mirrors-and-related-parts--front-door | https://www.moparamerica.com/v-2017-dodge-charger--r-t-scat-pack--6-4l-v8-gas/doors-door-mirrors-and-related-parts--front-door | https://www.moparamerica.com/v-2017-dodge-charger--srt-392--6-4l-v8-gas/doors-door-mirrors-and-related-parts--front-door
front-door,1MZ85JSCAM,2011 2021 Mopar Front Door Exterior Handle Left,R/T 5.7L | R/T Scat Pack 6.4L | SRT 392 6.4L | SXT 3.6L,R/T 5.7L | R/T Scat Pack 6.4L | SRT 392 6.4L,1MZ85JSCAM,1MZ85JSCAM,https://www.moparamerica.com/v-2017-dodge-challenger--r-t--5-7l-v8-gas/doors-door-mirrors-and-related-parts--front-door | https://www.moparamerica.com/v-2017-dodge-challenger--r-t-scat-pack--6-4l-v8-gas/doors-door-mirrors-and-related-parts--front-door | https://www.moparamerica.com/v-2017-dodge-challenger--srt-392--6-4l-v8-gas/doors-door-mirrors-and-related-parts--front-door | https://www.moparamerica.com/v-2017-dodge-challenger--sxt--3-6l-v6-gas/doors-door-mirrors-and-related-parts--front-door,https://www.moparamerica.com/v-2017-dodge-charger--r-t--5-7l-v8-gas/doors-door-mirrors-and-related-parts--front-door | https://www.moparamerica.com/v-2017-dodge-charger--r-t-scat-pack--6-4l-v8-gas/doors-door-mirrors-and-related-parts--front-door | https://www.moparamerica.com/v-2017-dodge-charger--srt-392--6-4l-v8-gas/doors-door-mirrors-and-related-parts--front-door
front-door,1MZ85KARAM,2011 2021 Mopar Front Door Exterior Handle Left,R/T 5.7L | R/T Scat Pack 6.4L | SRT 392 6.4L | SXT 3.6L,R/T 5.7L | R/T Scat Pack 6.4L | SRT 392 6.4L,1MZ85KARAM,1MZ85KARAM,https://www.moparamerica.com/v-2017-dodge-challenger--r-t--5-7l-v8-gas/doors-door-mirrors-and-related-parts--front-door | https://www.moparamerica.com/v-2017-dodge-challenger--r-t-scat-pack--6-4l-v8-gas/doors-door-mirrors-and-related-parts--front-door | https://www.moparamerica.com/v-2017-dodge-challenger--srt-392--6-4l-v8-gas/doors-door-mirrors-and-related-parts--front-door | https://www.moparamerica.com/v-2017-dodge-challenger--sxt--3-6l-v6-gas/doors-door-mirrors-and-related-parts--front-door,https://www.moparamerica.com/v-2017-dodge-charger--r-t--5-7l-v8-gas/doors-door-mirrors-and-related-parts--front-door | https://www.moparamerica.com/v-2017-dodge-charger--r-t-scat-pack--6-4l-v8-gas/doors-door-mirrors-and-related-parts--front-door | https://www.moparamerica.com/v-2017-dodge-charger--srt-392--6-4l-v8-gas/doors-door-mirrors-and-related-parts--front-door
front-door,1MZ85KBXAM,2013 2018 Mopar Front Door Exterior Handle Left,R/T 5.7L | R/T Scat Pack 6.4L | SRT 392 6.4L | SXT 3.6L,R/T 5.7L | R/T Scat Pack 6.4L | SRT 392 6.4L,1MZ85KBXAM,1MZ85KBXAM,https://www.moparamerica.com/v-2017-dodge-challenger--r-t--5-7l-v8-gas/doors-door-mirrors-and-related-parts--front-door | https://www.moparamerica.com/v-2017-dodge-challenger--r-t-scat-pack--6-4l-v8-gas/doors-door-mirrors-and-related-parts--front-door | https://www.moparamerica.com/v-2017-dodge-challenger--srt-392--6-4l-v8-gas/doors-door-mirrors-and-related-parts--front-door | https://www.moparamerica.com/v-2017-dodge-challenger--sxt--3-6l-v6-gas/doors-door-mirrors-and-related-parts--front-door,https://www.moparamerica.com/v-2017-dodge-charger--r-t--5-7l-v8-gas/doors-door-mirrors-and-related-parts--front-door | https://www.moparamerica.com/v-2017-dodge-charger--r-t-scat-pack--6-4l-v8-gas/doors-door-mirrors-and-related-parts--front-door | https://www.moparamerica.com/v-2017-dodge-charger--srt-392--6-4l-v8-gas/doors-door-mirrors-and-related-parts--front-door
front-door,1MZ85LAUAM,2013 2021 Mopar Front Door Exterior Handle Left,R/T 5.7L | R/T Scat Pack 6.4L | SRT 392 6.4L | SXT 3.6L,R/T 5.7L | R/T Scat Pack 6.4L | SRT 392 6.4L,1MZ85LAUAM,1MZ85LAUAM,https://www.moparamerica.com/v-2017-dodge-challenger--r-t--5-7l-v8-gas/doors-door-mirrors-and-related-parts--front-door | https://www.moparamerica.com/v-2017-dodge-challenger--r-t-scat-pack--6-4l-v8-gas/doors-door-mirrors-and-related-parts--front-door | https://www.moparamerica.com/v-2017-dodge-challenger--srt-392--6-4l-v8-gas/doors-door-mirrors-and-related-parts--front-door | https://www.moparamerica.com/v-2017-dodge-challenger--sxt--3-6l-v6-gas/doors-door-mirrors-and-related-parts--front-door,https://www.moparamerica.com/v-2017-dodge-charger--r-t--5-7l-v8-gas/doors-door-mirrors-and-related-parts--front-door | https://www.moparamerica.com/v-2017-dodge-charger--r-t-scat-pack--6-4l-v8-gas/doors-door-mirrors-and-related-parts--front-door | https://www.moparamerica.com/v-2017-dodge-charger--srt-392--6-4l-v8-gas/doors-door-mirrors-and-related-parts--front-door
front-door,1MZ85MGMAJ,Front Door Exterior Handle Left,R/T 5.7L | R/T Scat Pack 6.4L | SRT 392 6.4L | SXT 3.6L,R/T 5.7L | R/T Scat Pack 6.4L | SRT 392 6.4L,1MZ85MGMAJ,1MZ85MGMAJ,https://www.moparamerica.com/v-2017-dodge-challenger--r-t--5-7l-v8-gas/doors-door-mirrors-and-related-parts--front-door | https://www.moparamerica.com/v-2017-dodge-challenger--r-t-scat-pack--6-4l-v8-gas/doors-door-mirrors-and-related-parts--front-door | https://www.moparamerica.com/v-2017-dodge-challenger--srt-392--6-4l-v8-gas/doors-door-mirrors-and-related-parts--front-door | https://www.moparamerica.com/v-2017-dodge-challenger--sxt--3-6l-v6-gas/doors-door-mirrors-and-related-parts--front-door,https://www.moparamerica.com/v-2017-dodge-charger--r-t--5-7l-v8-gas/doors-door-mirrors-and-related-parts--front-door | https://www.moparamerica.com/v-2017-dodge-charger--r-t-scat-pack--6-4l-v8-gas/doors-door-mirrors-and-related-parts--front-door | https://www.moparamerica.com/v-2017-dodge-charger--srt-392--6-4l-v8-gas/doors-door-mirrors-and-related-parts--front-door
front-door,1MZ85NRVAM,2020 2021 Dodge Challenger Front Door Exterior Handle Left,R/T 5.7L | R/T Scat Pack 6.4L | SRT 392 6.4L | SXT 3.6L,R/T 5.7L | R/T Scat Pack 6.4L | SRT 392 6.4L,1MZ85NRVAM,1MZ85NRVAM,https://www.moparamerica.com/v-2017-dodge-challenger--r-t--5-7l-v8-gas/doors-door-mirrors-and-related-parts--front-door | https://www.moparamerica.com/v-2017-dodge-challenger--r-t-scat-pack--6-4l-v8-gas/doors-door-mirrors-and-related-parts--front-door | https://www.moparamerica.com/v-2017-dodge-challenger--srt-392--6-4l-v8-gas/doors-door-mirrors-and-related-parts--front-door | https://www.moparamerica.com/v-2017-dodge-challenger--sxt--3-6l-v6-gas/doors-door-mirrors-and-related-parts--front-door,https://www.moparamerica.com/v-2017-dodge-charger--r-t--5-7l-v8-gas/doors-door-mirrors-and-related-parts--front-door | https://www.moparamerica.com/v-2017-dodge-charger--r-t-scat-pack--6-4l-v8-gas/doors-door-mirrors-and-related-parts--front-door | https://www.moparamerica.com/v-2017-dodge-charger--srt-392--6-4l-v8-gas/doors-door-mirrors-and-related-parts--front-door
front-door,1MZ85NVPAM,2015 2021 Mopar Front Door Exterior Handle Left,R/T 5.7L | R/T Scat Pack 6.4L | SRT 392 6.4L | SXT 3.6L,R/T 5.7L | R/T Scat Pack 6.4L | SRT 392 6.4L,1MZ85NVPAM,1MZ85NVPAM,https://www.moparamerica.com/v-2017-dodge-challenger--r-t--5-7l-v8-gas/doors-door-mirrors-and-related-parts--front-door | https://www.moparamerica.com/v-2017-dodge-challenger--r-t-scat-pack--6-4l-v8-gas/doors-door-mirrors-and-related-parts--front-door | https://www.moparamerica.com/v-2017-dodge-challenger--srt-392--6-4l-v8-gas/doors-door-mirrors-and-related-parts--front-door | https://www.moparamerica.com/v-2017-dodge-challenger--sxt--3-6l-v6-gas/doors-door-mirrors-and-related-parts--front-door,https://www.moparamerica.com/v-2017-dodge-charger--r-t--5-7l-v8-gas/doors-door-mirrors-and-related-parts--front-door | https://www.moparamerica.com/v-2017-dodge-charger--r-t-scat-pack--6-4l-v8-gas/doors-door-mirrors-and-related-parts--front-door | https://www.moparamerica.com/v-2017-dodge-charger--srt-392--6-4l-v8-gas/doors-door-mirrors-and-related-parts--front-door
front-door,1MZ85PDNAM,2014 2021 Mopar Front Door Exterior Handle Left,R/T 5.7L | R/T Scat Pack 6.4L | SRT 392 6.4L | SXT 3.6L,R/T 5.7L | R/T Scat Pack 6.4L | SRT 392 6.4L,1MZ85PDNAM,1MZ85PDNAM,https://www.moparamerica.com/v-2017-dodge-challenger--r-t--5-7l-v8-gas/doors-door-mirrors-and-related-parts--front-door | https://www.moparamerica.com/v-2017-dodge-challenger--r-t-scat-pack--6-4l-v8-gas/doors-door-mirrors-and-related-parts--front-door | https://www.moparamerica.com/v-2017-dodge-challenger--srt-392--6-4l-v8-gas/doors-door-mirrors-and-related-parts--front-door | https://www.moparamerica.com/v-2017-dodge-challenger--sxt--3-6l-v6-gas/doors-door-mirrors-and-related-parts--front-door,https://www.moparamerica.com/v-2017-dodge-charger--r-t--5-7l-v8-gas/doors-door-mirrors-and-related-parts--front-door | https://www.moparamerica.com/v-2017-dodge-charger--r-t-scat-pack--6-4l-v8-gas/doors-door-mirrors-and-related-parts--front-door | https://www.moparamerica.com/v-2017-dodge-charger--srt-392--6-4l-v8-gas/doors-door-mirrors-and-related-parts--front-door
front-door,1MZ85RY4AM,Front Door Exterior Handle Left,R/T 5.7L | R/T Scat Pack 6.4L | SRT 392 6.4L | SXT 3.6L,R/T 5.7L | R/T Scat Pack 6.4L | SRT 392 6.4L,1MZ85RY4AM,1MZ85RY4AM,https://www.moparamerica.com/v-2017-dodge-challenger--r-t--5-7l-v8-gas/doors-door-mirrors-and-related-parts--front-door | https://www.moparamerica.com/v-2017-dodge-challenger--r-t-scat-pack--6-4l-v8-gas/doors-door-mirrors-and-related-parts--front-door | https://www.moparamerica.com/v-2017-dodge-challenger--srt-392--6-4l-v8-gas/doors-door-mirrors-and-related-parts--front-door | https://www.moparamerica.com/v-2017-dodge-challenger--sxt--3-6l-v6-gas/doors-door-mirrors-and-related-parts--front-door,https://www.moparamerica.com/v-2017-dodge-charger--r-t--5-7l-v8-gas/doors-door-mirrors-and-related-parts--front-door | https://www.moparamerica.com/v-2017-dodge-charger--r-t-scat-pack--6-4l-v8-gas/doors-door-mirrors-and-related-parts--front-door | https://www.moparamerica.com/v-2017-dodge-charger--srt-392--6-4l-v8-gas/doors-door-mirrors-and-related-parts--front-door
front-door,1MZ85ZR3AM,2013 2021 Mopar Front Door Exterior Handle Left,R/T 5.7L | R/T Scat Pack 6.4L | SRT 392 6.4L | SXT 3.6L,R/T 5.7L | R/T Scat Pack 6.4L | SRT 392 6.4L,1MZ85ZR3AM,1MZ85ZR3AM,https://www.moparamerica.com/v-2017-dodge-challenger--r-t--5-7l-v8-gas/doors-door-mirrors-and-related-parts--front-door | https://www.moparamerica.com/v-2017-dodge-challenger--r-t-scat-pack--6-4l-v8-gas/doors-door-mirrors-and-related-parts--front-door | https://www.moparamerica.com/v-2017-dodge-challenger--srt-392--6-4l-v8-gas/doors-door-mirrors-and-related-parts--front-door | https://www.moparamerica.com/v-2017-dodge-challenger--sxt--3-6l-v6-gas/doors-door-mirrors-and-related-parts--front-door,https://www.moparamerica.com/v-2017-dodge-charger--r-t--5-7l-v8-gas/doors-door-mirrors-and-related-parts--front-door | https://www.moparamerica.com/v-2017-dodge-charger--r-t-scat-pack--6-4l-v8-gas/doors-door-mirrors-and-related-parts--front-door | https://www.moparamerica.com/v-2017-dodge-charger--srt-392--6-4l-v8-gas/doors-door-mirrors-and-related-parts--front-door
front-door,55276821AA,Round Black Tape,R/T 5.7L | R/T Scat Pack 6.4L | SRT 392 6.4L | SXT 3.6L,R/T 5.7L | R/T Scat Pack 6.4L | SRT 392 6.4L,55276821AA,55276821AA,https://www.moparamerica.com/v-2017-dodge-challenger--r-t--5-7l-v8-gas/doors-door-mirrors-and-related-parts--front-door | https://www.moparamerica.com/v-2017-dodge-challenger--r-t-scat-pack--6-4l-v8-gas/doors-door-mirrors-and-related-parts--front-door | https://www.moparamerica.com/v-2017-dodge-challenger--srt-392--6-4l-v8-gas/doors-door-mirrors-and-related-parts--front-door | https://www.moparamerica.com/v-2017-dodge-challenger--sxt--3-6l-v6-gas/doors-door-mirrors-and-related-parts--front-door,https://www.moparamerica.com/v-2017-dodge-charger--r-t--5-7l-v8-gas/doors-door-mirrors-and-related-parts--front-door | https://www.moparamerica.com/v-2017-dodge-charger--r-t-scat-pack--6-4l-v8-gas/doors-door-mirrors-and-related-parts--front-door | https://www.moparamerica.com/v-2017-dodge-charger--srt-392--6-4l-v8-gas/doors-door-mirrors-and-related-parts--front-door
glass-mirror,68044586AA,Spacer,R/T 5.7L | SRT 392 6.4L | SXT 3.6L,R/T 5.7L | SRT 392 6.4L,68044586AA,68044586AA,https://www.moparamerica.com/v-2017-dodge-challenger--r-t--5-7l-v8-gas/glass--glass-and-interior-rear-view-mirror | https://www.moparamerica.com/v-2017-dodge-challenger--srt-392--6-4l-v8-gas/glass--glass-and-interior-rear-view-mirror | https://www.moparamerica.com/v-2017-dodge-challenger--sxt--3-6l-v6-gas/glass--glass-and-interior-rear-view-mirror,https://www.moparamerica.com/v-2017-dodge-charger--r-t--5-7l-v8-gas/glass--glass-and-interior-rear-view-mirror | https://www.moparamerica.com/v-2017-dodge-charger--srt-392--6-4l-v8-gas/glass--glass-and-interior-rear-view-mirror
headliners-visors,6EP09DX9AA,Audio Microphone,R/T 5.7L | R/T Scat Pack 6.4L | SRT 392 6.4L | SXT 3.6L,R/T 5.7L | R/T Scat Pack 6.4L | SRT 392 6.4L,6EP09DX9AA,6EP09DX9AA,https://www.moparamerica.com/v-2017-dodge-challenger--r-t--5-7l-v8-gas/interior-trim--headliners-visors-assist-straps | https://www.moparamerica.com/v-2017-dodge-challenger--r-t-scat-pack--6-4l-v8-gas/interior-trim--headliners-visors-assist-straps | https://www.moparamerica.com/v-2017-dodge-challenger--srt-392--6-4l-v8-gas/interior-trim--headliners-visors-assist-straps | https://www.moparamerica.com/v-2017-dodge-challenger--sxt--3-6l-v6-gas/interior-trim--headliners-visors-assist-straps,https://www.moparamerica.com/v-2017-dodge-charger--r-t--5-7l-v8-gas/interior-trim--headliners-visors-assist-straps | https://www.moparamerica.com/v-2017-dodge-charger--r-t-scat-pack--6-4l-v8-gas/interior-trim--headliners-visors-assist-straps | https://www.moparamerica.com/v-2017-dodge-charger--srt-392--6-4l-v8-gas/interior-trim--headliners-visors-assist-straps
instrument-panel,1QF13DX9AP,2011 2021 Mopar Instrument Panel Glove Box,R/T 5.7L | R/T Scat Pack 6.4L | SRT 392 6.4L | SXT 3.6L,R/T 5.7L | SRT 392 6.4L,1QF13DX9AP,1QF13DX9AP,https://www.moparamerica.com/v-2017-dodge-challenger--r-t--5-7l-v8-gas/interior-trim--instrument-panel | https://www.moparamerica.com/v-2017-dodge-challenger--r-t-scat-pack--6-4l-v8-gas/interior-trim--instrument-panel | https://www.moparamerica.com/v-2017-dodge-challenger--srt-392--6-4l-v8-gas/interior-trim--instrument-panel | https://www.moparamerica.com/v-2017-dodge-challenger--sxt--3-6l-v6-gas/interior-trim--instrument-panel,https://www.moparamerica.com/v-2017-dodge-charger--r-t--5-7l-v8-gas/interior-trim--instrument-panel | https://www.moparamerica.com/v-2017-dodge-charger--srt-392--6-4l-v8-gas/interior-trim--instrument-panel
instrument-panel,4746315,Console Lock Cylinder,R/T 5.7L | R/T Scat Pack 6.4L | SRT 392 6.4L | SXT 3.6L,R/T 5.7L | SRT 392 6.4L,4746315,4746315,https://www.moparamerica.com/v-2017-dodge-challenger--r-t--5-7l-v8-gas/interior-trim--instrument-panel | https://www.moparamerica.com/v-2017-dodge-challenger--r-t-scat-pack--6-4l-v8-gas/interior-trim--instrument-panel | https://www.moparamerica.com/v-2017-dodge-challenger--srt-392--6-4l-v8-gas/interior-trim--instrument-panel | https://www.moparamerica.com/v-2017-dodge-challenger--sxt--3-6l-v6-gas/interior-trim--instrument-panel,https://www.moparamerica.com/v-2017-dodge-charger--r-t--5-7l-v8-gas/interior-trim--instrument-panel | https://www.moparamerica.com/v-2017-dodge-charger--srt-392--6-4l-v8-gas/interior-trim--instrument-panel
instrument-panel,5257132AB,Number 1 Tumbler,R/T 5.7L | R/T Scat Pack 6.4L | SRT 392 6.4L | SXT 3.6L,R/T 5.7L | SRT 392 6.4L,5257132AB,5257132AB,https://www.moparamerica.com/v-2017-dodge-challenger--r-t--5-7l-v8-gas/interior-trim--instrument-panel | https://www.moparamerica.com/v-2017-dodge-challenger--r-t-scat-pack--6-4l-v8-gas/interior-trim--instrument-panel | https://www.moparamerica.com/v-2017-dodge-challenger--srt-392--6-4l-v8-gas/interior-trim--instrument-panel | https://www.moparamerica.com/v-2017-dodge-challenger--sxt--3-6l-v6-gas/interior-trim--instrument-panel,https://www.moparamerica.com/v-2017-dodge-charger--r-t--5-7l-v8-gas/interior-trim--instrument-panel | https://www.moparamerica.com/v-2017-dodge-charger--srt-392--6-4l-v8-gas/interior-trim--instrument-panel
instrument-panel,5257133AB,Number 2 Tumbler,R/T 5.7L | R/T Scat Pack 6.4L | SRT 392 6.4L | SXT 3.6L,R/T 5.7L | SRT 392 6.4L,5257133AB,5257133AB,https://www.moparamerica.com/v-2017-dodge-challenger--r-t--5-7l-v8-gas/interior-trim--instrument-panel | https://www.moparamerica.com/v-2017-dodge-challenger--r-t-scat-pack--6-4l-v8-gas/interior-trim--instrument-panel | https://www.moparamerica.com/v-2017-dodge-challenger--srt-392--6-4l-v8-gas/interior-trim--instrument-panel | https://www.moparamerica.com/v-2017-dodge-challenger--sxt--3-6l-v6-gas/interior-trim--instrument-panel,https://www.moparamerica.com/v-2017-dodge-charger--r-t--5-7l-v8-gas/interior-trim--instrument-panel | https://www.moparamerica.com/v-2017-dodge-charger--srt-392--6-4l-v8-gas/interior-trim--instrument-panel
instrument-panel,5257134AB,Number 3 Tumbler,R/T 5.7L | R/T Scat Pack 6.4L | SRT 392 6.4L | SXT 3.6L,R/T 5.7L | SRT 392 6.4L,5257134AB,5257134AB,https://www.moparamerica.com/v-2017-dodge-challenger--r-t--5-7l-v8-gas/interior-trim--instrument-panel | https://www.moparamerica.com/v-2017-dodge-challenger--r-t-scat-pack--6-4l-v8-gas/interior-trim--instrument-panel | https://www.moparamerica.com/v-2017-dodge-challenger--srt-392--6-4l-v8-gas/interior-trim--instrument-panel | https://www.moparamerica.com/v-2017-dodge-challenger--sxt--3-6l-v6-gas/interior-trim--instrument-panel,https://www.moparamerica.com/v-2017-dodge-charger--r-t--5-7l-v8-gas/interior-trim--instrument-panel | https://www.moparamerica.com/v-2017-dodge-charger--srt-392--6-4l-v8-gas/interior-trim--instrument-panel
instrument-panel,5257135AB,Number 4 Tumbler,R/T 5.7L | R/T Scat Pack 6.4L | SRT 392 6.4L | SXT 3.6L,R/T 5.7L | SRT 392 6.4L,5257135AB,5257135AB,https://www.moparamerica.com/v-2017-dodge-challenger--r-t--5-7l-v8-gas/interior-trim--instrument-panel | https://www.moparamerica.com/v-2017-dodge-challenger--r-t-scat-pack--6-4l-v8-gas/interior-trim--instrument-panel | https://www.moparamerica.com/v-2017-dodge-challenger--srt-392--6-4l-v8-gas/interior-trim--instrument-panel | https://www.moparamerica.com/v-2017-dodge-challenger--sxt--3-6l-v6-gas/interior-trim--instrument-panel,https://www.moparamerica.com/v-2017-dodge-charger--r-t--5-7l-v8-gas/interior-trim--instrument-panel | https://www.moparamerica.com/v-2017-dodge-charger--srt-392--6-4l-v8-gas/interior-trim--instrument-panel
instrument-panel,6102132AA,Hex Head Screw,R/T 5.7L | R/T Scat Pack 6.4L | SRT 392 6.4L | SXT 3.6L,R/T 5.7L | SRT 392 6.4L,6102132AA,6102132AA,https://www.moparamerica.com/v-2017-dodge-challenger--r-t--5-7l-v8-gas/interior-trim--instrument-panel | https://www.moparamerica.com/v-2017-dodge-challenger--r-t-scat-pack--6-4l-v8-gas/interior-trim--instrument-panel | https://www.moparamerica.com/v-2017-dodge-challenger--srt-392--6-4l-v8-gas/interior-trim--instrument-panel | https://www.moparamerica.com/v-2017-dodge-challenger--sxt--3-6l-v6-gas/interior-trim--instrument-panel,https://www.moparamerica.com/v-2017-dodge-charger--r-t--5-7l-v8-gas/interior-trim--instrument-panel | https://www.moparamerica.com/v-2017-dodge-charger--srt-392--6-4l-v8-gas/interior-trim--instrument-panel
instrument-panel,6104368AA,Hex Head Bolt,R/T 5.7L | R/T Scat Pack 6.4L | SRT 392 6.4L | SXT 3.6L,R/T 5.7L | SRT 392 6.4L,6104368AA,6104368AA,https://www.moparamerica.com/v-2017-dodge-challenger--r-t--5-7l-v8-gas/interior-trim--instrument-panel | https://www.moparamerica.com/v-2017-dodge-challenger--r-t-scat-pack--6-4l-v8-gas/interior-trim--instrument-panel | https://www.moparamerica.com/v-2017-dodge-challenger--srt-392--6-4l-v8-gas/interior-trim--instrument-panel | https://www.moparamerica.com/v-2017-dodge-challenger--sxt--3-6l-v6-gas/interior-trim--instrument-panel,https://www.moparamerica.com/v-2017-dodge-charger--r-t--5-7l-v8-gas/interior-trim--instrument-panel | https://www.moparamerica.com/v-2017-dodge-charger--srt-392--6-4l-v8-gas/interior-trim--instrument-panel
instrument-panel,6509940AA,Trailer Brake Hardware Component Kit,R/T 5.7L | R/T Scat Pack 6.4L | SRT 392 6.4L | SXT 3.6L,R/T 5.7L | SRT 392 6.4L,6509940AA,6509940AA,https://www.moparamerica.com/v-2017-dodge-challenger--r-t--5-7l-v8-gas/interior-trim--instrument-panel | https://www.moparamerica.com/v-2017-dodge-challenger--r-t-scat-pack--6-4l-v8-gas/interior-trim--instrument-panel | https://www.moparamerica.com/v-2017-dodge-challenger--srt-392--6-4l-v8-gas/interior-trim--instrument-panel | https://www.moparamerica.com/v-2017-dodge-challenger--sxt--3-6l-v6-gas/interior-trim--instrument-panel,https://www.moparamerica.com/v-2017-dodge-charger--r-t--5-7l-v8-gas/interior-trim--instrument-panel | https://www.moparamerica.com/v-2017-dodge-charger--srt-392--6-4l-v8-gas/interior-trim--instrument-panel
instrument-panel,6512212AA,Spring Nut,R/T 5.7L | R/T Scat Pack 6.4L | SRT 392 6.4L | SXT 3.6L,R/T 5.7L | SRT 392 6.4L,6512212AA,6512212AA,https://www.moparamerica.com/v-2017-dodge-challenger--r-t--5-7l-v8-gas/interior-trim--instrument-panel | https://www.moparamerica.com/v-2017-dodge-challenger--r-t-scat-pack--6-4l-v8-gas/interior-trim--instrument-panel | https://www.moparamerica.com/v-2017-dodge-challenger--srt-392--6-4l-v8-gas/interior-trim--instrument-panel | https://www.moparamerica.com/v-2017-dodge-challenger--sxt--3-6l-v6-gas/interior-trim--instrument-panel,https://www.moparamerica.com/v-2017-dodge-charger--r-t--5-7l-v8-gas/interior-trim--instrument-panel | https://www.moparamerica.com/v-2017-dodge-charger--srt-392--6-4l-v8-gas/interior-trim--instrument-panel
instrument-panel,68110649AA,Glove Box Door Dampener,R/T 5.7L | R/T Scat Pack 6.4L | SRT 392 6.4L | SXT 3.6L,R/T 5.7L | SRT 392 6.4L,68110649AA,68110649AA,https://www.moparamerica.com/v-2017-dodge-challenger--r-t--5-7l-v8-gas/interior-trim--instrument-panel | https://www.moparamerica.com/v-2017-dodge-challenger--r-t-scat-pack--6-4l-v8-gas/interior-trim--instrument-panel | https://www.moparamerica.com/v-2017-dodge-challenger--srt-392--6-4l-v8-gas/interior-trim--instrument-panel | https://www.moparamerica.com/v-2017-dodge-challenger--sxt--3-6l-v6-gas/interior-trim--instrument-panel,https://www.moparamerica.com/v-2017-dodge-charger--r-t--5-7l-v8-gas/interior-trim--instrument-panel | https://www.moparamerica.com/v-2017-dodge-charger--srt-392--6-4l-v8-gas/interior-trim--instrument-panel
instrument-panel,68110650AA,Glove Box Door Latch Striker,R/T 5.7L | R/T Scat Pack 6.4L | SRT 392 6.4L | SXT 3.6L,R/T 5.7L | SRT 392 6.4L,68110650AA,68110650AA,https://www.moparamerica.com/v-2017-dodge-challenger--r-t--5-7l-v8-gas/interior-trim--instrument-panel | https://www.moparamerica.com/v-2017-dodge-challenger--r-t-scat-pack--6-4l-v8-gas/interior-trim--instrument-panel | https://www.moparamerica.com/v-2017-dodge-challenger--srt-392--6-4l-v8-gas/interior-trim--instrument-panel | https://www.moparamerica.com/v-2017-dodge-challenger--sxt--3-6l-v6-gas/interior-trim--instrument-panel,https://www.moparamerica.com/v-2017-dodge-charger--r-t--5-7l-v8-gas/interior-trim--instrument-panel | https://www.moparamerica.com/v-2017-dodge-charger--srt-392--6-4l-v8-gas/interior-trim--instrument-panel
instrument-panel,68404422AA,Ignition Switch Trim Ring,R/T 5.7L | R/T Scat Pack 6.4L | SRT 392 6.4L | SXT 3.6L,R/T 5.7L | SRT 392 6.4L,68404422AA,68404422AA,https://www.moparamerica.com/v-2017-dodge-challenger--r-t--5-7l-v8-gas/interior-trim--instrument-panel | https://www.moparamerica.com/v-2017-dodge-challenger--r-t-scat-pack--6-4l-v8-gas/interior-trim--instrument-panel | https://www.moparamerica.com/v-2017-dodge-challenger--srt-392--6-4l-v8-gas/interior-trim--instrument-panel | https://www.moparamerica.com/v-2017-dodge-challenger--sxt--3-6l-v6-gas/interior-trim--instrument-panel,https://www.moparamerica.com/v-2017-dodge-charger--r-t--5-7l-v8-gas/interior-trim--instrument-panel | https://www.moparamerica.com/v-2017-dodge-charger--srt-392--6-4l-v8-gas/interior-trim--instrument-panel
rear-seat-adjusters,1VL64DX9AA,Assist Strap,R/T 5.7L | R/T Scat Pack 6.4L | SRT 392 6.4L | SXT 3.6L,R/T 5.7L | SRT 392 6.4L,1VL64DX9AA,1VL64DX9AA,https://www.moparamerica.com/v-2017-dodge-challenger--r-t--5-7l-v8-gas/interior-trim--rear-seats-second-row-adjusters-recliners-shields-and-risers | https://www.moparamerica.com/v-2017-dodge-challenger--r-t-scat-pack--6-4l-v8-gas/interior-trim--rear-seats-second-row-adjusters-recliners-shields-and-risers | https://www.moparamerica.com/v-2017-dodge-challenger--srt-392--6-4l-v8-gas/interior-trim--rear-seats-second-row-adjusters-recliners-shields-and-risers | https://www.moparamerica.com/v-2017-dodge-challenger--sxt--3-6l-v6-gas/interior-trim--rear-seats-second-row-adjusters-recliners-shields-and-risers,https://www.moparamerica.com/v-2017-dodge-charger--r-t--5-7l-v8-gas/interior-trim--rear-seats-second-row-adjusters-recliners-shields-and-risers | https://www.moparamerica.com/v-2017-dodge-charger--srt-392--6-4l-v8-gas/interior-trim--rear-seats-second-row-adjusters-recliners-shields-and-risers
rear-seat-adjusters,1VL64LV5AA,Assist Strap,R/T 5.7L | R/T Scat Pack 6.4L | SRT 392 6.4L | SXT 3.6L,R/T 5.7L | SRT 392 6.4L,1VL64LV5AA,1VL64LV5AA,https://www.moparamerica.com/v-2017-dodge-challenger--r-t--5-7l-v8-gas/interior-trim--rear-seats-second-row-adjusters-recliners-shields-and-risers | https://www.moparamerica.com/v-2017-dodge-challenger--r-t-scat-pack--6-4l-v8-gas/interior-trim--rear-seats-second-row-adjusters-recliners-shields-and-risers | https://www.moparamerica.com/v-2017-dodge-challenger--srt-392--6-4l-v8-gas/interior-trim--rear-seats-second-row-adjusters-recliners-shields-and-risers | https://www.moparamerica.com/v-2017-dodge-challenger--sxt--3-6l-v6-gas/interior-trim--rear-seats-second-row-adjusters-recliners-shields-and-risers,https://www.moparamerica.com/v-2017-dodge-charger--r-t--5-7l-v8-gas/interior-trim--rear-seats-second-row-adjusters-recliners-shields-and-risers | https://www.moparamerica.com/v-2017-dodge-charger--srt-392--6-4l-v8-gas/interior-trim--rear-seats-second-row-adjusters-recliners-shields-and-risers
rear-seat-adjusters,4628848AB,Seat Back Latch Striker,R/T 5.7L | R/T Scat Pack 6.4L | SRT 392 6.4L | SXT 3.6L,R/T 5.7L | SRT 392 6.4L,4628848AB,4628848AB,https://www.moparamerica.com/v-2017-dodge-challenger--r-t--5-7l-v8-gas/interior-trim--rear-seats-second-row-adjusters-recliners-shields-and-risers | https://www.moparamerica.com/v-2017-dodge-challenger--r-t-scat-pack--6-4l-v8-gas/interior-trim--rear-seats-second-row-adjusters-recliners-shields-and-risers | https://www.moparamerica.com/v-2017-dodge-challenger--srt-392--6-4l-v8-gas/interior-trim--rear-seats-second-row-adjusters-recliners-shields-and-risers | https://www.moparamerica.com/v-2017-dodge-challenger--sxt--3-6l-v6-gas/interior-trim--rear-seats-second-row-adjusters-recliners-shields-and-risers,https://www.moparamerica.com/v-2017-dodge-charger--r-t--5-7l-v8-gas/interior-trim--rear-seats-second-row-adjusters-recliners-shields-and-risers | https://www.moparamerica.com/v-2017-dodge-charger--srt-392--6-4l-v8-gas/interior-trim--rear-seats-second-row-adjusters-recliners-shields-and-risers
rear-seat-adjusters,4645939AB,Seat Cushion Retainer,R/T 5.7L | R/T Scat Pack 6.4L | SRT 392 6.4L | SXT 3.6L,R/T 5.7L | SRT 392 6.4L,4645939AB,4645939AB,https://www.moparamerica.com/v-2017-dodge-challenger--r-t--5-7l-v8-gas/interior-trim--rear-seats-second-row-adjusters-recliners-shields-and-risers | https://www.moparamerica.com/v-2017-dodge-challenger--r-t-scat-pack--6-4l-v8-gas/interior-trim--rear-seats-second-row-adjusters-recliners-shields-and-risers | https://www.moparamerica.com/v-2017-dodge-challenger--srt-392--6-4l-v8-gas/interior-trim--rear-seats-second-row-adjusters-recliners-shields-and-risers | https://www.moparamerica.com/v-2017-dodge-challenger--sxt--3-6l-v6-gas/interior-trim--rear-seats-second-row-adjusters-recliners-shields-and-risers,https://www.moparamerica.com/v-2017-dodge-charger--r-t--5-7l-v8-gas/interior-trim--rear-seats-second-row-adjusters-recliners-shields-and-risers | https://www.moparamerica.com/v-2017-dodge-charger--srt-392--6-4l-v8-gas/interior-trim--rear-seats-second-row-adjusters-recliners-shields-and-risers
rear-seat-adjusters,6502724,Hex Flange Nut,R/T 5.7L | R/T Scat Pack 6.4L | SRT 392 6.4L | SXT 3.6L,R/T 5.7L | SRT 392 6.4L,6502724,6502724,https://www.moparamerica.com/v-2017-dodge-challenger--r-t--5-7l-v8-gas/interior-trim--rear-seats-second-row-adjusters-recliners-shields-and-risers | https://www.moparamerica.com/v-2017-dodge-challenger--r-t-scat-pack--6-4l-v8-gas/interior-trim--rear-seats-second-row-adjusters-recliners-shields-and-risers | https://www.moparamerica.com/v-2017-dodge-challenger--srt-392--6-4l-v8-gas/interior-trim--rear-seats-second-row-adjusters-recliners-shields-and-risers | https://www.moparamerica.com/v-2017-dodge-challenger--sxt--3-6l-v6-gas/interior-trim--rear-seats-second-row-adjusters-recliners-shields-and-risers,https://www.moparamerica.com/v-2017-dodge-charger--r-t--5-7l-v8-gas/interior-trim--rear-seats-second-row-adjusters-recliners-shields-and-risers | https://www.moparamerica.com/v-2017-dodge-charger--srt-392--6-4l-v8-gas/interior-trim--rear-seats-second-row-adjusters-recliners-shields-and-risers
rear-seat-adjusters,6506220AA,Hex Flange Head Screw,R/T 5.7L | R/T Scat Pack 6.4L | SRT 392 6.4L | SXT 3.6L,R/T 5.7L | SRT 392 6.4L,6506220AA,6506220AA,https://www.moparamerica.com/v-2017-dodge-challenger--r-t--5-7l-v8-gas/interior-trim--rear-seats-second-row-adjusters-recliners-shields-and-risers | https://www.moparamerica.com/v-2017-dodge-challenger--r-t-scat-pack--6-4l-v8-gas/interior-trim--rear-seats-second-row-adjusters-recliners-shields-and-risers | https://www.moparamerica.com/v-2017-dodge-challenger--srt-392--6-4l-v8-gas/interior-trim--rear-seats-second-row-adjusters-recliners-shields-and-risers | https://www.moparamerica.com/v-2017-dodge-challenger--sxt--3-6l-v6-gas/interior-trim--rear-seats-second-row-adjusters-recliners-shields-and-risers,https://www.moparamerica.com/v-2017-dodge-charger--r-t--5-7l-v8-gas/interior-trim--rear-seats-second-row-adjusters-recliners-shields-and-risers | https://www.moparamerica.com/v-2017-dodge-charger--srt-392--6-4l-v8-gas/interior-trim--rear-seats-second-row-adjusters-recliners-shields-and-risers
rear-seat-adjusters,68110212AA,Seat Bracket,R/T 5.7L | R/T Scat Pack 6.4L | SRT 392 6.4L | SXT 3.6L,R/T 5.7L | SRT 392 6.4L,68110212AA,68110212AA,https://www.moparamerica.com/v-2017-dodge-challenger--r-t--5-7l-v8-gas/interior-trim--rear-seats-second-row-adjusters-recliners-shields-and-risers | https://www.moparamerica.com/v-2017-dodge-challenger--r-t-scat-pack--6-4l-v8-gas/interior-trim--rear-seats-second-row-adjusters-recliners-shields-and-risers | https://www.moparamerica.com/v-2017-dodge-challenger--srt-392--6-4l-v8-gas/interior-trim--rear-seats-second-row-adjusters-recliners-shields-and-risers | https://www.moparamerica.com/v-2017-dodge-challenger--sxt--3-6l-v6-gas/interior-trim--rear-seats-second-row-adjusters-recliners-shields-and-risers,https://www.moparamerica.com/v-2017-dodge-charger--r-t--5-7l-v8-gas/interior-trim--rear-seats-second-row-adjusters-recliners-shields-and-risers | https://www.moparamerica.com/v-2017-dodge-charger--srt-392--6-4l-v8-gas/interior-trim--rear-seats-second-row-adjusters-recliners-shields-and-risers
rear-seat-adjusters,68110213AA,Seat Bracket,R/T 5.7L | R/T Scat Pack 6.4L | SRT 392 6.4L | SXT 3.6L,R/T 5.7L | SRT 392 6.4L,68110213AA,68110213AA,https://www.moparamerica.com/v-2017-dodge-challenger--r-t--5-7l-v8-gas/interior-trim--rear-seats-second-row-adjusters-recliners-shields-and-risers | https://www.moparamerica.com/v-2017-dodge-challenger--r-t-scat-pack--6-4l-v8-gas/interior-trim--rear-seats-second-row-adjusters-recliners-shields-and-risers | https://www.moparamerica.com/v-2017-dodge-challenger--srt-392--6-4l-v8-gas/interior-trim--rear-seats-second-row-adjusters-recliners-shields-and-risers | https://www.moparamerica.com/v-2017-dodge-challenger--sxt--3-6l-v6-gas/interior-trim--rear-seats-second-row-adjusters-recliners-shields-and-risers,https://www.moparamerica.com/v-2017-dodge-charger--r-t--5-7l-v8-gas/interior-trim--rear-seats-second-row-adjusters-recliners-shields-and-risers | https://www.moparamerica.com/v-2017-dodge-charger--srt-392--6-4l-v8-gas/interior-trim--rear-seats-second-row-adjusters-recliners-shields-and-risers
rear-seat-adjusters,68110214AA,Seat Bracket,R/T 5.7L | R/T Scat Pack 6.4L | SRT 392 6.4L | SXT 3.6L,R/T 5.7L | SRT 392 6.4L,68110214AA,68110214AA,https://www.moparamerica.com/v-2017-dodge-challenger--r-t--5-7l-v8-gas/interior-trim--rear-seats-second-row-adjusters-recliners-shields-and-risers | https://www.moparamerica.com/v-2017-dodge-challenger--r-t-scat-pack--6-4l-v8-gas/interior-trim--rear-seats-second-row-adjusters-recliners-shields-and-risers | https://www.moparamerica.com/v-2017-dodge-challenger--srt-392--6-4l-v8-gas/interior-trim--rear-seats-second-row-adjusters-recliners-shields-and-risers | https://www.moparamerica.com/v-2017-dodge-challenger--sxt--3-6l-v6-gas/interior-trim--rear-seats-second-row-adjusters-recliners-shields-and-risers,https://www.moparamerica.com/v-2017-dodge-charger--r-t--5-7l-v8-gas/interior-trim--rear-seats-second-row-adjusters-recliners-shields-and-risers | https://www.moparamerica.com/v-2017-dodge-charger--srt-392--6-4l-v8-gas/interior-trim--rear-seats-second-row-adjusters-recliners-shields-and-risers
rear-seat-adjusters,68110232AA,Seat Latch,R/T 5.7L | R/T Scat Pack 6.4L | SRT 392 6.4L | SXT 3.6L,R/T 5.7L | SRT 392 6.4L,68110232AA,68110232AA,https://www.moparamerica.com/v-2017-dodge-challenger--r-t--5-7l-v8-gas/interior-trim--rear-seats-second-row-adjusters-recliners-shields-and-risers | https://www.moparamerica.com/v-2017-dodge-challenger--r-t-scat-pack--6-4l-v8-gas/interior-trim--rear-seats-second-row-adjusters-recliners-shields-and-risers | https://www.moparamerica.com/v-2017-dodge-challenger--srt-392--6-4l-v8-gas/interior-trim--rear-seats-second-row-adjusters-recliners-shields-and-risers | https://www.moparamerica.com/v-2017-dodge-challenger--sxt--3-6l-v6-gas/interior-trim--rear-seats-second-row-adjusters-recliners-shields-and-risers,https://www.moparamerica.com/v-2017-dodge-charger--r-t--5-7l-v8-gas/interior-trim--rear-seats-second-row-adjusters-recliners-shields-and-risers | https://www.moparamerica.com/v-2017-dodge-charger--srt-392--6-4l-v8-gas/interior-trim--rear-seats-second-row-adjusters-recliners-shields-and-risers
rear-seat-adjusters,68110233AA,Bushing,R/T 5.7L | R/T Scat Pack 6.4L | SRT 392 6.4L | SXT 3.6L,R/T 5.7L | SRT 392 6.4L,68110233AA,68110233AA,https://www.moparamerica.com/v-2017-dodge-challenger--r-t--5-7l-v8-gas/interior-trim--rear-seats-second-row-adjusters-recliners-shields-and-risers | https://www.moparamerica.com/v-2017-dodge-challenger--r-t-scat-pack--6-4l-v8-gas/interior-trim--rear-seats-second-row-adjusters-recliners-shields-and-risers | https://www.moparamerica.com/v-2017-dodge-challenger--srt-392--6-4l-v8-gas/interior-trim--rear-seats-second-row-adjusters-recliners-shields-and-risers | https://www.moparamerica.com/v-2017-dodge-challenger--sxt--3-6l-v6-gas/interior-trim--rear-seats-second-row-adjusters-recliners-shields-and-risers,https://www.moparamerica.com/v-2017-dodge-charger--r-t--5-7l-v8-gas/interior-trim--rear-seats-second-row-adjusters-recliners-shields-and-risers | https://www.moparamerica.com/v-2017-dodge-charger--srt-392--6-4l-v8-gas/interior-trim--rear-seats-second-row-adjusters-recliners-shields-and-risers
rear-seat-adjusters,68193479AA,Lock Nut,R/T 5.7L | R/T Scat Pack 6.4L | SRT 392 6.4L | SXT 3.6L,R/T 5.7L | SRT 392 6.4L,68193479AA,68193479AA,https://www.moparamerica.com/v-2017-dodge-challenger--r-t--5-7l-v8-gas/interior-trim--rear-seats-second-row-adjusters-recliners-shields-and-risers | https://www.moparamerica.com/v-2017-dodge-challenger--r-t-scat-pack--6-4l-v8-gas/interior-trim--rear-seats-second-row-adjusters-recliners-shields-and-risers | https://www.moparamerica.com/v-2017-dodge-challenger--srt-392--6-4l-v8-gas/interior-trim--rear-seats-second-row-adjusters-recliners-shields-and-risers | https://www.moparamerica.com/v-2017-dodge-challenger--sxt--3-6l-v6-gas/interior-trim--rear-seats-second-row-adjusters-recliners-shields-and-risers,https://www.moparamerica.com/v-2017-dodge-charger--r-t--5-7l-v8-gas/interior-trim--rear-seats-second-row-adjusters-recliners-shields-and-risers | https://www.moparamerica.com/v-2017-dodge-charger--srt-392--6-4l-v8-gas/interior-trim--rear-seats-second-row-adjusters-recliners-shields-and-risers
air-bags,56054085AA,Acceleration Sensor,R/T 5.7L | R/T Scat Pack 6.4L | SRT 392 6.4L | SXT 3.6L,R/T 5.7L | SRT 392 6.4L,56054085AA,56054085AA,https://www.moparamerica.com/v-2017-dodge-challenger--r-t--5-7l-v8-gas/restraints--air-bags | https://www.moparamerica.com/v-2017-dodge-challenger--r-t-scat-pack--6-4l-v8-gas/restraints--air-bags | https://www.moparamerica.com/v-2017-dodge-challenger--srt-392--6-4l-v8-gas/restraints--air-bags | https://www.moparamerica.com/v-2017-dodge-challenger--sxt--3-6l-v6-gas/restraints--air-bags,https://www.moparamerica.com/v-2017-dodge-charger--r-t--5-7l-v8-gas/restraints--air-bags | https://www.moparamerica.com/v-2017-dodge-charger--srt-392--6-4l-v8-gas/restraints--air-bags
air-bags,5LB70DX9AH,Steering Column Module,R/T 5.7L | R/T Scat Pack 6.4L | SRT 392 6.4L | SXT 3.6L,R/T 5.7L | SRT 392 6.4L,5LB70DX9AH,5LB70DX9AH,https://www.moparamerica.com/v-2017-dodge-challenger--r-t--5-7l-v8-gas/restraints--air-bags | https://www.moparamerica.com/v-2017-dodge-challenger--r-t-scat-pack--6-4l-v8-gas/restraints--air-bags | https://www.moparamerica.com/v-2017-dodge-challenger--srt-392--6-4l-v8-gas/restraints--air-bags | https://www.moparamerica.com/v-2017-dodge-challenger--sxt--3-6l-v6-gas/restraints--air-bags,https://www.moparamerica.com/v-2017-dodge-charger--r-t--5-7l-v8-gas/restraints--air-bags | https://www.moparamerica.com/v-2017-dodge-charger--srt-392--6-4l-v8-gas/restraints--air-bags
air-bags,5LB71DX9AI,Steering Column Module,R/T 5.7L | R/T Scat Pack 6.4L | SRT 392 6.4L | SXT 3.6L,R/T 5.7L | SRT 392 6.4L,5LB71DX9AI,5LB71DX9AI,https://www.moparamerica.com/v-2017-dodge-challenger--r-t--5-7l-v8-gas/restraints--air-bags | https://www.moparamerica.com/v-2017-dodge-challenger--r-t-scat-pack--6-4l-v8-gas/restraints--air-bags | https://www.moparamerica.com/v-2017-dodge-challenger--srt-392--6-4l-v8-gas/restraints--air-bags | https://www.moparamerica.com/v-2017-dodge-challenger--sxt--3-6l-v6-gas/restraints--air-bags,https://www.moparamerica.com/v-2017-dodge-charger--r-t--5-7l-v8-gas/restraints--air-bags | https://www.moparamerica.com/v-2017-dodge-charger--srt-392--6-4l-v8-gas/restraints--air-bags
air-bags,5LB72DX9AH,Steering Column Module,R/T 5.7L | R/T Scat Pack 6.4L | SRT 392 6.4L | SXT 3.6L,R/T 5.7L | SRT 392 6.4L,5LB72DX9AH,5LB72DX9AH,https://www.moparamerica.com/v-2017-dodge-challenger--r-t--5-7l-v8-gas/restraints--air-bags | https://www.moparamerica.com/v-2017-dodge-challenger--r-t-scat-pack--6-4l-v8-gas/restraints--air-bags | https://www.moparamerica.com/v-2017-dodge-challenger--srt-392--6-4l-v8-gas/restraints--air-bags | https://www.moparamerica.com/v-2017-dodge-challenger--sxt--3-6l-v6-gas/restraints--air-bags,https://www.moparamerica.com/v-2017-dodge-charger--r-t--5-7l-v8-gas/restraints--air-bags | https://www.moparamerica.com/v-2017-dodge-charger--srt-392--6-4l-v8-gas/restraints--air-bags
air-bags,5LB73DX9AH,Steering Column Module,R/T 5.7L | R/T Scat Pack 6.4L | SRT 392 6.4L | SXT 3.6L,R/T 5.7L | SRT 392 6.4L,5LB73DX9AH,5LB73DX9AH,https://www.moparamerica.com/v-2017-dodge-challenger--r-t--5-7l-v8-gas/restraints--air-bags | https://www.moparamerica.com/v-2017-dodge-challenger--r-t-scat-pack--6-4l-v8-gas/restraints--air-bags | https://www.moparamerica.com/v-2017-dodge-challenger--srt-392--6-4l-v8-gas/restraints--air-bags | https://www.moparamerica.com/v-2017-dodge-challenger--sxt--3-6l-v6-gas/restraints--air-bags,https://www.moparamerica.com/v-2017-dodge-charger--r-t--5-7l-v8-gas/restraints--air-bags | https://www.moparamerica.com/v-2017-dodge-charger--srt-392--6-4l-v8-gas/restraints--air-bags
air-bags,6510026AA,Screw,R/T 5.7L | R/T Scat Pack 6.4L | SRT 392 6.4L | SXT 3.6L,R/T 5.7L | SRT 392 6.4L,6510026AA,6510026AA,https://www.moparamerica.com/v-2017-dodge-challenger--r-t--5-7l-v8-gas/restraints--air-bags | https://www.moparamerica.com/v-2017-dodge-challenger--r-t-scat-pack--6-4l-v8-gas/restraints--air-bags | https://www.moparamerica.com/v-2017-dodge-challenger--srt-392--6-4l-v8-gas/restraints--air-bags | https://www.moparamerica.com/v-2017-dodge-challenger--sxt--3-6l-v6-gas/restraints--air-bags,https://www.moparamerica.com/v-2017-dodge-charger--r-t--5-7l-v8-gas/restraints--air-bags | https://www.moparamerica.com/v-2017-dodge-charger--srt-392--6-4l-v8-gas/restraints--air-bags
seat-belts,5135197AA,Seat Belt Extender,R/T 5.7L | R/T Scat Pack 6.4L | SRT 392 6.4L | SXT 3.6L,R/T 5.7L | SRT 392 6.4L,5135197AA,5135197AA,https://www.moparamerica.com/v-2017-dodge-challenger--r-t--5-7l-v8-gas/restraints--seat-belts | https://www.moparamerica.com/v-2017-dodge-challenger--r-t-scat-pack--6-4l-v8-gas/restraints--seat-belts | https://www.moparamerica.com/v-2017-dodge-challenger--srt-392--6-4l-v8-gas/restraints--seat-belts | https://www.moparamerica.com/v-2017-dodge-challenger--sxt--3-6l-v6-gas/restraints--seat-belts,https://www.moparamerica.com/v-2017-dodge-charger--r-t--5-7l-v8-gas/restraints--seat-belts | https://www.moparamerica.com/v-2017-dodge-charger--srt-392--6-4l-v8-gas/restraints--seat-belts
seat-belts,6105124AA,Pan Head Screw,R/T 5.7L | R/T Scat Pack 6.4L | SRT 392 6.4L | SXT 3.6L,R/T 5.7L | SRT 392 6.4L,6105124AA,6105124AA,https://www.moparamerica.com/v-2017-dodge-challenger--r-t--5-7l-v8-gas/restraints--seat-belts | https://www.moparamerica.com/v-2017-dodge-challenger--r-t-scat-pack--6-4l-v8-gas/restraints--seat-belts | https://www.moparamerica.com/v-2017-dodge-challenger--srt-392--6-4l-v8-gas/restraints--seat-belts | https://www.moparamerica.com/v-2017-dodge-challenger--sxt--3-6l-v6-gas/restraints--seat-belts,https://www.moparamerica.com/v-2017-dodge-charger--r-t--5-7l-v8-gas/restraints--seat-belts | https://www.moparamerica.com/v-2017-dodge-charger--srt-392--6-4l-v8-gas/restraints--seat-belts
seat-belts,6ET081X9AB,Front Inner Seat Belt Right,R/T 5.7L | R/T Scat Pack 6.4L | SRT 392 6.4L | SXT 3.6L,R/T 5.7L | SRT 392 6.4L,6ET081X9AB,6ET081X9AB,https://www.moparamerica.com/v-2017-dodge-challenger--r-t--5-7l-v8-gas/restraints--seat-belts | https://www.moparamerica.com/v-2017-dodge-challenger--r-t-scat-pack--6-4l-v8-gas/restraints--seat-belts | https://www.moparamerica.com/v-2017-dodge-challenger--srt-392--6-4l-v8-gas/restraints--seat-belts | https://www.moparamerica.com/v-2017-dodge-challenger--sxt--3-6l-v6-gas/restraints--seat-belts,https://www.moparamerica.com/v-2017-dodge-charger--r-t--5-7l-v8-gas/restraints--seat-belts | https://www.moparamerica.com/v-2017-dodge-charger--srt-392--6-4l-v8-gas/restraints--seat-belts
seat-belts,6ET091X9AB,Front Inner Seat Belt Left,R/T 5.7L | R/T Scat Pack 6.4L | SRT 392 6.4L | SXT 3.6L,R/T 5.7L | SRT 392 6.4L,6ET091X9AB,6ET091X9AB,https://www.moparamerica.com/v-2017-dodge-challenger--r-t--5-7l-v8-gas/restraints--seat-belts | https://www.moparamerica.com/v-2017-dodge-challenger--r-t-scat-pack--6-4l-v8-gas/restraints--seat-belts | https://www.moparamerica.com/v-2017-dodge-challenger--srt-392--6-4l-v8-gas/restraints--seat-belts | https://www.moparamerica.com/v-2017-dodge-challenger--sxt--3-6l-v6-gas/restraints--seat-belts,https://www.moparamerica.com/v-2017-dodge-charger--r-t--5-7l-v8-gas/restraints--seat-belts | https://www.moparamerica.com/v-2017-dodge-charger--srt-392--6-4l-v8-gas/restraints--seat-belts
steering-column,55057336AC,Steering Coupling,R/T Scat Pack 6.4L | SRT 392 6.4L,SRT 392 6.4L,55057336AC,55057336AC,https://www.moparamerica.com/v-2017-dodge-challenger--r-t-scat-pack--6-4l-v8-gas/steering--steering-column-and-intermediate-shaft | https://www.moparamerica.com/v-2017-dodge-challenger--srt-392--6-4l-v8-gas/steering--steering-column-and-intermediate-shaft,https://www.moparamerica.com/v-2017-dodge-charger--srt-392--6-4l-v8-gas/steering--steering-column-and-intermediate-shaft
steering-column,55057340AB,Steering Coupling,R/T 5.7L | SXT 3.6L,R/T 5.7L,55057340AB,55057340AB,https://www.moparamerica.com/v-2017-dodge-challenger--r-t--5-7l-v8-gas/steering--steering-column-and-intermediate-shaft | https://www.moparamerica.com/v-2017-dodge-challenger--sxt--3-6l-v6-gas/steering--steering-column-and-intermediate-shaft,https://www.moparamerica.com/v-2017-dodge-charger--r-t--5-7l-v8-gas/steering--steering-column-and-intermediate-shaft
steering-column,6104386AA,Hex Head Bolt And Washer,R/T 5.7L | R/T Scat Pack 6.4L | SRT 392 6.4L | SXT 3.6L,R/T 5.7L | SRT 392 6.4L,6104386AA,6104386AA,https://www.moparamerica.com/v-2017-dodge-challenger--r-t--5-7l-v8-gas/steering--steering-column-and-intermediate-shaft | https://www.moparamerica.com/v-2017-dodge-challenger--r-t-scat-pack--6-4l-v8-gas/steering--steering-column-and-intermediate-shaft | https://www.moparamerica.com/v-2017-dodge-challenger--srt-392--6-4l-v8-gas/steering--steering-column-and-intermediate-shaft | https://www.moparamerica.com/v-2017-dodge-challenger--sxt--3-6l-v6-gas/steering--steering-column-and-intermediate-shaft,https://www.moparamerica.com/v-2017-dodge-charger--r-t--5-7l-v8-gas/steering--steering-column-and-intermediate-shaft | https://www.moparamerica.com/v-2017-dodge-charger--srt-392--6-4l-v8-gas/steering--steering-column-and-intermediate-shaft
steering-column,6104406AA,Hex Head Screw And Washer,R/T 5.7L | R/T Scat Pack 6.4L | SRT 392 6.4L | SXT 3.6L,R/T 5.7L | SRT 392 6.4L,6104406AA,6104406AA,https://www.moparamerica.com/v-2017-dodge-challenger--r-t--5-7l-v8-gas/steering--steering-column-and-intermediate-shaft | https://www.moparamerica.com/v-2017-dodge-challenger--r-t-scat-pack--6-4l-v8-gas/steering--steering-column-and-intermediate-shaft | https://www.moparamerica.com/v-2017-dodge-challenger--srt-392--6-4l-v8-gas/steering--steering-column-and-intermediate-shaft | https://www.moparamerica.com/v-2017-dodge-challenger--sxt--3-6l-v6-gas/steering--steering-column-and-intermediate-shaft,https://www.moparamerica.com/v-2017-dodge-charger--r-t--5-7l-v8-gas/steering--steering-column-and-intermediate-shaft | https://www.moparamerica.com/v-2017-dodge-charger--srt-392--6-4l-v8-gas/steering--steering-column-and-intermediate-shaft
steering-column,6104709AA,Hex Flange Nut,R/T 5.7L | R/T Scat Pack 6.4L | SRT 392 6.4L | SXT 3.6L,R/T 5.7L | SRT 392 6.4L,6104709AA,6104709AA,https://www.moparamerica.com/v-2017-dodge-challenger--r-t--5-7l-v8-gas/steering--steering-column-and-intermediate-shaft | https://www.moparamerica.com/v-2017-dodge-challenger--r-t-scat-pack--6-4l-v8-gas/steering--steering-column-and-intermediate-shaft | https://www.moparamerica.com/v-2017-dodge-challenger--srt-392--6-4l-v8-gas/steering--steering-column-and-intermediate-shaft | https://www.moparamerica.com/v-2017-dodge-challenger--sxt--3-6l-v6-gas/steering--steering-column-and-intermediate-shaft,https://www.moparamerica.com/v-2017-dodge-charger--r-t--5-7l-v8-gas/steering--steering-column-and-intermediate-shaft | https://www.moparamerica.com/v-2017-dodge-charger--srt-392--6-4l-v8-gas/steering--steering-column-and-intermediate-shaft
steering-column,6104716AA,Hex Flange Nut,R/T 5.7L | R/T Scat Pack 6.4L | SRT 392 6.4L | SXT 3.6L,R/T 5.7L | SRT 392 6.4L,6104716AA,6104716AA,https://www.moparamerica.com/v-2017-dodge-challenger--r-t--5-7l-v8-gas/steering--steering-column-and-intermediate-shaft | https://www.moparamerica.com/v-2017-dodge-challenger--r-t-scat-pack--6-4l-v8-gas/steering--steering-column-and-intermediate-shaft | https://www.moparamerica.com/v-2017-dodge-challenger--srt-392--6-4l-v8-gas/steering--steering-column-and-intermediate-shaft | https://www.moparamerica.com/v-2017-dodge-challenger--sxt--3-6l-v6-gas/steering--steering-column-and-intermediate-shaft,https://www.moparamerica.com/v-2017-dodge-charger--r-t--5-7l-v8-gas/steering--steering-column-and-intermediate-shaft | https://www.moparamerica.com/v-2017-dodge-charger--srt-392--6-4l-v8-gas/steering--steering-column-and-intermediate-shaft
steering-column,6506950AA,Hex Flange Head Locking Bolt,R/T 5.7L | R/T Scat Pack 6.4L | SRT 392 6.4L | SXT 3.6L,R/T 5.7L | SRT 392 6.4L,6506950AA,6506950AA,https://www.moparamerica.com/v-2017-dodge-challenger--r-t--5-7l-v8-gas/steering--steering-column-and-intermediate-shaft | https://www.moparamerica.com/v-2017-dodge-challenger--r-t-scat-pack--6-4l-v8-gas/steering--steering-column-and-intermediate-shaft | https://www.moparamerica.com/v-2017-dodge-challenger--srt-392--6-4l-v8-gas/steering--steering-column-and-intermediate-shaft | https://www.moparamerica.com/v-2017-dodge-challenger--sxt--3-6l-v6-gas/steering--steering-column-and-intermediate-shaft,https://www.moparamerica.com/v-2017-dodge-charger--r-t--5-7l-v8-gas/steering--steering-column-and-intermediate-shaft | https://www.moparamerica.com/v-2017-dodge-charger--srt-392--6-4l-v8-gas/steering--steering-column-and-intermediate-shaft
steering-column,68140569AG,2014 2021 Mopar Steering Column,R/T 5.7L | R/T Scat Pack 6.4L | SRT 392 6.4L | SXT 3.6L,R/T 5.7L | SRT 392 6.4L,68140569AG,68140569AG,https://www.moparamerica.com/v-2017-dodge-challenger--r-t--5-7l-v8-gas/steering--steering-column-and-intermediate-shaft | https://www.moparamerica.com/v-2017-dodge-challenger--r-t-scat-pack--6-4l-v8-gas/steering--steering-column-and-intermediate-shaft | https://www.moparamerica.com/v-2017-dodge-challenger--srt-392--6-4l-v8-gas/steering--steering-column-and-intermediate-shaft | https://www.moparamerica.com/v-2017-dodge-challenger--sxt--3-6l-v6-gas/steering--steering-column-and-intermediate-shaft,https://www.moparamerica.com/v-2017-dodge-charger--r-t--5-7l-v8-gas/steering--steering-column-and-intermediate-shaft | https://www.moparamerica.com/v-2017-dodge-charger--srt-392--6-4l-v8-gas/steering--steering-column-and-intermediate-shaft
steering-column,68259474AD,2014 2021 Mopar Steering Column,R/T 5.7L | R/T Scat Pack 6.4L | SRT 392 6.4L | SXT 3.6L,R/T 5.7L | SRT 392 6.4L,68259474AD,68259474AD,https://www.moparamerica.com/v-2017-dodge-challenger--r-t--5-7l-v8-gas/steering--steering-column-and-intermediate-shaft | https://www.moparamerica.com/v-2017-dodge-challenger--r-t-scat-pack--6-4l-v8-gas/steering--steering-column-and-intermediate-shaft | https://www.moparamerica.com/v-2017-dodge-challenger--srt-392--6-4l-v8-gas/steering--steering-column-and-intermediate-shaft | https://www.moparamerica.com/v-2017-dodge-challenger--sxt--3-6l-v6-gas/steering--steering-column-and-intermediate-shaft,https://www.moparamerica.com/v-2017-dodge-charger--r-t--5-7l-v8-gas/steering--steering-column-and-intermediate-shaft | https://www.moparamerica.com/v-2017-dodge-charger--srt-392--6-4l-v8-gas/steering--steering-column-and-intermediate-shaft
steering-wheel,1ZV36DX9AC,Paddle Switch Cover Bezel Right,R/T 5.7L | R/T Scat Pack 6.4L | SRT 392 6.4L | SXT 3.6L,R/T 5.7L | SRT 392 6.4L,1ZV36DX9AC,1ZV36DX9AC,https://www.moparamerica.com/v-2017-dodge-challenger--r-t--5-7l-v8-gas/steering--steering-wheel | https://www.moparamerica.com/v-2017-dodge-challenger--r-t-scat-pack--6-4l-v8-gas/steering--steering-wheel | https://www.moparamerica.com/v-2017-dodge-challenger--srt-392--6-4l-v8-gas/steering--steering-wheel | https://www.moparamerica.com/v-2017-dodge-challenger--sxt--3-6l-v6-gas/steering--steering-wheel,https://www.moparamerica.com/v-2017-dodge-charger--r-t--5-7l-v8-gas/steering--steering-wheel | https://www.moparamerica.com/v-2017-dodge-charger--srt-392--6-4l-v8-gas/steering--steering-wheel
steering-wheel,1ZV37DX9AC,Paddle Switch Cover Bezel Left,R/T 5.7L | R/T Scat Pack 6.4L | SRT 392 6.4L | SXT 3.6L,R/T 5.7L | SRT 392 6.4L,1ZV37DX9AC,1ZV37DX9AC,https://www.moparamerica.com/v-2017-dodge-challenger--r-t--5-7l-v8-gas/steering--steering-wheel | https://www.moparamerica.com/v-2017-dodge-challenger--r-t-scat-pack--6-4l-v8-gas/steering--steering-wheel | https://www.moparamerica.com/v-2017-dodge-challenger--srt-392--6-4l-v8-gas/steering--steering-wheel | https://www.moparamerica.com/v-2017-dodge-challenger--sxt--3-6l-v6-gas/steering--steering-wheel,https://www.moparamerica.com/v-2017-dodge-charger--r-t--5-7l-v8-gas/steering--steering-wheel | https://www.moparamerica.com/v-2017-dodge-charger--srt-392--6-4l-v8-gas/steering--steering-wheel
steering-wheel,5SQ18JSLAA,Steering Wheel Bezel Left,R/T 5.7L | R/T Scat Pack 6.4L | SRT 392 6.4L | SXT 3.6L,R/T 5.7L | SRT 392 6.4L,5SQ18JSLAA,5SQ18JSLAA,https://www.moparamerica.com/v-2017-dodge-challenger--r-t--5-7l-v8-gas/steering--steering-wheel | https://www.moparamerica.com/v-2017-dodge-challenger--r-t-scat-pack--6-4l-v8-gas/steering--steering-wheel | https://www.moparamerica.com/v-2017-dodge-challenger--srt-392--6-4l-v8-gas/steering--steering-wheel | https://www.moparamerica.com/v-2017-dodge-challenger--sxt--3-6l-v6-gas/steering--steering-wheel,https://www.moparamerica.com/v-2017-dodge-charger--r-t--5-7l-v8-gas/steering--steering-wheel | https://www.moparamerica.com/v-2017-dodge-charger--srt-392--6-4l-v8-gas/steering--steering-wheel
steering-wheel,5SQ18JXPAA,Steering Wheel Bezel,R/T 5.7L | R/T Scat Pack 6.4L | SRT 392 6.4L | SXT 3.6L,R/T 5.7L | SRT 392 6.4L,5SQ18JXPAA,5SQ18JXPAA,https://www.moparamerica.com/v-2017-dodge-challenger--r-t--5-7l-v8-gas/steering--steering-wheel | https://www.moparamerica.com/v-2017-dodge-challenger--r-t-scat-pack--6-4l-v8-gas/steering--steering-wheel | https://www.moparamerica.com/v-2017-dodge-challenger--srt-392--6-4l-v8-gas/steering--steering-wheel | https://www.moparamerica.com/v-2017-dodge-challenger--sxt--3-6l-v6-gas/steering--steering-wheel,https://www.moparamerica.com/v-2017-dodge-charger--r-t--5-7l-v8-gas/steering--steering-wheel | https://www.moparamerica.com/v-2017-dodge-charger--srt-392--6-4l-v8-gas/steering--steering-wheel
steering-wheel,5SQ19JSLAA,Steering Wheel Bezel Right,R/T 5.7L | R/T Scat Pack 6.4L | SRT 392 6.4L | SXT 3.6L,R/T 5.7L | SRT 392 6.4L,5SQ19JSLAA,5SQ19JSLAA,https://www.moparamerica.com/v-2017-dodge-challenger--r-t--5-7l-v8-gas/steering--steering-wheel | https://www.moparamerica.com/v-2017-dodge-challenger--r-t-scat-pack--6-4l-v8-gas/steering--steering-wheel | https://www.moparamerica.com/v-2017-dodge-challenger--srt-392--6-4l-v8-gas/steering--steering-wheel | https://www.moparamerica.com/v-2017-dodge-challenger--sxt--3-6l-v6-gas/steering--steering-wheel,https://www.moparamerica.com/v-2017-dodge-charger--r-t--5-7l-v8-gas/steering--steering-wheel | https://www.moparamerica.com/v-2017-dodge-charger--srt-392--6-4l-v8-gas/steering--steering-wheel
steering-wheel,5SQ19JXPAA,Steering Wheel Bezel,R/T 5.7L | R/T Scat Pack 6.4L | SRT 392 6.4L | SXT 3.6L,R/T 5.7L | SRT 392 6.4L,5SQ19JXPAA,5SQ19JXPAA,https://www.moparamerica.com/v-2017-dodge-challenger--r-t--5-7l-v8-gas/steering--steering-wheel | https://www.moparamerica.com/v-2017-dodge-challenger--r-t-scat-pack--6-4l-v8-gas/steering--steering-wheel | https://www.moparamerica.com/v-2017-dodge-challenger--srt-392--6-4l-v8-gas/steering--steering-wheel | https://www.moparamerica.com/v-2017-dodge-challenger--sxt--3-6l-v6-gas/steering--steering-wheel,https://www.moparamerica.com/v-2017-dodge-charger--r-t--5-7l-v8-gas/steering--steering-wheel | https://www.moparamerica.com/v-2017-dodge-charger--srt-392--6-4l-v8-gas/steering--steering-wheel
steering-wheel,5SQ20JSLAA,Steering Wheel Bezel,R/T 5.7L | R/T Scat Pack 6.4L | SRT 392 6.4L | SXT 3.6L,R/T 5.7L | SRT 392 6.4L,5SQ20JSLAA,5SQ20JSLAA,https://www.moparamerica.com/v-2017-dodge-challenger--r-t--5-7l-v8-gas/steering--steering-wheel | https://www.moparamerica.com/v-2017-dodge-challenger--r-t-scat-pack--6-4l-v8-gas/steering--steering-wheel | https://www.moparamerica.com/v-2017-dodge-challenger--srt-392--6-4l-v8-gas/steering--steering-wheel | https://www.moparamerica.com/v-2017-dodge-challenger--sxt--3-6l-v6-gas/steering--steering-wheel,https://www.moparamerica.com/v-2017-dodge-charger--r-t--5-7l-v8-gas/steering--steering-wheel | https://www.moparamerica.com/v-2017-dodge-charger--srt-392--6-4l-v8-gas/steering--steering-wheel
steering-wheel,5SQ20JXPAA,Steering Wheel Bezel,R/T 5.7L | R/T Scat Pack 6.4L | SRT 392 6.4L | SXT 3.6L,R/T 5.7L | SRT 392 6.4L,5SQ20JXPAA,5SQ20JXPAA,https://www.moparamerica.com/v-2017-dodge-challenger--r-t--5-7l-v8-gas/steering--steering-wheel | https://www.moparamerica.com/v-2017-dodge-challenger--r-t-scat-pack--6-4l-v8-gas/steering--steering-wheel | https://www.moparamerica.com/v-2017-dodge-challenger--srt-392--6-4l-v8-gas/steering--steering-wheel | https://www.moparamerica.com/v-2017-dodge-challenger--sxt--3-6l-v6-gas/steering--steering-wheel,https://www.moparamerica.com/v-2017-dodge-charger--r-t--5-7l-v8-gas/steering--steering-wheel | https://www.moparamerica.com/v-2017-dodge-charger--srt-392--6-4l-v8-gas/steering--steering-wheel
steering-wheel,6511907AA,Oval Head Screw,R/T 5.7L | R/T Scat Pack 6.4L | SRT 392 6.4L | SXT 3.6L,R/T 5.7L | SRT 392 6.4L,6511907AA,6511907AA,https://www.moparamerica.com/v-2017-dodge-challenger--r-t--5-7l-v8-gas/steering--steering-wheel | https://www.moparamerica.com/v-2017-dodge-challenger--r-t-scat-pack--6-4l-v8-gas/steering--steering-wheel | https://www.moparamerica.com/v-2017-dodge-challenger--srt-392--6-4l-v8-gas/steering--steering-wheel | https://www.moparamerica.com/v-2017-dodge-challenger--sxt--3-6l-v6-gas/steering--steering-wheel,https://www.moparamerica.com/v-2017-dodge-charger--r-t--5-7l-v8-gas/steering--steering-wheel | https://www.moparamerica.com/v-2017-dodge-charger--srt-392--6-4l-v8-gas/steering--steering-wheel
steering-wheel,6AD80DX9AA,Steering Wheel,R/T 5.7L | R/T Scat Pack 6.4L | SRT 392 6.4L | SXT 3.6L,R/T 5.7L | SRT 392 6.4L,6AD80DX9AA,6AD80DX9AA,https://www.moparamerica.com/v-2017-dodge-challenger--r-t--5-7l-v8-gas/steering--steering-wheel | https://www.moparamerica.com/v-2017-dodge-challenger--r-t-scat-pack--6-4l-v8-gas/steering--steering-wheel | https://www.moparamerica.com/v-2017-dodge-challenger--srt-392--6-4l-v8-gas/steering--steering-wheel | https://www.moparamerica.com/v-2017-dodge-challenger--sxt--3-6l-v6-gas/steering--steering-wheel,https://www.moparamerica.com/v-2017-dodge-charger--r-t--5-7l-v8-gas/steering--steering-wheel | https://www.moparamerica.com/v-2017-dodge-charger--srt-392--6-4l-v8-gas/steering--steering-wheel
steering-wheel,6AD81DX9AA,Steering Wheel,R/T 5.7L | R/T Scat Pack 6.4L | SRT 392 6.4L | SXT 3.6L,R/T 5.7L | SRT 392 6.4L,6AD81DX9AA,6AD81DX9AA,https://www.moparamerica.com/v-2017-dodge-challenger--r-t--5-7l-v8-gas/steering--steering-wheel | https://www.moparamerica.com/v-2017-dodge-challenger--r-t-scat-pack--6-4l-v8-gas/steering--steering-wheel | https://www.moparamerica.com/v-2017-dodge-challenger--srt-392--6-4l-v8-gas/steering--steering-wheel | https://www.moparamerica.com/v-2017-dodge-challenger--sxt--3-6l-v6-gas/steering--steering-wheel,https://www.moparamerica.com/v-2017-dodge-charger--r-t--5-7l-v8-gas/steering--steering-wheel | https://www.moparamerica.com/v-2017-dodge-charger--srt-392--6-4l-v8-gas/steering--steering-wheel
steering-wheel,6AD821X9AA,2015 2021 Mopar Steering Wheel,R/T 5.7L | R/T Scat Pack 6.4L | SRT 392 6.4L | SXT 3.6L,R/T 5.7L | SRT 392 6.4L,6AD821X9AA,6AD821X9AA,https://www.moparamerica.com/v-2017-dodge-challenger--r-t--5-7l-v8-gas/steering--steering-wheel | https://www.moparamerica.com/v-2017-dodge-challenger--r-t-scat-pack--6-4l-v8-gas/steering--steering-wheel | https://www.moparamerica.com/v-2017-dodge-challenger--srt-392--6-4l-v8-gas/steering--steering-wheel | https://www.moparamerica.com/v-2017-dodge-challenger--sxt--3-6l-v6-gas/steering--steering-wheel,https://www.moparamerica.com/v-2017-dodge-charger--r-t--5-7l-v8-gas/steering--steering-wheel | https://www.moparamerica.com/v-2017-dodge-charger--srt-392--6-4l-v8-gas/steering--steering-wheel
steering-wheel,6MS261X9AA,2015 2021 Mopar Steering Wheel,R/T 5.7L | R/T Scat Pack 6.4L | SRT 392 6.4L | SXT 3.6L,R/T 5.7L | SRT 392 6.4L,6MS261X9AA,6MS261X9AA,https://www.moparamerica.com/v-2017-dodge-challenger--r-t--5-7l-v8-gas/steering--steering-wheel | https://www.moparamerica.com/v-2017-dodge-challenger--r-t-scat-pack--6-4l-v8-gas/steering--steering-wheel | https://www.moparamerica.com/v-2017-dodge-challenger--srt-392--6-4l-v8-gas/steering--steering-wheel | https://www.moparamerica.com/v-2017-dodge-challenger--sxt--3-6l-v6-gas/steering--steering-wheel,https://www.moparamerica.com/v-2017-dodge-charger--r-t--5-7l-v8-gas/steering--steering-wheel | https://www.moparamerica.com/v-2017-dodge-charger--srt-392--6-4l-v8-gas/steering--steering-wheel
aperture-pillars,6510139AA,Push Pin,R/T 5.7L | R/T Scat Pack 6.4L | SRT 392 6.4L | SXT 3.6L,R/T 5.7L | R/T Scat Pack 6.4L | SRT 392 6.4L,6510139AA,6510139AA,https://www.moparamerica.com/v-2017-dodge-challenger--r-t--5-7l-v8-gas/body-sheet-metal-except-doors--aperture-panel-and-pillar-supports | https://www.moparamerica.com/v-2017-dodge-challenger--r-t-scat-pack--6-4l-v8-gas/body-sheet-metal-except-doors--aperture-panel-and-pillar-supports | https://www.moparamerica.com/v-2017-dodge-challenger--srt-392--6-4l-v8-gas/body-sheet-metal-except-doors--aperture-panel-and-pillar-supports | https://www.moparamerica.com/v-2017-dodge-challenger--sxt--3-6l-v6-gas/body-sheet-metal-except-doors--aperture-panel-and-pillar-supports,https://www.moparamerica.com/v-2017-dodge-charger--r-t--5-7l-v8-gas/body-sheet-metal-except-doors--aperture-panel-and-pillar-supports | https://www.moparamerica.com/v-2017-dodge-charger--r-t-scat-pack--6-4l-v8-gas/body-sheet-metal-except-doors--aperture-panel-and-pillar-supports | https://www.moparamerica.com/v-2017-dodge-charger--srt-392--6-4l-v8-gas/body-sheet-metal-except-doors--aperture-panel-and-pillar-supports
aperture-pillars,6510414AA,Plastic Nut Retainer,R/T 5.7L | R/T Scat Pack 6.4L | SRT 392 6.4L | SXT 3.6L,R/T 5.7L,6510414AA,6510414AA,https://www.moparamerica.com/v-2017-dodge-challenger--r-t--5-7l-v8-gas/body-sheet-metal-except-doors--aperture-panel-and-pillar-supports | https://www.moparamerica.com/v-2017-dodge-challenger--r-t-scat-pack--6-4l-v8-gas/body-sheet-metal-except-doors--aperture-panel-and-pillar-supports | https://www.moparamerica.com/v-2017-dodge-challenger--srt-392--6-4l-v8-gas/body-sheet-metal-except-doors--aperture-panel-and-pillar-supports | https://www.moparamerica.com/v-2017-dodge-challenger--sxt--3-6l-v6-gas/body-sheet-metal-except-doors--aperture-panel-and-pillar-supports,https://www.moparamerica.com/v-2017-dodge-charger--r-t--5-7l-v8-gas/body-sheet-metal-except-doors--aperture-panel-and-pillar-supports
aperture-pillars,68087134AC,Rear Wheelhouse Panel Right,R/T 5.7L | R/T Scat Pack 6.4L | SRT 392 6.4L | SXT 3.6L,R/T 5.7L | R/T Scat Pack 6.4L | SRT 392 6.4L,68087134AC,68087134AC,https://www.moparamerica.com/v-2017-dodge-challenger--r-t--5-7l-v8-gas/body-sheet-metal-except-doors--aperture-panel-and-pillar-supports | https://www.moparamerica.com/v-2017-dodge-challenger--r-t-scat-pack--6-4l-v8-gas/body-sheet-metal-except-doors--aperture-panel-and-pillar-supports | https://www.moparamerica.com/v-2017-dodge-challenger--srt-392--6-4l-v8-gas/body-sheet-metal-except-doors--aperture-panel-and-pillar-supports | https://www.moparamerica.com/v-2017-dodge-challenger--sxt--3-6l-v6-gas/body-sheet-metal-except-doors--aperture-panel-and-pillar-supports,https://www.moparamerica.com/v-2017-dodge-charger--r-t--5-7l-v8-gas/body-sheet-metal-except-doors--aperture-panel-and-pillar-supports | https://www.moparamerica.com/v-2017-dodge-charger--r-t-scat-pack--6-4l-v8-gas/body-sheet-metal-except-doors--aperture-panel-and-pillar-supports | https://www.moparamerica.com/v-2017-dodge-charger--srt-392--6-4l-v8-gas/body-sheet-metal-except-doors--aperture-panel-and-pillar-supports
aperture-pillars,68422950AC,2020 2021 Mopar Rear Wheelhouse Panel Right,R/T 5.7L | R/T Scat Pack 6.4L | SRT 392 6.4L | SXT 3.6L,R/T 5.7L | R/T Scat Pack 6.4L | SRT 392 6.4L,68422950AC,68422950AC,https://www.moparamerica.com/v-2017-dodge-challenger--r-t--5-7l-v8-gas/body-sheet-metal-except-doors--aperture-panel-and-pillar-supports | https://www.moparamerica.com/v-2017-dodge-challenger--r-t-scat-pack--6-4l-v8-gas/body-sheet-metal-except-doors--aperture-panel-and-pillar-supports | https://www.moparamerica.com/v-2017-dodge-challenger--srt-392--6-4l-v8-gas/body-sheet-metal-except-doors--aperture-panel-and-pillar-supports | https://www.moparamerica.com/v-2017-dodge-challenger--sxt--3-6l-v6-gas/body-sheet-metal-except-doors--aperture-panel-and-pillar-supports,https://www.moparamerica.com/v-2017-dodge-charger--r-t--5-7l-v8-gas/body-sheet-metal-except-doors--aperture-panel-and-pillar-supports | https://www.moparamerica.com/v-2017-dodge-charger--r-t-scat-pack--6-4l-v8-gas/body-sheet-metal-except-doors--aperture-panel-and-pillar-supports | https://www.moparamerica.com/v-2017-dodge-charger--srt-392--6-4l-v8-gas/body-sheet-metal-except-doors--aperture-panel-and-pillar-supports
aperture-pillars,68422951AA,2020 2021 Mopar Rear Wheelhouse Panel Left,R/T 5.7L | R/T Scat Pack 6.4L | SRT 392 6.4L | SXT 3.6L,R/T 5.7L | R/T Scat Pack 6.4L | SRT 392 6.4L,68422951AA,68422951AA,https://www.moparamerica.com/v-2017-dodge-challenger--r-t--5-7l-v8-gas/body-sheet-metal-except-doors--aperture-panel-and-pillar-supports | https://www.moparamerica.com/v-2017-dodge-challenger--r-t-scat-pack--6-4l-v8-gas/body-sheet-metal-except-doors--aperture-panel-and-pillar-supports | https://www.moparamerica.com/v-2017-dodge-challenger--srt-392--6-4l-v8-gas/body-sheet-metal-except-doors--aperture-panel-and-pillar-supports | https://www.moparamerica.com/v-2017-dodge-challenger--sxt--3-6l-v6-gas/body-sheet-metal-except-doors--aperture-panel-and-pillar-supports,https://www.moparamerica.com/v-2017-dodge-charger--r-t--5-7l-v8-gas/body-sheet-metal-except-doors--aperture-panel-and-pillar-supports | https://www.moparamerica.com/v-2017-dodge-charger--r-t-scat-pack--6-4l-v8-gas/body-sheet-metal-except-doors--aperture-panel-and-pillar-supports | https://www.moparamerica.com/v-2017-dodge-charger--srt-392--6-4l-v8-gas/body-sheet-metal-except-doors--aperture-panel-and-pillar-supports
aperture-pillars,68423700AC,Rear Wheelhouse Panel Right,R/T 5.7L | R/T Scat Pack 6.4L | SRT 392 6.4L | SXT 3.6L,R/T 5.7L | R/T Scat Pack 6.4L | SRT 392 6.4L,68423700AC,68423700AC,https://www.moparamerica.com/v-2017-dodge-challenger--r-t--5-7l-v8-gas/body-sheet-metal-except-doors--aperture-panel-and-pillar-supports | https://www.moparamerica.com/v-2017-dodge-challenger--r-t-scat-pack--6-4l-v8-gas/body-sheet-metal-except-doors--aperture-panel-and-pillar-supports | https://www.moparamerica.com/v-2017-dodge-challenger--srt-392--6-4l-v8-gas/body-sheet-metal-except-doors--aperture-panel-and-pillar-supports | https://www.moparamerica.com/v-2017-dodge-challenger--sxt--3-6l-v6-gas/body-sheet-metal-except-doors--aperture-panel-and-pillar-supports,https://www.moparamerica.com/v-2017-dodge-charger--r-t--5-7l-v8-gas/body-sheet-metal-except-doors--aperture-panel-and-pillar-supports | https://www.moparamerica.com/v-2017-dodge-charger--r-t-scat-pack--6-4l-v8-gas/body-sheet-metal-except-doors--aperture-panel-and-pillar-supports | https://www.moparamerica.com/v-2017-dodge-charger--srt-392--6-4l-v8-gas/body-sheet-metal-except-doors--aperture-panel-and-pillar-supports
