model,trim,engine,category,assembly_no,assembly,source_url,image_url,image_path,image_sha256,image_bytes
Chrysler 300,C,3.6L V6 Flex,3 0L Gas Engine / Cylinder Block,0,Cylinder Block for 2017 Chrysler 300,http://www.moparamerica.com/v-2017-chrysler-300--c--3-6l-v6-flex/3-0l-gas-engine--cylinder-block,https://cdn-illustrations.revolutionparts.io/strapr1/ab711547932a60c737780e7f05ac0a7e/e7a01221642f703b8399f8d01d0ba2f4.png,images/dd/ddc44375a554b89d080b82bf5700b908067308abf345124a0db3786ffde65545.png,ddc44375a554b89d080b82bf5700b908067308abf345124a0db3786ffde65545,41132
Chrysler 300,C,3.6L V6 Flex,3 0L Gas Engine / Cylinder Head,0,Cylinder Head for 2017 Chrysler 300,http://www.moparamerica.com/v-2017-chrysler-300--c--3-6l-v6-flex/3-0l-gas-engine--cylinder-head,https://cdn-illustrations.revolutionparts.io/strapr1/d9b6c4089d4ee3c8a6bb08bfefc214f8/89b47c70e7698ce6871df4c97652ec36.png,images/27/278cdf71e357d3e3eb4da6fafb92fe493971f97d2a8846413883654a34de8d4b.png,278cdf71e357d3e3eb4da6fafb92fe493971f97d2a8846413883654a34de8d4b,45480
Chrysler 300,C,3.6L V6 Flex,3 0L Gas Engine / Engine Mounting,1,Right,https://www.moparamerica.com/v-2017-chrysler-300--c--3-6l-v6-flex/3-0l-gas-engine--engine-mounting?assembly=1,https://cdn-illustrations.revolutionparts.io/strapr1/51b07a264fe308532f7189f53126d471/2051d2211466ebbff189fd3a2f3839b3.png,images/c8/c8c299b977568461e036528961f058fa5e0aa4023addbfbc5a97992c461b77f5.png,c8c299b977568461e036528961f058fa5e0aa4023addbfbc5a97992c461b77f5,31434
Chrysler 300,C,3.6L V6 Flex,3 0L Gas Engine / Engine Mounting,2,Left,https://www.moparamerica.com/v-2017-chrysler-300--c--3-6l-v6-flex/3-0l-gas-engine--engine-mounting?assembly=2,https://cdn-illustrations.revolutionparts.io/strapr1/ddad2221c68a8bb7d9d25aeb161ec759/189aeb4a8e60461a9ff7de2f968db9b3.png,images/f4/f4fc04c1e46b635cdfe452e2038c4d621e747e96b6154e3bb477bcb7ceb04211.png,f4fc04c1e46b635cdfe452e2038c4d621e747e96b6154e3bb477bcb7ceb04211,29849
Chrysler 300,C,3.6L V6 Flex,3 0L Gas Engine / Engine Oiling Oil Pan And Indicator Dipstick,0,"Engine Oiling, Oil Pan and Indicator (Dipstick) for 2017 Chrysler 300",http://www.moparamerica.com/v-2017-chrysler-300--c--3-6l-v6-flex/3-0l-gas-engine--engine-oiling-oil-pan-and-indicator-dipstick,https://cdn-illustrations.revolutionparts.io/strapr1/01b68cedc4617786b9ab3d35b2ac678e/e8b706c22f728281b5d6b8b2315e9536.png,images/be/be849be2bac355dc03c10442d30999765b7b982aaac1edf0ae54c9ee51219ba3.png,be849be2bac355dc03c10442d30999765b7b982aaac1edf0ae54c9ee51219ba3,55964
Chrysler 300,C,3.6L V6 Flex,3 0L Gas Engine / Timing Belt Chain And Cover And Balance Shaft,0,Timing Belt/Chain and Cover and Balance Shaft for 2017 Chrysler 300,http://www.moparamerica.com/v-2017-chrysler-300--c--3-6l-v6-flex/3-0l-gas-engine--timing-belt-chain-and-cover-and-balance-shaft,https://cdn-illustrations.revolutionparts.io/strapr1/a8161bf2918acf8d20cfd113dde24524/507e02d91dc021c2e4ab2fdb52e33b78.png,images/0a/0a09bf4f0d48e7922a77b603608b098bf16f261d395e655db7536287aae6b854.png,0a09bf4f0d48e7922a77b603608b098bf16f261d395e655db7536287aae6b854,29997
Chrysler 300,C,3.6L V6 Flex,3 6L Gas Engine / Camshaft And Valve,0,Camshaft and Valve for 2017 Chrysler 300,http://www.moparamerica.com/v-2017-chrysler-300--c--3-6l-v6-flex/3-6l-gas-engine--camshaft-and-valve,https://cdn-illustrations.revolutionparts.io/strapr1/3f57b458e29c3211f4ebd8c5f000a64e/c24638107d53dd424b6e73f8022b7f5e.png,images/c8/c8df774686ed96ae2366ad875996389745127f2aa45656346c2b943d9268ca11.png,c8df774686ed96ae2366ad875996389745127f2aa45656346c2b943d9268ca11,48700
Chrysler 300,C,3.6L V6 Flex,3 6L Gas Engine / Crankcase Ventilation,0,Crankcase Ventilation for 2017 Chrysler 300,http://www.moparamerica.com/v-2017-chrysler-300--c--3-6l-v6-flex/3-6l-gas-engine--crankcase-ventilation,https://cdn-illustrations.revolutionparts.io/strapr1/93cc90f0bff1cea4a675fd8fcf895762/4eb8a33d797bb63f9cd244d3cc1edfd6.png,images/f6/f675869ea355ec443cdf176cbe08207d16b97b08634639d5510a2d20e74c87ad.png,f675869ea355ec443cdf176cbe08207d16b97b08634639d5510a2d20e74c87ad,72277
Chrysler 300,C,3.6L V6 Flex,3 6L Gas Engine / Crankshaft Piston Drive Plate Flywheel And Damper,1,Crankshaft Lower Bearing,https://www.moparamerica.com/v-2017-chrysler-300--c--3-6l-v6-flex/3-6l-gas-engine--crankshaft-piston-drive-plate-flywheel-and-damper?assembly=1,https://cdn-illustrations.revolutionparts.io/strapr1/3ba6af36aba1114078a3b19377598151/7ed482ea76acee6a3f6efda319dbff3d.png,images/90/907f4ca9d1356f4b4781c67f755b97e529a9b1a16b322287bf9ede061bf75dc0.png,907f4ca9d1356f4b4781c67f755b97e529a9b1a16b322287bf9ede061bf75dc0,33040
Chrysler 300,C,3.6L V6 Flex,3 6L Gas Engine / Crankshaft Piston Drive Plate Flywheel And Damper,2,Piston Pin And Rod,https://www.moparamerica.com/v-2017-chrysler-300--c--3-6l-v6-flex/3-6l-gas-engine--crankshaft-piston-drive-plate-flywheel-and-damper?assembly=2,https://cdn-illustrations.revolutionparts.io/strapr1/9874cae75bdde08b6807be6baa7af133/eb40e62e9dd4d9d28ed9ce7c0aa7c302.png,images/34/344c8b9d690eacd8da595a55870001112f7163ea54a468f9ef380314fa0d95eb.png,344c8b9d690eacd8da595a55870001112f7163ea54a468f9ef380314fa0d95eb,22547
Chrysler 300,C,3.6L V6 Flex,3 6L Gas Engine / Cylinder Block,1,"Dowel, Mounting",https://www.moparamerica.com/v-2017-chrysler-300--c--3-6l-v6-flex/3-6l-gas-engine--cylinder-block?assembly=1,https://cdn-illustrations.revolutionparts.io/strapr1/73fec78c402302e07b40ac1edffa3840/3f7983e1fbb0d71a8797f3eae4437551.png,images/d3/d3a7ce675380f37cbcd1702540520e2058c658d825d540835aa0e3b7b0563581.png,d3a7ce675380f37cbcd1702540520e2058c658d825d540835aa0e3b7b0563581,63046
Chrysler 300,C,3.6L V6 Flex,3 6L Gas Engine / Cylinder Block,2,Engine Block Heater Cord,https://www.moparamerica.com/v-2017-chrysler-300--c--3-6l-v6-flex/3-6l-gas-engine--cylinder-block?assembly=2,https://cdn-illustrations.revolutionparts.io/strapr1/2d72f8237da041d4cf63a87bb2db43e6/2af4e04cb2d8d746deffdfe4a0b416e1.png,images/9b/9b3138914f554528a81090997ce0874cd83fa01641b791d145c6b1e8f697d641.png,9b3138914f554528a81090997ce0874cd83fa01641b791d145c6b1e8f697d641,41132
Chrysler 300,C,3.6L V6 Flex,3 6L Gas Engine / Cylinder Head,1,"Cylinder Head, Right Side",https://www.moparamerica.com/v-2017-chrysler-300--c--3-6l-v6-flex/3-6l-gas-engine--cylinder-head?assembly=1,https://cdn-illustrations.revolutionparts.io/strapr1/8c45531bf32713cc14b229f87e08025e/84fd8739ff2b60ac11dbcb61e237bf30.png,images/6c/6cf95ceb2914080a0a14b0bdd6fef7903379fcb71589efd83090737727cc2051.png,6cf95ceb2914080a0a14b0bdd6fef7903379fcb71589efd83090737727cc2051,45378
Chrysler 300,C,3.6L V6 Flex,3 6L Gas Engine / Cylinder Head,2,Cylinder Head Cover,https://www.moparamerica.com/v-2017-chrysler-300--c--3-6l-v6-flex/3-6l-gas-engine--cylinder-head?assembly=2,https://cdn-illustrations.revolutionparts.io/strapr1/5aafd0f88c9b1f2b91120e8e8c15f4e0/fe0870f160063f43e0c603b829dfcc0a.png,images/7d/7de3c8a0fe07137faff2e81bdf996556adc5dcea0f935e1861b8f1439c3e94e3.png,7de3c8a0fe07137faff2e81bdf996556adc5dcea0f935e1861b8f1439c3e94e3,46171
