part_number,normalized_part_number,description,product_url
4556020AB,4556020AB,Core Plug Cylinder Head Plug,https://www.moparamerica.com/oem-parts/mopar-core-plug-cylinder-head-plug-4556020ab
4609325AB,4609325AB,Engine Block Heater,https://www.moparamerica.com/oem-parts/mopar-engine-block-heater-4609325ab
4663722,4663722,Valve Spring Retainer Lock,https://www.moparamerica.com/oem-parts/mopar-valve-spring-retainer-lock-4663722
4726022AB,4726022AB,Engine Mount Bracket,https://www.moparamerica.com/oem-parts/mopar-engine-mount-bracket-4726022ab
4752463AB,4752463AB,Torque Converter Drive Plate,https://www.moparamerica.com/oem-parts/mopar-torque-converter-drive-plate-4752463ab
4752465AA,4752465AA,Flex Plate Or Flywheel Backing Plate,https://www.moparamerica.com/oem-parts/mopar-flex-plate-or-flywheel-backing-plate-4752465aa
5048025AA,5048025AA,Valve Guide Seal,https://www.moparamerica.com/oem-parts/mopar-valve-guide-seal-5048025aa
5090026AA,5090026AA,Engine Mount Heat Shield,https://www.moparamerica.com/oem-parts/mopar-engine-mount-heat-shield-5090026aa
5184060AN,5184060AN,Valve Spring,https://www.moparamerica.com/oem-parts/mopar-valve-spring-5184060an
5184086AH,5184086AH,Crankshaft Lower Bearing,https://www.moparamerica.com/oem-parts/mopar-crankshaft-lower-bearing-5184086ah
5184087AH,5184087AH,Crankshaft Lower Bearing,https://www.moparamerica.com/oem-parts/mopar-crankshaft-lower-bearing-5184087ah
5184088AH,5184088AH,Crankshaft Lower Bearing,https://www.moparamerica.com/oem-parts/mopar-crankshaft-lower-bearing-5184088ah
5184089AH,5184089AH,Crankshaft Lower Bearing,https://www.moparamerica.com/oem-parts/mopar-crankshaft-lower-bearing-5184089ah
5184090AH,5184090AH,Crankshaft Lower Bearing,https://www.moparamerica.com/oem-parts/mopar-crankshaft-lower-bearing-5184090ah
5184103AI,5184103AI,Crankshaft Upper Bearing,https://www.moparamerica.com/oem-parts/mopar-crankshaft-upper-bearing-5184103ai
5184104AI,5184104AI,Crankshaft Upper Bearing,https://www.moparamerica.com/oem-parts/mopar-crankshaft-upper-bearing-5184104ai
5184105AI,5184105AI,Crankshaft Upper Bearing,https://www.moparamerica.com/oem-parts/mopar-crankshaft-upper-bearing-5184105ai
5184106AI,5184106AI,Crankshaft Upper Bearing,https://www.moparamerica.com/oem-parts/mopar-crankshaft-upper-bearing-5184106ai
5184107AI,5184107AI,Crankshaft Upper Bearing,https://www.moparamerica.com/oem-parts/mopar-crankshaft-upper-bearing-5184107ai
5184126AB,5184126AB,Valve Spring Retainer,https://www.moparamerica.com/oem-parts/mopar-valve-spring-retainer-5184126ab
5184127AC,5184127AC,Intake Valve,https://www.moparamerica.com/oem-parts/mopar-intake-valve-5184127ac
5184128AE,5184128AE,Exhaust Valve,https://www.moparamerica.com/oem-parts/mopar-exhaust-valve-5184128ae
5184129AH,5184129AH,Thrust Bearing,https://www.moparamerica.com/oem-parts/mopar-thrust-bearing-5184129ah
5184167AB,5184167AB,Valve Spring Seat,https://www.moparamerica.com/oem-parts/mopar-valve-spring-seat-5184167ab
5184168AB,5184168AB,Valve Guide Seal,https://www.moparamerica.com/oem-parts/mopar-valve-guide-seal-5184168ab
5184251AI,5184251AI,Crankshaft,https://www.moparamerica.com/oem-parts/mopar-crankshaft-5184251ai
5184293AH,5184293AH,Crankshaft Damper,https://www.moparamerica.com/oem-parts/mopar-crankshaft-damper-5184293ah
5184296AH,5184296AH,2011 2020 Mopar Valve Rocker Arm,https://www.moparamerica.com/oem-parts/mopar-2011-2020-mopar-valve-rocker-arm-5184296ah
5184332AA,5184332AA,Valve Lash Adjuster,https://www.moparamerica.com/oem-parts/mopar-valve-lash-adjuster-5184332aa
5184377AH,5184377AH,Exhaust Camshaft Left Side,https://www.moparamerica.com/oem-parts/mopar-exhaust-camshaft-left-side-5184377ah
5184378AH,5184378AH,Exhaust Camshaft Right Side,https://www.moparamerica.com/oem-parts/mopar-exhaust-camshaft-right-side-5184378ah
5184379AH,5184379AH,Intake Camshaft Left Side,https://www.moparamerica.com/oem-parts/mopar-intake-camshaft-left-side-5184379ah
5184380AH,5184380AH,Intake Camshaft Right Side,https://www.moparamerica.com/oem-parts/mopar-intake-camshaft-right-side-5184380ah
5184436AD,5184436AD,Spark Plug Tube,https://www.moparamerica.com/oem-parts/mopar-spark-plug-tube-5184436ad
5184455AJ,5184455AJ,2011 2020 Mopar Cylinder Head Gasket Left Side,https://www.moparamerica.com/oem-parts/mopar-2011-2020-mopar-cylinder-head-gasket-left-side-5184455aj
5184456AI,5184456AI,2011 2020 Mopar Cylinder Head Gasket Right Side,https://www.moparamerica.com/oem-parts/mopar-2011-2020-mopar-cylinder-head-gasket-right-side-5184456ai
5184805AE,5184805AE,Make Up Air Hose,https://www.moparamerica.com/oem-parts/mopar-make-up-air-hose-5184805ae
5240849,5240849,Dowel Pin Mounting,https://www.moparamerica.com/oem-parts/mopar-dowel-pin-mounting-5240849
6036308AA,6036308AA,Core Plug Left Cylinder Head,https://www.moparamerica.com/oem-parts/mopar-core-plug-left-cylinder-head-6036308aa
6100997,6100997,Dowel Pin Camshaft Sprocket,https://www.moparamerica.com/oem-parts/mopar-dowel-pin-camshaft-sprocket-6100997
6101831,6101831,Skid Transfer Case Plate Kit,https://www.moparamerica.com/oem-parts/mopar-skid-transfer-case-plate-kit-6101831
6102019,6102019,Hex Head Bolt And Washer Mounting,https://www.moparamerica.com/oem-parts/mopar-hex-head-bolt-and-washer-mounting-6102019
6102439AA,6102439AA,Dowel Mounting,https://www.moparamerica.com/oem-parts/mopar-dowel-mounting-6102439aa
6104136AA,6104136AA,Pan Head Bolt Mounting,https://www.moparamerica.com/oem-parts/mopar-pan-head-bolt-mounting-6104136aa
6104221AA,6104221AA,Hex Flange Head Bolt,https://www.moparamerica.com/oem-parts/mopar-hex-flange-head-bolt-6104221aa
6104416AA,6104416AA,Hex Head Bolt And Washer Mounting,https://www.moparamerica.com/oem-parts/mopar-hex-head-bolt-and-washer-mounting-6104416aa
6105038AA,6105038AA,Hex Flange Head Bolt,https://www.moparamerica.com/oem-parts/mopar-hex-flange-head-bolt-6105038aa
6501957,6501957,Bolt,https://www.moparamerica.com/oem-parts/mopar-bolt-6501957
6503465,6503465,Hex Head Lock Bolt Mounting Automatic Transmission,https://www.moparamerica.com/oem-parts/mopar-hex-head-lock-bolt-mounting-automatic-transmission-6503465
6505653AA,6505653AA,Double Ended Stud Mounting,https://www.moparamerica.com/oem-parts/mopar-double-ended-stud-mounting-6505653aa
6505758AA,6505758AA,Pin Mounting,https://www.moparamerica.com/oem-parts/mopar-pin-mounting-6505758aa
6509170AA,6509170AA,Hex Head Bolt Mounting,https://www.moparamerica.com/oem-parts/mopar-hex-head-bolt-mounting-6509170aa
6509171AA,6509171AA,Hex Head Bolt Mounting,https://www.moparamerica.com/oem-parts/mopar-hex-head-bolt-mounting-6509171aa
6509210AA,6509210AA,Hex Head Bolt And Coned Washer Mounting Lower,https://www.moparamerica.com/oem-parts/mopar-hex-head-bolt-and-coned-washer-mounting-lower-6509210aa
6509258AA,6509258AA,Woodruff Key,https://www.moparamerica.com/oem-parts/mopar-woodruff-key-6509258aa
6509338AA,6509338AA,Hex Flange Head Bolt Mounting,https://www.moparamerica.com/oem-parts/mopar-hex-flange-head-bolt-mounting-6509338aa
6509455AA,6509455AA,6 Lobe Recessed Head Bolt Mounting Right Side Cylinder Head,https://www.moparamerica.com/oem-parts/mopar-6-lobe-recessed-head-bolt-mounting-right-side-cylinder-head-6509455aa
6509564AA,6509564AA,Hex Washer Head Bolt Mounting,https://www.moparamerica.com/oem-parts/mopar-hex-washer-head-bolt-mounting-6509564aa
6509565AA,6509565AA,Hex Flange Head Bolt Mounting Outboard,https://www.moparamerica.com/oem-parts/mopar-hex-flange-head-bolt-mounting-outboard-6509565aa
6509625AA,6509625AA,6 Lobe Screw And Washer,https://www.moparamerica.com/oem-parts/mopar-6-lobe-screw-and-washer-6509625aa
6510082AA,6510082AA,Pipe Plug,https://www.moparamerica.com/oem-parts/mopar-pipe-plug-6510082aa
6511682AA,6511682AA,Pipe Plug Rear,https://www.moparamerica.com/oem-parts/mopar-pipe-plug-rear-6511682aa
6511710AA,6511710AA,Hex Flange Head Bolt Mounting,https://www.moparamerica.com/oem-parts/mopar-hex-flange-head-bolt-mounting-6511710aa
6511874AA,6511874AA,Hex Flange Head Bolt Mounting Inboard,https://www.moparamerica.com/oem-parts/mopar-hex-flange-head-bolt-mounting-inboard-6511874aa
68083202AC,68083202AC,Pcv Valve,https://www.moparamerica.com/oem-parts/mopar-pcv-valve-68083202ac
68083745AA,68083745AA,Engine Block Heater Cord,https://www.moparamerica.com/oem-parts/mopar-engine-block-heater-cord-68083745aa
68088092AB,68088092AB,Piston Oil Cooler Jet,https://www.moparamerica.com/oem-parts/mopar-piston-oil-cooler-jet-68088092ab
68093232AA,68093232AA,Exhaust Flange To Cylinder Head Gasket,https://www.moparamerica.com/oem-parts/mopar-exhaust-flange-to-cylinder-head-gasket-68093232aa
68105837AA,68105837AA,Pcv Hose,https://www.moparamerica.com/oem-parts/mopar-pcv-hose-68105837aa
68141352AD,68141352AD,Cylinder Head Right Side,https://www.moparamerica.com/oem-parts/mopar-cylinder-head-right-side-68141352ad
68146903AB,68146903AB,Short Block Engine Pin Kit,https://www.moparamerica.com/oem-parts/mopar-short-block-engine-pin-kit-68146903ab
68223854AA,68223854AA,Crankshaft Rear Oil Retainer And Seal,https://www.moparamerica.com/oem-parts/mopar-crankshaft-rear-oil-retainer-and-seal-68223854aa
68227451AA,68227451AA,Cylinder Head Left Side,https://www.moparamerica.com/oem-parts/mopar-cylinder-head-left-side-68227451aa
R3620112AA,R3620112AA,Cylinder Head Right Side Remanufactured,https://www.moparamerica.com/oem-parts/mopar-cylinder-head-right-side-remanufactured-r3620112aa
SP149125AF,SP149125AF,Spark Plug,https://www.moparamerica.com/oem-parts/mopar-spark-plug-sp149125af
