model,trim,engine,category,part_number,normalized_part_number,description,detail,evidence_url
Chrysler 300,C,3.6L V6 Flex,3 0L Gas Engine / Cylinder Block,4609325AB,4609325AB,Engine Block Heater,![Image 14: Mopar](https://cdn-static.revolutionparts.io/assets/images/mopar.png)**Mopar** | *Notes:****Engines:** 3.0L V6 24V VVT ENGINE. 3.6L V6 24V VVT Engine. | *Description:** 2.7l. 3.5l. | MSRP  $108.00 | $70.07,https://www.moparamerica.com/v-2017-chrysler-300--c--3-6l-v6-flex/3-0l-gas-engine--cylinder-block
Chrysler 300,C,3.6L V6 Flex,3 0L Gas Engine / Cylinder Block,6501957,6501957,Bolt,![Image 16: Mopar](https://cdn-static.revolutionparts.io/assets/images/mopar.png)**Mopar** | *Notes:****Engines:** 3.0L V6 24V VVT ENGINE. 3.6L V6 24V VVT Engine. 5.7L V8 HEMI MDS VVT Engine. 6.4L V8 SRT HEMI MDS Engine. | MSRP  $3.20 | $2.04 | +,https://www.moparamerica.com/v-2017-chrysler-300--c--3-6l-v6-flex/3-0l-gas-engine--cylinder-block
Chrysler 300,C,3.6L V6 Flex,3 0L Gas Engine / Cylinder Block,68083745AA,68083745AA,Engine Block Heater Cord,![Image 12: Mopar](https://cdn-static.revolutionparts.io/assets/images/mopar.png)**Mopar** | *Notes:****Engines:** 3.0L V6 24V VVT ENGINE. 3.6L V6 24V VVT Engine. | MSRP  $121.00 | $77.72 | +,https://www.moparamerica.com/v-2017-chrysler-300--c--3-6l-v6-flex/3-0l-gas-engine--cylinder-block
Chrysler 300,C,3.6L V6 Flex,3 0L Gas Engine / Cylinder Head,68093232AA,68093232AA,Exhaust Flange To Cylinder Head Gasket,![Image 7: Mopar](https://cdn-static.revolutionparts.io/assets/images/mopar.png)**Mopar** | *Notes:****Engines:** 3.0L V6 24V VVT ENGINE. 3.6L V6 24V VVT Engine. | *Description:** To Cylinder Head. Exhaust Flange to Manifold. | MSRP  $25.00 | $16.50,https://www.moparamerica.com/v-2017-chrysler-300--c--3-6l-v6-flex/3-0l-gas-engine--cylinder-head
Chrysler 300,C,3.6L V6 Flex,3 0L Gas Engine / Engine Mounting,4726022AB,4726022AB,Engine Mount Bracket,![Image 27: Mopar](https://cdn-static.revolutionparts.io/assets/images/mopar.png)**Mopar** | *Positions:** Right | *Notes:****Engines:** 3.0L V6 24V VVT ENGINE. 3.6L V6 24V VVT Engine. | *Description:** Right Side. | MSRP  $135.00,https://www.moparamerica.com/v-2017-chrysler-300--c--3-6l-v6-flex/3-0l-gas-engine--engine-mounting
Chrysler 300,C,3.6L V6 Flex,3 0L Gas Engine / Engine Mounting,5090026AA,5090026AA,Engine Mount Heat Shield,![Image 19: Mopar](https://cdn-static.revolutionparts.io/assets/images/mopar.png)**Mopar** | *Notes:****Engines:** 3.0L V6 24V VVT ENGINE. 3.6L V6 24V VVT Engine. 5.7L V8 HEMI MDS VVT Engine. | MSRP  $33.65 | $22.00 | +,https://www.moparamerica.com/v-2017-chrysler-300--c--3-6l-v6-flex/3-0l-gas-engine--engine-mounting
Chrysler 300,C,3.6L V6 Flex,3 0L Gas Engine / Engine Mounting,6101831,6101831,Skid Transfer Case Plate Kit,![Image 17: Mopar](https://cdn-static.revolutionparts.io/assets/images/mopar.png)**Mopar** | *Notes:****Engines:** 3.0L V6 24V VVT ENGINE. 3.6L V6 24V VVT Engine. 5.7L V8 HEMI MDS VVT Engine. 6.4L V8 SRT HEMI MDS Engine. | MSRP  $9.35 | $6.16 | +,https://www.moparamerica.com/v-2017-chrysler-300--c--3-6l-v6-flex/3-0l-gas-engine--engine-mounting
Chrysler 300,C,3.6L V6 Flex,3 0L Gas Engine / Engine Mounting,6102019,6102019,Hex Head Bolt And Washer Mounting,![Image 25: Mopar](https://cdn-static.revolutionparts.io/assets/images/mopar.png)**Mopar** | MSRP  $3.65 | $2.31 | + | Add to Cart,https://www.moparamerica.com/v-2017-chrysler-300--c--3-6l-v6-flex/3-0l-gas-engine--engine-mounting
Chrysler 300,C,3.6L V6 Flex,3 0L Gas Engine / Engine Mounting,6104416AA,6104416AA,Hex Head Bolt And Washer Mounting,![Image 23: Mopar](https://cdn-static.revolutionparts.io/assets/images/mopar.png)**Mopar** | MSRP  $13.90 | $9.13 | + | Add to Cart,https://www.moparamerica.com/v-2017-chrysler-300--c--3-6l-v6-flex/3-0l-gas-engine--engine-mounting
Chrysler 300,C,3.6L V6 Flex,3 0L Gas Engine / Engine Mounting,6505653AA,6505653AA,Double Ended Stud Mounting,![Image 21: Mopar](https://cdn-static.revolutionparts.io/assets/images/mopar.png)**Mopar** | *Notes:****Engines:** 3.0L V6 24V VVT ENGINE. 3.6L V6 24V VVT Engine. 5.7L V8 HEMI MDS VVT Engine. 6.4L V8 SRT HEMI MDS Engine. | *Description:** Compressor Bracket and Belt Guide mounting. [m10x1.50x86.63]. [m10x1.50xm8x1.25x93.63]. Right Side. Engine Mount Bracket To Cylinder Block. | MSRP  $6.15 | $3.96,https://www.moparamerica.com/v-2017-chrysler-300--c--3-6l-v6-flex/3-0l-gas-engine--engine-mounting
Chrysler 300,C,3.6L V6 Flex,3 0L Gas Engine / Engine Oiling Oil Pan And Indicator Dipstick,6105038AA,6105038AA,Hex Flange Head Bolt,![Image 8: Mopar](https://cdn-static.revolutionparts.io/assets/images/mopar.png)**Mopar** | *Notes:****Engines:** 3.0L V6 24V VVT ENGINE. 3.6L V6 24V VVT Engine. | MSRP  $8.80 | $5.78 | +,https://www.moparamerica.com/v-2017-chrysler-300--c--3-6l-v6-flex/3-0l-gas-engine--engine-oiling-oil-pan-and-indicator-dipstick
Chrysler 300,C,3.6L V6 Flex,3 0L Gas Engine / Timing Belt Chain And Cover And Balance Shaft,6104221AA,6104221AA,Hex Flange Head Bolt,![Image 7: Mopar](https://cdn-static.revolutionparts.io/assets/images/mopar.png)**Mopar** | *Notes:****Engines:** 3.0L V6 24V VVT ENGINE. 3.6L V6 24V VVT Engine. 5.7L V8 HEMI MDS VVT Engine. 6.4L V8 SRT HEMI MDS Engine. | MSRP  $15.00 | $9.90 | +,https://www.moparamerica.com/v-2017-chrysler-300--c--3-6l-v6-flex/3-0l-gas-engine--timing-belt-chain-and-cover-and-balance-shaft
Chrysler 300,C,3.6L V6 Flex,3 6L Gas Engine / Camshaft And Valve,4663722,4663722,Valve Spring Retainer Lock,![Image 50: Mopar](https://cdn-static.revolutionparts.io/assets/images/mopar.png)**Mopar** | *Notes:****Engines:** 3.0L V6 24V VVT ENGINE. 3.6L V6 24V VVT Engine. | *Description:** Exhaust Valves. | MSRP  $3.65 | $2.31,https://www.moparamerica.com/v-2017-chrysler-300--c--3-6l-v6-flex/3-6l-gas-engine--camshaft-and-valve
Chrysler 300,C,3.6L V6 Flex,3 6L Gas Engine / Camshaft And Valve,5048025AA,5048025AA,Valve Guide Seal,![Image 58: Mopar](https://cdn-static.revolutionparts.io/assets/images/mopar.png)**Mopar** | *Notes:****Engines:** 3.6L V6 24V VVT Engine. | *Description:** But All One Color Must Be Used On The Cylinder Head At The Same Time.. Black. | MSRP  $4.95 | $3.25,https://www.moparamerica.com/v-2017-chrysler-300--c--3-6l-v6-flex/3-6l-gas-engine--camshaft-and-valve
Chrysler 300,C,3.6L V6 Flex,3 6L Gas Engine / Camshaft And Valve,5184060AN,5184060AN,Valve Spring,![Image 54: Mopar](https://cdn-static.revolutionparts.io/assets/images/mopar.png)**Mopar** | *Notes:****Engines:** 3.0L V6 24V VVT ENGINE. 3.6L V6 24V VVT Engine. | MSRP  $10.70 | $6.93 | +,https://www.moparamerica.com/v-2017-chrysler-300--c--3-6l-v6-flex/3-6l-gas-engine--camshaft-and-valve
Chrysler 300,C,3.6L V6 Flex,3 6L Gas Engine / Camshaft And Valve,5184126AB,5184126AB,Valve Spring Retainer,![Image 52: Mopar](https://cdn-static.revolutionparts.io/assets/images/mopar.png)**Mopar** | *Notes:****Engines:** 3.0L V6 24V VVT ENGINE. 3.6L V6 24V VVT Engine. | MSRP  $3.35 | $2.15 | +,https://www.moparamerica.com/v-2017-chrysler-300--c--3-6l-v6-flex/3-6l-gas-engine--camshaft-and-valve
Chrysler 300,C,3.6L V6 Flex,3 6L Gas Engine / Camshaft And Valve,5184127AC,5184127AC,Intake Valve,![Image 64: Mopar](https://cdn-static.revolutionparts.io/assets/images/mopar.png)**Mopar** | *Notes:****Engines:** 3.6L V6 24V VVT Engine. | *Description:** Standard. | MSRP  $25.00 | $16.50,https://www.moparamerica.com/v-2017-chrysler-300--c--3-6l-v6-flex/3-6l-gas-engine--camshaft-and-valve
Chrysler 300,C,3.6L V6 Flex,3 6L Gas Engine / Camshaft And Valve,5184128AE,5184128AE,Exhaust Valve,![Image 62: Mopar](https://cdn-static.revolutionparts.io/assets/images/mopar.png)**Mopar** | *Notes:****Engines:** 3.0L V6 24V VVT ENGINE. 3.6L V6 24V VVT Engine. | *Description:** Standard. | MSRP  $34.95 | $22.83,https://www.moparamerica.com/v-2017-chrysler-300--c--3-6l-v6-flex/3-6l-gas-engine--camshaft-and-valve
Chrysler 300,C,3.6L V6 Flex,3 6L Gas Engine / Camshaft And Valve,5184167AB,5184167AB,Valve Spring Seat,![Image 60: Mopar](https://cdn-static.revolutionparts.io/assets/images/mopar.png)**Mopar** | *Notes:****Engines:** 3.0L V6 24V VVT ENGINE. 3.6L V6 24V VVT Engine. | MSRP  $3.30 | $2.09 | +,https://www.moparamerica.com/v-2017-chrysler-300--c--3-6l-v6-flex/3-6l-gas-engine--camshaft-and-valve
Chrysler 300,C,3.6L V6 Flex,3 6L Gas Engine / Camshaft And Valve,5184168AB,5184168AB,Valve Guide Seal,![Image 56: Mopar](https://cdn-static.revolutionparts.io/assets/images/mopar.png)**Mopar** | *Notes:****Engines:** 3.0L V6 24V VVT ENGINE. 3.6L V6 24V VVT Engine. | *Description:** Brown. But All One Color Must Be Used On The Cylinder Head At The Same Time. | MSRP  $13.35 | $8.80,https://www.moparamerica.com/v-2017-chrysler-300--c--3-6l-v6-flex/3-6l-gas-engine--camshaft-and-valve
Chrysler 300,C,3.6L V6 Flex,3 6L Gas Engine / Camshaft And Valve,5184296AH,5184296AH,2011 2020 Mopar Valve Rocker Arm,![Image 46: Mopar](https://cdn-static.revolutionparts.io/assets/images/mopar.png)**Mopar** | *Notes:****Engines:** 3.0L V6 24V VVT ENGINE. 3.6L V6 24V VVT Engine. | *Description:** VALVE | MSRP  $30.00 | $19.80,https://www.moparamerica.com/v-2017-chrysler-300--c--3-6l-v6-flex/3-6l-gas-engine--camshaft-and-valve
Chrysler 300,C,3.6L V6 Flex,3 6L Gas Engine / Camshaft And Valve,5184332AA,5184332AA,Valve Lash Adjuster,![Image 48: Mopar](https://cdn-static.revolutionparts.io/assets/images/mopar.png)**Mopar** | *Notes:****Engines:** 3.0L V6 24V VVT ENGINE. 3.6L V6 24V VVT Engine. | *Description:** Exhaust. Intake. | MSRP  $26.70 | $17.60,https://www.moparamerica.com/v-2017-chrysler-300--c--3-6l-v6-flex/3-6l-gas-engine--camshaft-and-valve
Chrysler 300,C,3.6L V6 Flex,3 6L Gas Engine / Camshaft And Valve,5184377AH,5184377AH,Exhaust Camshaft Left Side,![Image 42: Mopar](https://cdn-static.revolutionparts.io/assets/images/mopar.png)**Mopar** | *Notes:****Engines:** 3.6L V6 24V VVT Engine. | *Description:** EXHAUST | MSRP  $553.00 | $361.90,https://www.moparamerica.com/v-2017-chrysler-300--c--3-6l-v6-flex/3-6l-gas-engine--camshaft-and-valve
Chrysler 300,C,3.6L V6 Flex,3 6L Gas Engine / Camshaft And Valve,5184378AH,5184378AH,Exhaust Camshaft Right Side,![Image 44: Mopar](https://cdn-static.revolutionparts.io/assets/images/mopar.png)**Mopar** | *Notes:****Engines:** 3.6L V6 24V VVT Engine. | *Description:** EXHAUST | MSRP  $541.00 | $353.10,https://www.moparamerica.com/v-2017-chrysler-300--c--3-6l-v6-flex/3-6l-gas-engine--camshaft-and-valve
Chrysler 300,C,3.6L V6 Flex,3 6L Gas Engine / Camshaft And Valve,5184379AH,5184379AH,Intake Camshaft Left Side,![Image 40: Mopar](https://cdn-static.revolutionparts.io/assets/images/mopar.png)**Mopar** | *Notes:****Engines:** 3.6L V6 24V VVT Engine. | *Description:** INTAKE | MSRP  $541.00 | $353.10,https://www.moparamerica.com/v-2017-chrysler-300--c--3-6l-v6-flex/3-6l-gas-engine--camshaft-and-valve
Chrysler 300,C,3.6L V6 Flex,3 6L Gas Engine / Camshaft And Valve,5184380AH,5184380AH,Intake Camshaft Right Side,![Image 38: Mopar](https://cdn-static.revolutionparts.io/assets/images/mopar.png)**Mopar** | *Notes:****Engines:** 3.6L V6 24V VVT Engine. | *Description:** INTAKE | MSRP  $541.00 | $353.10,https://www.moparamerica.com/v-2017-chrysler-300--c--3-6l-v6-flex/3-6l-gas-engine--camshaft-and-valve
Chrysler 300,C,3.6L V6 Flex,3 6L Gas Engine / Camshaft And Valve,6509455AA,6509455AA,6 Lobe Recessed Head Bolt Mounting Right Side Cylinder Head,"![Image 36: Mopar](https://cdn-static.revolutionparts.io/assets/images/mopar.png)**Mopar** | *Notes:****Engines:** 3.0L V6 24V VVT ENGINE. 3.6L V6 24V VVT Engine. | *Description:** Oil Pump Tensioner To Oil Pump. M6x1.00x34.00. Camshaqft Cap To Cylinder Head. Mounting Left Side, Camshaft Cap to Cylinder Head. | MSRP  $3.85 | $2.42",https://www.moparamerica.com/v-2017-chrysler-300--c--3-6l-v6-flex/3-6l-gas-engine--camshaft-and-valve
Chrysler 300,C,3.6L V6 Flex,3 6L Gas Engine / Crankcase Ventilation,5184805AE,5184805AE,Make Up Air Hose,![Image 13: Mopar](https://cdn-static.revolutionparts.io/assets/images/mopar.png)**Mopar** | *Notes:****Engines:** 3.0L V6 24V VVT ENGINE. 3.6L V6 24V VVT Engine. | *Description:** For Vehicles Built up to and Including 08-28-2013. | MSRP  $32.00 | $20.90,https://www.moparamerica.com/v-2017-chrysler-300--c--3-6l-v6-flex/3-6l-gas-engine--crankcase-ventilation
Chrysler 300,C,3.6L V6 Flex,3 6L Gas Engine / Crankcase Ventilation,6509625AA,6509625AA,6 Lobe Screw And Washer,![Image 19: Mopar](https://cdn-static.revolutionparts.io/assets/images/mopar.png)**Mopar** | *Notes:****Engines:** 3.0L V6 24V VVT ENGINE. 3.6L V6 24V VVT Engine. | *Description:** M5x0.8x15.00. PVC Valve to Right Hand Valve Cover. Actuator To Cylinder Head. M5x0.8x20. Footman Loop Attaching. PCV Valve To Cylinder Head. Actuater to valve cover. Frame Bracket. Footman Loop to Windshield. Lop to Windshield Frame. | MSRP  $3.45 | $2.26,https://www.moparamerica.com/v-2017-chrysler-300--c--3-6l-v6-flex/3-6l-gas-engine--crankcase-ventilation
Chrysler 300,C,3.6L V6 Flex,3 6L Gas Engine / Crankcase Ventilation,68083202AC,68083202AC,Pcv Valve,![Image 17: Mopar](https://cdn-static.revolutionparts.io/assets/images/mopar.png)**Mopar** | *Notes:****Engines:** 3.0L V6 24V VVT ENGINE. 3.6L V6 24V VVT Engine. | MSRP  $56.05 | $36.96 | +,https://www.moparamerica.com/v-2017-chrysler-300--c--3-6l-v6-flex/3-6l-gas-engine--crankcase-ventilation
Chrysler 300,C,3.6L V6 Flex,3 6L Gas Engine / Crankcase Ventilation,68105837AA,68105837AA,Pcv Hose,![Image 15: Mopar](https://cdn-static.revolutionparts.io/assets/images/mopar.png)**Mopar** | *Notes:****Engines:** 3.0L V6 24V VVT ENGINE. 3.6L V6 24V VVT Engine. | MSRP  $28.60 | $18.76 | +,https://www.moparamerica.com/v-2017-chrysler-300--c--3-6l-v6-flex/3-6l-gas-engine--crankcase-ventilation
Chrysler 300,C,3.6L V6 Flex,3 6L Gas Engine / Crankshaft Piston Drive Plate Flywheel And Damper,4752463AB,4752463AB,Torque Converter Drive Plate,![Image 82: Mopar](https://cdn-static.revolutionparts.io/assets/images/mopar.png)**Mopar** | *Notes:****Engines:** 3.0L V6 24V VVT ENGINE. 3.6L V6 24V VVT Engine. **Transmissions:** 8-SPD AUTO 845RE TRANS (MAKE). | MSRP  $72.55 | $47.69 | +,https://www.moparamerica.com/v-2017-chrysler-300--c--3-6l-v6-flex/3-6l-gas-engine--crankshaft-piston-drive-plate-flywheel-and-damper
Chrysler 300,C,3.6L V6 Flex,3 6L Gas Engine / Crankshaft Piston Drive Plate Flywheel And Damper,4752465AA,4752465AA,Flex Plate Or Flywheel Backing Plate,![Image 84: Mopar](https://cdn-static.revolutionparts.io/assets/images/mopar.png)**Mopar** | *Notes:****Engines:** 3.0L V6 24V VVT ENGINE. 3.6L V6 24V VVT Engine. **Transmissions:** 8-SPD AUTO 845RE TRANS (MAKE). | MSRP  $21.75 | $14.19 | +,https://www.moparamerica.com/v-2017-chrysler-300--c--3-6l-v6-flex/3-6l-gas-engine--crankshaft-piston-drive-plate-flywheel-and-damper
Chrysler 300,C,3.6L V6 Flex,3 6L Gas Engine / Crankshaft Piston Drive Plate Flywheel And Damper,5184086AH,5184086AH,Crankshaft Lower Bearing,![Image 46: Mopar](https://cdn-static.revolutionparts.io/assets/images/mopar.png)**Mopar** | *Notes:****Engines:** 3.6L V6 24V VVT Engine. | *Description:** +.0072mm. See Note. Class 1. | MSRP  $37.90 | $24.75,https://www.moparamerica.com/v-2017-chrysler-300--c--3-6l-v6-flex/3-6l-gas-engine--crankshaft-piston-drive-plate-flywheel-and-damper
Chrysler 300,C,3.6L V6 Flex,3 6L Gas Engine / Crankshaft Piston Drive Plate Flywheel And Damper,5184087AH,5184087AH,Crankshaft Lower Bearing,![Image 56: Mopar](https://cdn-static.revolutionparts.io/assets/images/mopar.png)**Mopar** | *Notes:****Engines:** 3.6L V6 24V VVT Engine. | *Description:** +.0036mm. See Note. Class 2. | MSRP  $36.80 | $24.04,https://www.moparamerica.com/v-2017-chrysler-300--c--3-6l-v6-flex/3-6l-gas-engine--crankshaft-piston-drive-plate-flywheel-and-damper
Chrysler 300,C,3.6L V6 Flex,3 6L Gas Engine / Crankshaft Piston Drive Plate Flywheel And Damper,5184088AH,5184088AH,Crankshaft Lower Bearing,![Image 70: Mopar](https://cdn-static.revolutionparts.io/assets/images/mopar.png)**Mopar** | *Notes:****Engines:** 3.6L V6 24V VVT Engine. | *Description:** Standard. See Note. Class 3. | MSRP  $47.65 | $31.24,https://www.moparamerica.com/v-2017-chrysler-300--c--3-6l-v6-flex/3-6l-gas-engine--crankshaft-piston-drive-plate-flywheel-and-damper
Chrysler 300,C,3.6L V6 Flex,3 6L Gas Engine / Crankshaft Piston Drive Plate Flywheel And Damper,5184089AH,5184089AH,Crankshaft Lower Bearing,![Image 60: Mopar](https://cdn-static.revolutionparts.io/assets/images/mopar.png)**Mopar** | *Notes:****Engines:** 3.6L V6 24V VVT Engine. | *Description:** -.0036mm. See Note. Class 4. | MSRP  $46.45 | $30.36,https://www.moparamerica.com/v-2017-chrysler-300--c--3-6l-v6-flex/3-6l-gas-engine--crankshaft-piston-drive-plate-flywheel-and-damper
Chrysler 300,C,3.6L V6 Flex,3 6L Gas Engine / Crankshaft Piston Drive Plate Flywheel And Damper,5184090AH,5184090AH,Crankshaft Lower Bearing,![Image 58: Mopar](https://cdn-static.revolutionparts.io/assets/images/mopar.png)**Mopar** | *Notes:****Engines:** 3.6L V6 24V VVT Engine. | *Description:** -.0072mm. See Note. Class 5. | MSRP  $34.85 | $22.77,https://www.moparamerica.com/v-2017-chrysler-300--c--3-6l-v6-flex/3-6l-gas-engine--crankshaft-piston-drive-plate-flywheel-and-damper
Chrysler 300,C,3.6L V6 Flex,3 6L Gas Engine / Crankshaft Piston Drive Plate Flywheel And Damper,5184103AI,5184103AI,Crankshaft Upper Bearing,![Image 50: Mopar](https://cdn-static.revolutionparts.io/assets/images/mopar.png)**Mopar** | *Notes:****Engines:** 3.6L V6 24V VVT Engine. | *Description:** +.0072mm. See Note. Class 1. | MSRP  $37.05 | $24.20,https://www.moparamerica.com/v-2017-chrysler-300--c--3-6l-v6-flex/3-6l-gas-engine--crankshaft-piston-drive-plate-flywheel-and-damper
Chrysler 300,C,3.6L V6 Flex,3 6L Gas Engine / Crankshaft Piston Drive Plate Flywheel And Damper,5184104AI,5184104AI,Crankshaft Upper Bearing,![Image 52: Mopar](https://cdn-static.revolutionparts.io/assets/images/mopar.png)**Mopar** | *Notes:****Engines:** 3.6L V6 24V VVT Engine. | *Description:** +.0036mm. See Note. Class 2. | MSRP  $36.80 | $24.04,https://www.moparamerica.com/v-2017-chrysler-300--c--3-6l-v6-flex/3-6l-gas-engine--crankshaft-piston-drive-plate-flywheel-and-damper
Chrysler 300,C,3.6L V6 Flex,3 6L Gas Engine / Crankshaft Piston Drive Plate Flywheel And Damper,5184105AI,5184105AI,Crankshaft Upper Bearing,![Image 68: Mopar](https://cdn-static.revolutionparts.io/assets/images/mopar.png)**Mopar** | *Notes:****Engines:** 3.6L V6 24V VVT Engine. | *Description:** Standard. See Note. Class 3. | MSRP  $47.65 | $31.24,https://www.moparamerica.com/v-2017-chrysler-300--c--3-6l-v6-flex/3-6l-gas-engine--crankshaft-piston-drive-plate-flywheel-and-damper
Chrysler 300,C,3.6L V6 Flex,3 6L Gas Engine / Crankshaft Piston Drive Plate Flywheel And Damper,5184106AI,5184106AI,Crankshaft Upper Bearing,![Image 54: Mopar](https://cdn-static.revolutionparts.io/assets/images/mopar.png)**Mopar** | *Notes:****Engines:** 3.6L V6 24V VVT Engine. | *Description:** -.0036mm. See Note. Class 4. | MSRP  $35.30 | $23.05,https://www.moparamerica.com/v-2017-chrysler-300--c--3-6l-v6-flex/3-6l-gas-engine--crankshaft-piston-drive-plate-flywheel-and-damper
Chrysler 300,C,3.6L V6 Flex,3 6L Gas Engine / Crankshaft Piston Drive Plate Flywheel And Damper,5184107AI,5184107AI,Crankshaft Upper Bearing,![Image 48: Mopar](https://cdn-static.revolutionparts.io/assets/images/mopar.png)**Mopar** | *Notes:****Engines:** 3.6L V6 24V VVT Engine. | *Description:** -.0072mm. See Note. Class 5. | MSRP  $34.40 | $22.44,https://www.moparamerica.com/v-2017-chrysler-300--c--3-6l-v6-flex/3-6l-gas-engine--crankshaft-piston-drive-plate-flywheel-and-damper
Chrysler 300,C,3.6L V6 Flex,3 6L Gas Engine / Crankshaft Piston Drive Plate Flywheel And Damper,5184129AH,5184129AH,Thrust Bearing,![Image 74: Mopar](https://cdn-static.revolutionparts.io/assets/images/mopar.png)**Mopar** | *Notes:****Engines:** 3.0L V6 24V VVT ENGINE. 3.6L V6 24V VVT Engine. | MSRP  $13.75 | $8.97 | +,https://www.moparamerica.com/v-2017-chrysler-300--c--3-6l-v6-flex/3-6l-gas-engine--crankshaft-piston-drive-plate-flywheel-and-damper
Chrysler 300,C,3.6L V6 Flex,3 6L Gas Engine / Crankshaft Piston Drive Plate Flywheel And Damper,5184251AI,5184251AI,Crankshaft,"![Image 72: Mopar](https://cdn-static.revolutionparts.io/assets/images/mopar.png)**Mopar** | *Notes:****Engines:** 3.6L V6 24V VVT Engine. | MSRP  $1,285.00 | $845.90 | +",https://www.moparamerica.com/v-2017-chrysler-300--c--3-6l-v6-flex/3-6l-gas-engine--crankshaft-piston-drive-plate-flywheel-and-damper
Chrysler 300,C,3.6L V6 Flex,3 6L Gas Engine / Crankshaft Piston Drive Plate Flywheel And Damper,5184293AH,5184293AH,Crankshaft Damper,![Image 64: Mopar](https://cdn-static.revolutionparts.io/assets/images/mopar.png)**Mopar** | *Notes:****Engines:** 3.0L V6 24V VVT ENGINE. 3.6L V6 24V VVT Engine. | MSRP  $410.00 | $270.60 | +,https://www.moparamerica.com/v-2017-chrysler-300--c--3-6l-v6-flex/3-6l-gas-engine--crankshaft-piston-drive-plate-flywheel-and-damper
Chrysler 300,C,3.6L V6 Flex,3 6L Gas Engine / Crankshaft Piston Drive Plate Flywheel And Damper,6503465,6503465,Hex Head Lock Bolt Mounting Automatic Transmission,![Image 86: Mopar](https://cdn-static.revolutionparts.io/assets/images/mopar.png)**Mopar** | *Notes:****Engines:** 3.0L V6 24V VVT ENGINE. 3.6L V6 24V VVT Engine. 5.7L V8 HEMI MDS VVT Engine. 6.4L V8 SRT HEMI MDS Engine. **Transmissions:** 8-SPD AUTO 845RE TRANS (MAKE). | *Description:** Torque Converter Drive Plate To Cylinder Block. [m6x1.00x90.00]. Mega Cab. M10x1.00x18.00. Quad Cab. Regular Cab. Plate To Crankshaft. | MSRP  $8.55 | $5.61,https://www.moparamerica.com/v-2017-chrysler-300--c--3-6l-v6-flex/3-6l-gas-engine--crankshaft-piston-drive-plate-flywheel-and-damper
Chrysler 300,C,3.6L V6 Flex,3 6L Gas Engine / Crankshaft Piston Drive Plate Flywheel And Damper,6509210AA,6509210AA,Hex Head Bolt And Coned Washer Mounting Lower,![Image 80: Mopar](https://cdn-static.revolutionparts.io/assets/images/mopar.png)**Mopar** | *Notes:****Engines:** 3.0L V6 24V VVT ENGINE. 3.6L V6 24V VVT Engine. | MSRP  $5.20 | $3.36 | +,https://www.moparamerica.com/v-2017-chrysler-300--c--3-6l-v6-flex/3-6l-gas-engine--crankshaft-piston-drive-plate-flywheel-and-damper
Chrysler 300,C,3.6L V6 Flex,3 6L Gas Engine / Crankshaft Piston Drive Plate Flywheel And Damper,6509258AA,6509258AA,Woodruff Key,![Image 66: Mopar](https://cdn-static.revolutionparts.io/assets/images/mopar.png)**Mopar** | *Notes:****Engines:** 3.0L V6 24V VVT ENGINE. 3.6L V6 24V VVT Engine. | *Description:** Damper To Crankshaft. | MSRP  $6.65 | $4.35,https://www.moparamerica.com/v-2017-chrysler-300--c--3-6l-v6-flex/3-6l-gas-engine--crankshaft-piston-drive-plate-flywheel-and-damper
Chrysler 300,C,3.6L V6 Flex,3 6L Gas Engine / Crankshaft Piston Drive Plate Flywheel And Damper,6509338AA,6509338AA,Hex Flange Head Bolt Mounting,![Image 76: Mopar](https://cdn-static.revolutionparts.io/assets/images/mopar.png)**Mopar** | *Notes:****Engines:** 3.0L V6 24V VVT ENGINE. 3.6L V6 24V VVT Engine. | *Description:** M6x1.00x19.00. Tone Ring Sensor To Crankshaft. | MSRP  $3.10 | $1.98,https://www.moparamerica.com/v-2017-chrysler-300--c--3-6l-v6-flex/3-6l-gas-engine--crankshaft-piston-drive-plate-flywheel-and-damper
Chrysler 300,C,3.6L V6 Flex,3 6L Gas Engine / Crankshaft Piston Drive Plate Flywheel And Damper,6511710AA,6511710AA,Hex Flange Head Bolt Mounting,![Image 62: Mopar](https://cdn-static.revolutionparts.io/assets/images/mopar.png)**Mopar** | *Notes:****Engines:** 3.0L V6 24V VVT ENGINE. 3.6L V6 24V VVT Engine. | *Description:** Damper To Crankshaft. M16x1.50x60.00. | MSRP  $19.45 | $12.76,https://www.moparamerica.com/v-2017-chrysler-300--c--3-6l-v6-flex/3-6l-gas-engine--crankshaft-piston-drive-plate-flywheel-and-damper
Chrysler 300,C,3.6L V6 Flex,3 6L Gas Engine / Crankshaft Piston Drive Plate Flywheel And Damper,68223854AA,68223854AA,Crankshaft Rear Oil Retainer And Seal,![Image 78: Mopar](https://cdn-static.revolutionparts.io/assets/images/mopar.png)**Mopar** | *Notes:****Engines:** 3.0L V6 24V VVT ENGINE. 3.6L V6 24V VVT Engine. | *Description:** CRANKSHAFT OIL SEAL RR | MSRP  $147.00 | $96.80,https://www.moparamerica.com/v-2017-chrysler-300--c--3-6l-v6-flex/3-6l-gas-engine--crankshaft-piston-drive-plate-flywheel-and-damper
Chrysler 300,C,3.6L V6 Flex,3 6L Gas Engine / Cylinder Block,4556020AB,4556020AB,Core Plug Cylinder Head Plug,![Image 65: Mopar](https://cdn-static.revolutionparts.io/assets/images/mopar.png)**Mopar** | *Notes:****Engines:** 3.0L V6 24V VVT ENGINE. 3.6L V6 24V VVT Engine. 5.7L V8 HEMI MDS VVT Engine. 6.4L V8 SRT HEMI MDS Engine. | *Description:** Water Jacket Core. Two [2] Per Cylinder Head. Coolant Front And Rear Of Cylinder Head. Back Of Lower Intake Manifold. Mega Cab. Oil Gallery. [1.25 Diameter]. 1 1/4. | MSRP  $7.20 | $4.62,https://www.moparamerica.com/v-2017-chrysler-300--c--3-6l-v6-flex/3-6l-gas-engine--cylinder-block
Chrysler 300,C,3.6L V6 Flex,3 6L Gas Engine / Cylinder Block,5240849,5240849,Dowel Pin Mounting,![Image 41: Mopar](https://cdn-static.revolutionparts.io/assets/images/mopar.png)**Mopar** | *Notes:****Engines:** 3.0L V6 24V VVT ENGINE. 3.6L V6 24V VVT Engine. 5.7L V8 HEMI MDS VVT Engine. 6.4L V8 SRT HEMI MDS Engine. | *Description:** All Plugs And Dowel Pins Must Be Installed On Cylinder Block Before Installing Engine. Item 13 Also Contained in Short Block Engine Kit. Mega Cab. Cylinder Block To Transaxle. Block To Transmission. Cylinder Block To Head. Engine Block To Clutch Housing. | MSRP  $9.65 | $6.33,https://www.moparamerica.com/v-2017-chrysler-300--c--3-6l-v6-flex/3-6l-gas-engine--cylinder-block
Chrysler 300,C,3.6L V6 Flex,3 6L Gas Engine / Cylinder Block,6100997,6100997,Dowel Pin Camshaft Sprocket,![Image 51: Mopar](https://cdn-static.revolutionparts.io/assets/images/mopar.png)**Mopar** | *Notes:****Engines:** 3.0L V6 24V VVT ENGINE. 3.6L V6 24V VVT Engine. | MSRP  $3.35 | $2.15 | +,https://www.moparamerica.com/v-2017-chrysler-300--c--3-6l-v6-flex/3-6l-gas-engine--cylinder-block
Chrysler 300,C,3.6L V6 Flex,3 6L Gas Engine / Cylinder Block,6102439AA,6102439AA,Dowel Mounting,"![Image 35: Mopar](https://cdn-static.revolutionparts.io/assets/images/mopar.png)**Mopar** | *Notes:****Engines:** 3.0L V6 24V VVT ENGINE. 3.6L V6 24V VVT Engine. | *Description:** Mounting, Transmission To Cylinder Block. Transmission To Engine. Transmisasion To Cylinder Block. | MSRP  $3.20 | $2.04",https://www.moparamerica.com/v-2017-chrysler-300--c--3-6l-v6-flex/3-6l-gas-engine--cylinder-block
Chrysler 300,C,3.6L V6 Flex,3 6L Gas Engine / Cylinder Block,6104136AA,6104136AA,Pan Head Bolt Mounting,![Image 57: Mopar](https://cdn-static.revolutionparts.io/assets/images/mopar.png)**Mopar** | *Notes:****Engines:** 3.0L V6 24V VVT ENGINE. 3.6L V6 24V VVT Engine. | *Description:** Front Splash Shield To Oil Pump. M5x.08x16.00. Piston Oil Cooler Jet. Door Handle to Door M5x16. | MSRP  $8.95 | $5.83,https://www.moparamerica.com/v-2017-chrysler-300--c--3-6l-v6-flex/3-6l-gas-engine--cylinder-block
Chrysler 300,C,3.6L V6 Flex,3 6L Gas Engine / Cylinder Block,6505758AA,6505758AA,Pin Mounting,![Image 53: Mopar](https://cdn-static.revolutionparts.io/assets/images/mopar.png)**Mopar** | *Notes:****Engines:** 3.0L V6 24V VVT ENGINE. 3.6L V6 24V VVT Engine. | *Description:** All Plugs And Dowel Pins Must Be Installed On Cylinder Block Before Installing Engine.. Tensioner Arm. Item 13 Also Contained in Short Block Engine Kit. Panel Attaching Pins. Timing Chain Drive. Timing Chain Guide. | MSRP  $5.40 | $3.47,https://www.moparamerica.com/v-2017-chrysler-300--c--3-6l-v6-flex/3-6l-gas-engine--cylinder-block
Chrysler 300,C,3.6L V6 Flex,3 6L Gas Engine / Cylinder Block,6509170AA,6509170AA,Hex Head Bolt Mounting,![Image 49: Mopar](https://cdn-static.revolutionparts.io/assets/images/mopar.png)**Mopar** | *Notes:****Engines:** 3.0L V6 24V VVT ENGINE. 3.6L V6 24V VVT Engine. | *Description:** M8x1.25x58.00. Main Bearing Cross To Cylinder Block. | MSRP  $3.55 | $2.26,https://www.moparamerica.com/v-2017-chrysler-300--c--3-6l-v6-flex/3-6l-gas-engine--cylinder-block
Chrysler 300,C,3.6L V6 Flex,3 6L Gas Engine / Cylinder Block,6509171AA,6509171AA,Hex Head Bolt Mounting,"![Image 47: Mopar](https://cdn-static.revolutionparts.io/assets/images/mopar.png)**Mopar** | *Notes:****Engines:** 3.0L V6 24V VVT ENGINE. 3.6L V6 24V VVT Engine. | *Description:** Mounting, Main Bearing Crossbar To Cylinder Block. Pump Bracket To Engine. M8x1.25x40.00. Tensioner Bracket To Cylinder Head. Main Bearing Cap Cross Bar To Cylinder Block. | MSRP  $3.55 | $2.26",https://www.moparamerica.com/v-2017-chrysler-300--c--3-6l-v6-flex/3-6l-gas-engine--cylinder-block
Chrysler 300,C,3.6L V6 Flex,3 6L Gas Engine / Cylinder Block,6509210AA,6509210AA,Hex Head Bolt And Coned Washer Mounting Lower,![Image 45: Mopar](https://cdn-static.revolutionparts.io/assets/images/mopar.png)**Mopar** | *Notes:****Engines:** 3.0L V6 24V VVT ENGINE. 3.6L V6 24V VVT Engine. | MSRP  $5.20 | $3.36 | +,https://www.moparamerica.com/v-2017-chrysler-300--c--3-6l-v6-flex/3-6l-gas-engine--cylinder-block
Chrysler 300,C,3.6L V6 Flex,3 6L Gas Engine / Cylinder Block,6509565AA,6509565AA,Hex Flange Head Bolt Mounting Outboard,![Image 63: Mopar](https://cdn-static.revolutionparts.io/assets/images/mopar.png)**Mopar** | *Notes:****Engines:** 3.0L V6 24V VVT ENGINE. 3.6L V6 24V VVT Engine. | *Description:** M8x1.25x97.00. Main Bearing Cap To Cylinder block. | MSRP  $4.90 | $3.14,https://www.moparamerica.com/v-2017-chrysler-300--c--3-6l-v6-flex/3-6l-gas-engine--cylinder-block
Chrysler 300,C,3.6L V6 Flex,3 6L Gas Engine / Cylinder Block,6510082AA,6510082AA,Pipe Plug,![Image 37: Mopar](https://cdn-static.revolutionparts.io/assets/images/mopar.png)**Mopar** | *Notes:****Engines:** 3.0L V6 24V VVT ENGINE. 3.6L V6 24V VVT Engine. | *Description:** M24x1.50. All Plugs And Dowel Pins Must Be Installed On Cylinder Block Before Installing Engine.. Coolant Drain. Main Oil Gallery. Oil Control Valve. Item 13 Also Contained in Short Block Engine Kit. Coolant Passage. Oil Gallery Side Of Cylinder Block. Rear Of Cylinder Block. | MSRP  $9.25 | $6.00,https://www.moparamerica.com/v-2017-chrysler-300--c--3-6l-v6-flex/3-6l-gas-engine--cylinder-block
Chrysler 300,C,3.6L V6 Flex,3 6L Gas Engine / Cylinder Block,6511682AA,6511682AA,Pipe Plug Rear,![Image 39: Mopar](https://cdn-static.revolutionparts.io/assets/images/mopar.png)**Mopar** | *Notes:****Engines:** 3.6L V6 24V VVT Engine. | *Description:** M24x1.50. Item 13 Pin Kit Also Contained in Short Block Engine Kit. All Plugs And Dowel Pins Must Be Installed On Cylinder Block Before Installing Engine.. New Updated Plug In Rear Of Cylinder Block. Oil Gallery Rear.,https://www.moparamerica.com/v-2017-chrysler-300--c--3-6l-v6-flex/3-6l-gas-engine--cylinder-block
Chrysler 300,C,3.6L V6 Flex,3 6L Gas Engine / Cylinder Block,6511874AA,6511874AA,Hex Flange Head Bolt Mounting Inboard,![Image 61: Mopar](https://cdn-static.revolutionparts.io/assets/images/mopar.png)**Mopar** | *Notes:****Engines:** 3.0L V6 24V VVT ENGINE. 3.6L V6 24V VVT Engine. | *Description:** Inner Main Bearing Cap To Cylinder Block. Inboard Main Bearing Cap To Cylinder Block. M11x1.50x94.00. | MSRP  $6.85 | $4.40,https://www.moparamerica.com/v-2017-chrysler-300--c--3-6l-v6-flex/3-6l-gas-engine--cylinder-block
Chrysler 300,C,3.6L V6 Flex,3 6L Gas Engine / Cylinder Block,68088092AB,68088092AB,Piston Oil Cooler Jet,![Image 59: Mopar](https://cdn-static.revolutionparts.io/assets/images/mopar.png)**Mopar** | *Notes:****Engines:** 3.0L V6 24V VVT ENGINE. 3.6L V6 24V VVT Engine. | *Description:** PISTON OIL COOLER | MSRP  $15.40 | $10.07,https://www.moparamerica.com/v-2017-chrysler-300--c--3-6l-v6-flex/3-6l-gas-engine--cylinder-block
Chrysler 300,C,3.6L V6 Flex,3 6L Gas Engine / Cylinder Block,68146903AB,68146903AB,Short Block Engine Pin Kit,![Image 55: Mopar](https://cdn-static.revolutionparts.io/assets/images/mopar.png)**Mopar** | *Notes:****Engines:** 3.0L V6 24V VVT ENGINE. 3.6L V6 24V VVT Engine. | *Description:** Item 13 Pin Kit Also Contained in Short Block Engine Kit. All Plugs And Dowel Pins Must Be Installed On Cylinder Block Before Installing Engine.. Included With Short Block Engine. MUST Be Installed On Cylinder Block Before Engine Is Installed. | MSRP  $22.50 | $14.69,https://www.moparamerica.com/v-2017-chrysler-300--c--3-6l-v6-flex/3-6l-gas-engine--cylinder-block
Chrysler 300,C,3.6L V6 Flex,3 6L Gas Engine / Cylinder Block,68223854AA,68223854AA,Crankshaft Rear Oil Retainer And Seal,![Image 43: Mopar](https://cdn-static.revolutionparts.io/assets/images/mopar.png)**Mopar** | *Notes:****Engines:** 3.0L V6 24V VVT ENGINE. 3.6L V6 24V VVT Engine. | *Description:** CRANKSHAFT OIL SEAL RR | MSRP  $147.00 | $96.80,https://www.moparamerica.com/v-2017-chrysler-300--c--3-6l-v6-flex/3-6l-gas-engine--cylinder-block
Chrysler 300,C,3.6L V6 Flex,3 6L Gas Engine / Cylinder Head,4556020AB,4556020AB,Core Plug Cylinder Head Plug,![Image 53: Mopar](https://cdn-static.revolutionparts.io/assets/images/mopar.png)**Mopar** | *Notes:****Engines:** 3.0L V6 24V VVT ENGINE. 3.6L V6 24V VVT Engine. 5.7L V8 HEMI MDS VVT Engine. 6.4L V8 SRT HEMI MDS Engine. | *Description:** Water Jacket Core. Two [2] Per Cylinder Head. Coolant Front And Rear Of Cylinder Head. Back Of Lower Intake Manifold. Mega Cab. Oil Gallery. [1.25 Diameter]. 1 1/4. | MSRP  $7.20 | $4.62,https://www.moparamerica.com/v-2017-chrysler-300--c--3-6l-v6-flex/3-6l-gas-engine--cylinder-head
Chrysler 300,C,3.6L V6 Flex,3 6L Gas Engine / Cylinder Head,4663722,4663722,Valve Spring Retainer Lock,![Image 63: Mopar](https://cdn-static.revolutionparts.io/assets/images/mopar.png)**Mopar** | *Notes:****Engines:** 3.0L V6 24V VVT ENGINE. 3.6L V6 24V VVT Engine. | *Description:** Exhaust Valves. | MSRP  $3.65 | $2.31,https://www.moparamerica.com/v-2017-chrysler-300--c--3-6l-v6-flex/3-6l-gas-engine--cylinder-head
Chrysler 300,C,3.6L V6 Flex,3 6L Gas Engine / Cylinder Head,5048025AA,5048025AA,Valve Guide Seal,![Image 71: Mopar](https://cdn-static.revolutionparts.io/assets/images/mopar.png)**Mopar** | *Notes:****Engines:** 3.6L V6 24V VVT Engine. | *Description:** But All One Color Must Be Used On The Cylinder Head At The Same Time.. Black. | MSRP  $4.95 | $3.25,https://www.moparamerica.com/v-2017-chrysler-300--c--3-6l-v6-flex/3-6l-gas-engine--cylinder-head
Chrysler 300,C,3.6L V6 Flex,3 6L Gas Engine / Cylinder Head,5184060AN,5184060AN,Valve Spring,![Image 67: Mopar](https://cdn-static.revolutionparts.io/assets/images/mopar.png)**Mopar** | *Notes:****Engines:** 3.0L V6 24V VVT ENGINE. 3.6L V6 24V VVT Engine. | MSRP  $10.70 | $6.93 | +,https://www.moparamerica.com/v-2017-chrysler-300--c--3-6l-v6-flex/3-6l-gas-engine--cylinder-head
Chrysler 300,C,3.6L V6 Flex,3 6L Gas Engine / Cylinder Head,5184126AB,5184126AB,Valve Spring Retainer,![Image 65: Mopar](https://cdn-static.revolutionparts.io/assets/images/mopar.png)**Mopar** | *Notes:****Engines:** 3.0L V6 24V VVT ENGINE. 3.6L V6 24V VVT Engine. | MSRP  $3.35 | $2.15 | +,https://www.moparamerica.com/v-2017-chrysler-300--c--3-6l-v6-flex/3-6l-gas-engine--cylinder-head
Chrysler 300,C,3.6L V6 Flex,3 6L Gas Engine / Cylinder Head,5184127AC,5184127AC,Intake Valve,![Image 75: Mopar](https://cdn-static.revolutionparts.io/assets/images/mopar.png)**Mopar** | *Notes:****Engines:** 3.6L V6 24V VVT Engine. | *Description:** Standard. | MSRP  $25.00 | $16.50,https://www.moparamerica.com/v-2017-chrysler-300--c--3-6l-v6-flex/3-6l-gas-engine--cylinder-head
Chrysler 300,C,3.6L V6 Flex,3 6L Gas Engine / Cylinder Head,5184128AE,5184128AE,Exhaust Valve,![Image 77: Mopar](https://cdn-static.revolutionparts.io/assets/images/mopar.png)**Mopar** | *Notes:****Engines:** 3.0L V6 24V VVT ENGINE. 3.6L V6 24V VVT Engine. | *Description:** Standard. | MSRP  $34.95 | $22.83,https://www.moparamerica.com/v-2017-chrysler-300--c--3-6l-v6-flex/3-6l-gas-engine--cylinder-head
Chrysler 300,C,3.6L V6 Flex,3 6L Gas Engine / Cylinder Head,5184167AB,5184167AB,Valve Spring Seat,![Image 73: Mopar](https://cdn-static.revolutionparts.io/assets/images/mopar.png)**Mopar** | *Notes:****Engines:** 3.0L V6 24V VVT ENGINE. 3.6L V6 24V VVT Engine. | MSRP  $3.30 | $2.09 | +,https://www.moparamerica.com/v-2017-chrysler-300--c--3-6l-v6-flex/3-6l-gas-engine--cylinder-head
Chrysler 300,C,3.6L V6 Flex,3 6L Gas Engine / Cylinder Head,5184168AB,5184168AB,Valve Guide Seal,![Image 69: Mopar](https://cdn-static.revolutionparts.io/assets/images/mopar.png)**Mopar** | *Notes:****Engines:** 3.0L V6 24V VVT ENGINE. 3.6L V6 24V VVT Engine. | *Description:** Brown. But All One Color Must Be Used On The Cylinder Head At The Same Time. | MSRP  $13.35 | $8.80,https://www.moparamerica.com/v-2017-chrysler-300--c--3-6l-v6-flex/3-6l-gas-engine--cylinder-head
Chrysler 300,C,3.6L V6 Flex,3 6L Gas Engine / Cylinder Head,5184436AD,5184436AD,Spark Plug Tube,![Image 83: Mopar](https://cdn-static.revolutionparts.io/assets/images/mopar.png)**Mopar** | *Notes:****Engines:** 3.0L V6 24V VVT ENGINE. 3.6L V6 24V VVT Engine. | MSRP  $14.45 | $9.35 | +,https://www.moparamerica.com/v-2017-chrysler-300--c--3-6l-v6-flex/3-6l-gas-engine--cylinder-head
Chrysler 300,C,3.6L V6 Flex,3 6L Gas Engine / Cylinder Head,5184455AJ,5184455AJ,2011 2020 Mopar Cylinder Head Gasket Left Side,![Image 79: Mopar](https://cdn-static.revolutionparts.io/assets/images/mopar.png)**Mopar** | *Notes:****Engines:** 3.6L V6 24V VVT Engine. | *Description:** NOT Included With Long Block Engine Install Kit. | MSRP  $13.10 | $8.64,https://www.moparamerica.com/v-2017-chrysler-300--c--3-6l-v6-flex/3-6l-gas-engine--cylinder-head
Chrysler 300,C,3.6L V6 Flex,3 6L Gas Engine / Cylinder Head,5184456AI,5184456AI,2011 2020 Mopar Cylinder Head Gasket Right Side,![Image 81: Mopar](https://cdn-static.revolutionparts.io/assets/images/mopar.png)**Mopar** | *Notes:****Engines:** 3.6L V6 24V VVT Engine. | *Description:** NOT Included With Long Block Engine Install Kit. | MSRP  $104.00 | $68.20,https://www.moparamerica.com/v-2017-chrysler-300--c--3-6l-v6-flex/3-6l-gas-engine--cylinder-head
Chrysler 300,C,3.6L V6 Flex,3 6L Gas Engine / Cylinder Head,5240849,5240849,Dowel Pin Mounting,![Image 61: Mopar](https://cdn-static.revolutionparts.io/assets/images/mopar.png)**Mopar** | *Notes:****Engines:** 3.0L V6 24V VVT ENGINE. 3.6L V6 24V VVT Engine. 5.7L V8 HEMI MDS VVT Engine. 6.4L V8 SRT HEMI MDS Engine. | *Description:** All Plugs And Dowel Pins Must Be Installed On Cylinder Block Before Installing Engine. Item 13 Also Contained in Short Block Engine Kit. Mega Cab. Cylinder Block To Transaxle. Block To Transmission. Cylinder Block To Head. Engine Block To Clutch Housing. | MSRP  $9.65 | $6.33,https://www.moparamerica.com/v-2017-chrysler-300--c--3-6l-v6-flex/3-6l-gas-engine--cylinder-head
Chrysler 300,C,3.6L V6 Flex,3 6L Gas Engine / Cylinder Head,6036308AA,6036308AA,Core Plug Left Cylinder Head,![Image 55: Mopar](https://cdn-static.revolutionparts.io/assets/images/mopar.png)**Mopar** | *Notes:****Engines:** 3.0L V6 24V VVT ENGINE. 3.6L V6 24V VVT Engine. 5.7L V8 HEMI MDS VVT Engine. 6.4L V8 SRT HEMI MDS Engine. | *Description:** Oil Gallery In In Cylinder Head Valley. Also Serviced With Item 1. Chain Case Cover and. Also serviced wih Cover. Oil Gallery Block Off. [.375x18x.475]-. 375-18x.475. Cylinder Block Gallery. Water Jacket. | MSRP  $4.80 | $3.14,https://www.moparamerica.com/v-2017-chrysler-300--c--3-6l-v6-flex/3-6l-gas-engine--cylinder-head
Chrysler 300,C,3.6L V6 Flex,3 6L Gas Engine / Cylinder Head,6509455AA,6509455AA,6 Lobe Recessed Head Bolt Mounting Right Side Cylinder Head,"![Image 57: Mopar](https://cdn-static.revolutionparts.io/assets/images/mopar.png)**Mopar** | *Notes:****Engines:** 3.0L V6 24V VVT ENGINE. 3.6L V6 24V VVT Engine. | *Description:** Oil Pump Tensioner To Oil Pump. M6x1.00x34.00. Camshaqft Cap To Cylinder Head. Mounting Left Side, Camshaft Cap to Cylinder Head. | MSRP  $3.85 | $2.42",https://www.moparamerica.com/v-2017-chrysler-300--c--3-6l-v6-flex/3-6l-gas-engine--cylinder-head
Chrysler 300,C,3.6L V6 Flex,3 6L Gas Engine / Cylinder Head,6509564AA,6509564AA,Hex Washer Head Bolt Mounting,![Image 51: Mopar](https://cdn-static.revolutionparts.io/assets/images/mopar.png)**Mopar** | *Notes:****Engines:** 3.0L V6 24V VVT ENGINE. 3.6L V6 24V VVT Engine. | *Description:** Cylinder Head To Cylinder Block. M12x1.50x130.00. | MSRP  $8.45 | $5.56,https://www.moparamerica.com/v-2017-chrysler-300--c--3-6l-v6-flex/3-6l-gas-engine--cylinder-head
Chrysler 300,C,3.6L V6 Flex,3 6L Gas Engine / Cylinder Head,68093232AA,68093232AA,Exhaust Flange To Cylinder Head Gasket,![Image 59: Mopar](https://cdn-static.revolutionparts.io/assets/images/mopar.png)**Mopar** | *Notes:****Engines:** 3.0L V6 24V VVT ENGINE. 3.6L V6 24V VVT Engine. | *Description:** To Cylinder Head. Exhaust Flange to Manifold. | MSRP  $25.00 | $16.50,https://www.moparamerica.com/v-2017-chrysler-300--c--3-6l-v6-flex/3-6l-gas-engine--cylinder-head
Chrysler 300,C,3.6L V6 Flex,3 6L Gas Engine / Cylinder Head,68141352AD,68141352AD,Cylinder Head Right Side,"![Image 45: Mopar](https://cdn-static.revolutionparts.io/assets/images/mopar.png)**Mopar** | *Notes:****Engines:** 3.6L V6 24V VVT Engine. | *Description:** With Valves. Remanufactured Cylinder Heads Include Cylinder Head Gasket. WARNING: Cylinder Heads Are Shipped WITHOUT Oil Gallery Bolts/Plugs, Bolt/Plug Kit 68154699AA MUST Be Used Or Trouble Codes Will Be Set. New Part For Core Return. | MSRP  $1,240.00 | $1,023.00",https://www.moparamerica.com/v-2017-chrysler-300--c--3-6l-v6-flex/3-6l-gas-engine--cylinder-head
Chrysler 300,C,3.6L V6 Flex,3 6L Gas Engine / Cylinder Head,68227451AA,68227451AA,Cylinder Head Left Side,![Image 49: Mopar](https://cdn-static.revolutionparts.io/assets/images/mopar.png)**Mopar** | *Notes:****Engines:** 3.6L V6 24V VVT Engine. | *Description:** With Valves. Remanufactured Cylinder Heads Include Cylinder Head Gasket.,https://www.moparamerica.com/v-2017-chrysler-300--c--3-6l-v6-flex/3-6l-gas-engine--cylinder-head
Chrysler 300,C,3.6L V6 Flex,3 6L Gas Engine / Cylinder Head,R3620112AA,R3620112AA,Cylinder Head Right Side Remanufactured,"![Image 47: Mopar](https://cdn-static.revolutionparts.io/assets/images/mopar.png)**Mopar** | *Notes:****Engines:** 3.6L V6 24V VVT Engine. | *Description:** With Valves. WARNING: Cylinder Heads Are Shipped WITHOUT Oil Gallery Bolts/Plugs, Bolt/Plug Kit 68154699AA MUST Be Used Or Trouble Codes Will Be Set. | MSRP  $880.00 | $723.80",https://www.moparamerica.com/v-2017-chrysler-300--c--3-6l-v6-flex/3-6l-gas-engine--cylinder-head
Chrysler 300,C,3.6L V6 Flex,3 6L Gas Engine / Cylinder Head,SP149125AF,SP149125AF,Spark Plug,![Image 85: Mopar](https://cdn-static.revolutionparts.io/assets/images/mopar.png)**Mopar** | *Notes:****Engines:** 3.0L V6 24V VVT ENGINE. 3.6L V6 24V VVT Engine. | *Description:** NONE | MSRP  $31.25 | $20.63,https://www.moparamerica.com/v-2017-chrysler-300--c--3-6l-v6-flex/3-6l-gas-engine--cylinder-head
